UWORD __chip land[]=
{
   0x0000,0x337F,0x7F5D,0x3B7F,0xCD80,0x80D8,0x8080,0xB8A2,0xA5D4,0xE3DC,
   0xEDE6,0xFBF5,0xFCF5,0xF804,0x0A0F,0x1C16,0x2A36,0x424F,0x5C56,0x6258,
   0x5964,0x5C62,0x6262,0x5E56,0x544E,0x4B43,0x3832,0x3727,0x2316,0x1212,
   0x0702,0xFAF4,0xE8E6,0xD6D6,0xCFC3,0xBFAA,0xAAA7,0xA297,0x9295,0x9285,
   0x8784,0x8582,0x8789,0x95A2,0xA4A9,0xA8AF,0xB3BA,0xC6CE,0xD2DC,0xE2E6,
   0xEAF2,0xFA06,0x131B,0x262B,0x3542,0x494E,0x5658,0x6366,0x686F,0x7274,
   0x787A,0x7576,0x7272,0x6D6A,0x6768,0x6457,0x5349,0x4545,0x3C36,0x2E2B,
   0x251C,0x140E,0x0802,0xF5F2,0xEAE6,0xDFD5,0xD4CB,0xC8C2,0xBEB7,0xB4B2,
   0xA8A8,0xA5A6,0xA8AF,0xB3B6,0xB8BE,0xC1C2,0xC6CD,0xCED4,0xD8DE,0xE5EA,
   0xEFF3,0xF7FA,0x0209,0x1418,0x1F24,0x2E34,0x363A,0x3C42,0x4343,0x4444,
   0x423F,0x3C3A,0x3A38,0x3732,0x2E29,0x2422,0x1813,0x0F0C,0x06FE,0xF8F6,
   0xF2EA,0xE8E3,0xDEDA,0xD9D5,0xD3CF,0xC8C8,0xC5BF,0xBBB8,0xB9B6,0xB6B4,
   0xB3B4,0xB4B4,0xB4B5,0xB4B4,0xB6B6,0xB5B8,0xBBC2,0xC7CC,0xD4DA,0xE2E8,
   0xEFF4,0xF7FA,0x060D,0x151A,0x242A,0x3236,0x3A3F,0x4247,0x4952,0x555A,
   0x6165,0x686B,0x6E72,0x7274,0x7372,0x726F,0x6A68,0x6764,0x625A,0x5753,
   0x524C,0x4642,0x3A34,0x2C26,0x1F16,0x0F08,0x04FF,0xF5F2,0xE8E4,0xDED6,
   0xD3CC,0xC8C4,0xC2BF,0xBAB8,0xB6B3,0xAFAB,0xA8A6,0xA5A4,0xA4A4,0xA5A5,
   0xA8AA,0xACAF,0xB2B6,0xB8BE,0xC2C4,0xC6C9,0xCDD2,0xD6DA,0xE2E6,0xECF4,
   0xF8FF,0x040A,0x1216,0x191A,0x2326,0x2B32,0x3537,0x3A42,0x4344,0x4546,
   0x4647,0x4747,0x4648,0x494A,0x4B4A,0x4B49,0x4947,0x4444,0x423A,0x3634,
   0x2F29,0x2522,0x1B16,0x130E,0x0805,0x02FC,0xF6F2,0xECE7,0xE2DD,0xD7D3,
   0xCEC8,0xC6C2,0xBFBC,0xB9B6,0xB4B3,0xAFAD,0xACAA,0xABAB,0xAAAA,0xABAC,
   0xAFAF,0xB2B3,0xB4B5,0xB6B8,0xBABC,0xBFC2,0xC6C9,0xCCD3,0xD6DA,0xDFE4,
   0xE8EE,0xF2F6,0xFAFF,0x0308,0x0C12,0x1517,0x1A22,0x2629,0x2F33,0x383E,
   0x4246,0x494E,0x5355,0x585A,0x5A5C,0x5F60,0x6464,0x6666,0x6666,0x6664,
   0x6463,0x625F,0x5A58,0x5652,0x4F4A,0x4845,0x423E,0x3835,0x2F2A,0x2622,
   0x1B16,0x120B,0x0602,0xFBF5,0xF2EC,0xE7E3,0xDED9,0xD6D3,0xCFCA,0xC8C5,
   0xC3BF,0xB9B7,0xB4B3,0xAFAB,0xAAA8,0xA7A6,0xA6A5,0xA5A6,0xA8A8,0xA8A8,
   0xAAAA,0xADAF,0xB2B4,0xB6B9,0xBEC2,0xC5C8,0xCCD2,0xD4D8,0xDADF,0xE2E7,
   0xEAEF,0xF3F7,0xFA02,0x0508,0x0C12,0x1518,0x1D22,0x2428,0x2A2E,0x3234,
   0x3738,0x3C3E,0x3F42,0x4445,0x4546,0x4848,0x494A,0x4B4C,0x4E4E,0x4F4E,
   0x524F,0x4F4E,0x4E4C,0x4C4A,0x4846,0x4442,0x3F3A,0x3836,0x3432,0x2E2A,
   0x2624,0x221B,0x1614,0x0E08,0x05FF,0xF9F6,0xF2EE,0xE8E6,0xE3DF,0xDAD7,
   0xD4D3,0xCECA,0xC8C6,0xC3BF,0xBBBA,0xB8B6,0xB4B3,0xB2B2,0xAFAD,0xACAE,
   0xADAE,0xAAA6,0xACAC,0xABAE,0xAFB2,0xB3B4,0xB6B6,0xB8BA,0xBCBF,0xBEC2,
   0xC4C6,0xC7C9,0xCDCF,0xD3D6,0xD9DE,0xE2E5,0xE7EA,0xEFF2,0xF5F9,0xFE02,
   0x060A,0x0E14,0x161A,0x1F22,0x262A,0x2E32,0x3536,0x3A3C,0x3F42,0x4446,
   0x4648,0x4A4A,0x4C4E,0x4D4E,0x4F50,0x5252,0x5252,0x524F,0x4E4E,0x4E4C,
   0x4C4A,0x4A48,0x4646,0x4443,0x423E,0x3A38,0x3635,0x3432,0x2F2C,0x2A28,
   0x2725,0x2322,0x1F1A,0x1817,0x1413,0x0E0C,0x0806,0x0402,0xFEF8,0xF5F2,
   0xEFEA,0xE8E5,0xE4DF,0xDBD8,0xD7D4,0xD2CE,0xCAC8,0xC6C4,0xC2BF,0xBBBA,
   0xB9B7,0xB5B5,0xB4B4,0xB4B4,0xB4B4,0xB5B5,0xB6B6,0xB8B8,0xBABB,0xBCBE,
   0xBFC2,0xC4C5,0xC6C8,0xCACB,0xCDCF,0xD2D4,0xD5D7,0xD9DB,0xDEE2,0xE4E6,
   0xE8EB,0xEFEE,0xECF5,0xF6F6,0xFAFE,0xFF02,0x0506,0x0809,0x0B0E,0x0F12,
   0x1516,0x191B,0x1F22,0x2628,0x2A2C,0x3234,0x3536,0x3A3B,0x3E41,0x4444,
   0x4646,0x484A,0x4A4C,0x4E4E,0x4D4E,0x4E4E,0x4E4E,0x4D4C,0x4C4B,0x4A49,
   0x4846,0x4644,0x4442,0x3E3A,0x3937,0x3534,0x322E,0x2A28,0x2624,0x231E,
   0x1A18,0x1613,0x0F0C,0x0906,0x0402,0xFEF9,0xF6F5,0xF2EF,0xEAE8,0xE7E4,
   0xE2DF,0xDBD9,0xD8D6,0xD4D3,0xD2CF,0xCCCC,0xCAC9,0xC8C8,0xC6C5,0xC4C3,
   0xC2C2,0xBFBC,0xBCBB,0xBABA,0xB8B8,0xB8B8,0xB7B6,0xB7B6,0xB7B6,0xB6B7,
   0xB8B8,0xBABA,0xBCBE,0xBEC2,0xC3C4,0xC6C8,0xC9CA,0xCECF,0xD2D4,0xD6D8,
   0xDBDD,0xE2E4,0xE6E8,0xEBEE,0xF2F5,0xF6F8,0xFD02,0x0506,0x0A0E,0x1214,
   0x1618,0x1A1D,0x2224,0x2626,0x282A,0x2C2F,0x2F32,0x3435,0x3637,0x383A,
   0x3B3B,0x3C3F,0x3E3F,0x3E41,0x4242,0x4242,0x4242,0x3F3D,0x3E3C,0x3C3C,
   0x3C3C,0x3C3A,0x3A3A,0x3939,0x3838,0x3838,0x3736,0x3635,0x3434,0x3433,
   0x322F,0x2C2C,0x2B2A,0x2826,0x2524,0x2222,0x1C1A,0x1817,0x1514,0x0F0E,
   0x0C0A,0x0806,0x0403,0x02FE,0xFAF8,0xF7F5,0xF4F3,0xF2EE,0xEBE9,0xE8E6,
   0xE4E3,0xE2DF,0xDBDA,0xDAD7,0xD6D6,0xD5D4,0xD2D2,0xCFCD,0xCCCB,0xCAC9,
   0xC8C8,0xC7C6,0xC6C6,0xC6C5,0xC6C5,0xC4C4,0xC4C4,0xC5C5,0xC5C6,0xC6C7,
   0xC7C8,0xC8CA,0xCACC,0xCECE,0xCFCF,0xD2D3,0xD4D5,0xD6D7,0xD8DB,0xDADD,
   0xDEE2,0xE3E4,0xE5E6,0xE7E8,0xEAEC,0xEEEF,0xF2F4,0xF5F6,0xF8F9,0xFAFD,
   0xFF02,0x0406,0x0608,0x0A0B,0x0C0E,0x0F12,0x1415,0x1618,0x191A,0x1D1E,
   0x2223,0x2324,0x2526,0x2628,0x2A2A,0x2B2B,0x2C2E,0x2E32,0x3232,0x3332,
   0x3434,0x3434,0x3434,0x3535,0x3636,0x3636,0x3737,0x3636,0x3838,0x3736,
   0x3636,0x3636,0x3535,0x3434,0x3433,0x3332,0x2E2D,0x2C2A,0x2828,0x2625,
   0x2423,0x221F,0x1B1A,0x1918,0x1714,0x1413,0x0F0E,0x0C0A,0x0A08,0x0605,
   0x0402,0xFFFC,0xFAF8,0xF8F6,0xF4F4,0xF2EF,0xECEC,0xEAE8,0xE7E5,0xE4E4,
   0xE2E2,0xDFDC,0xDBD9,0xD8D7,0xD6D6,0xD5D4,0xD4D3,0xD2D2,0xCFCE,0xCFCD,
   0xCDCC,0xCCCC,0xCBCA,0xCBCB,0xCCCC,0xCCCC,0xCCCC,0xCCCD,0xCECF,0xCFCF,
   0xCED2,0xD2D2,0xD2D4,0xD4D4,0xD4D4,0xD5D5,0xD6D6,0xD8D9,0xDADA,0xDCDB,
   0xDCDF,0xDEE2,0xE2E3,0xE4E5,0xE6E7,0xE7E8,0xECED,0xEDEF,0xEFF2,0xF4F5,
   0xF6F8,0xFAFB,0xFCFF,0xFF02,0x0506,0x0708,0x0A0B,0x0C0E,0x0F12,0x1415,
   0x1516,0x1718,0x1A1A,0x1B1E,0x1F1E,0x2223,0x2324,0x2526,0x2626,0x2828,
   0x2A2A,0x2A2B,0x2C2E,0x2E2E,0x2E2F,0x2F2F,0x3132,0x3232,0x3232,0x3232,
   0x3232,0x3232,0x2F2E,0x2E2E,0x2E2D,0x2C2B,0x2A2B,0x2A2A,0x2A29,0x2928,
   0x2928,0x2726,0x2625,0x2524,0x2423,0x2222,0x221F,0x1C1C,0x1A1A,0x1818,
   0x1616,0x1514,0x1414,0x0F0D,0x0E0C,0x0B0A,0x0A08,0x0807,0x0604,0x0404,
   0x0302,0xFFFC,0xFBFA,0xF8F7,0xF6F6,0xF4F4,0xF3F2,0xEFED,0xEDEB,0xEAEA,
   0xE8E7,0xE5E5,0xE4E4,0xE2E2,0xDFDD,0xDEDC,0xDBD9,0xD9D8,0xD8D7,0xD6D5,
   0xD5D4,0xD4D4,0xD3D2,0xD2D4,0xD4D2,0xCFCF,0xCFCF,0xCFCF,0xCFCF,0xCFCF,
   0xCFCF,0xCFD2,0xD3D3,0xD3D3,0xD4D4,0xD5D4,0xD6D6,0xD7D8,0xDADA,0xDBDA,
   0xDEDF,0xDFE2,0xE3E4,0xE5E6,0xE6E8,0xE9EA,0xEAEC,0xEEEE,0xEFF2,0xF3F5,
   0xF6F6,0xF7F6,0xF8FA,0xFBFB,0xFDFE,0x0203,0x0304,0x0505,0x0608,0x0808,
   0x0A0A,0x0C0C,0x0D0E,0x0F0F,0x1213,0x1414,0x1515,0x1617,0x1618,0x191A,
   0x1A1B,0x1C1E,0x1E1E,0x2222,0x2323,0x2324,0x2524,0x2526,0x2626,0x2627,
   0x2728,0x2A2A,0x2A2A,0x2A2B,0x2B2B,0x2C2C,0x2D2C,0x2E2C,0x2D2C,0x2C2C,
   0x2C2C,0x2C2C,0x2B2A,0x2C2B,0x2A29,0x2A28,0x2828,0x2726,0x2626,0x2625,
   0x2524,0x2424,0x2423,0x2222,0x2222,0x1F1C,0x1C1C,0x1A19,0x1818,0x1716,
   0x1615,0x1413,0x120F,0x0D0D,0x0B0A,0x0808,0x0704,0x0403,0x02FF,0xFAFB,
   0xF9F8,0xF7F6,0xF6F4,0xF2F2,0xF2EE,0xECEB,0xEAE9,0xE8E7,0xE6E5,0xE4E3,
   0xE2DF,0xDCDE,0xDBDA,0xDAD9,0xD9D9,0xD7D7,0xD6D6,0xD6D6,0xD4D6,0xD6D5,
   0xD6D6,0xD6D6,0xD5D6,0xD6D6,0xD6D7,0xD7D8,0xD8D8,0xD8D8,0xD9DA,0xDADA,
   0xDBDC,0xDCDE,0xDEDE,0xDEE2,0xE2DF,0xE2E2,0xDFE2,0xE3E2,0xE3E4,0xE4E5,
   0xE5E5,0xE6E5,0xE6E6,0xE6E8,0xE8E7,0xE8EA,0xEAEA,0xEDEC,0xEEEE,0xECEF,
   0xF1F2,0xF2F4,0xF4F4,0xF5F5,0xF6F6,0xF7F6,0xF8F9,0xF9FA,0xFAFC,0xFCFE,
   0xFE02,0x0403,0x0404,0x0506,0x0706,0x0708,0x0A0A,0x0C0E,0x0E0F,0x0F12,
   0x1514,0x1516,0x1716,0x1819,0x191A,0x1B1B,0x1C1F,0x1E1E,0x2223,0x2323,
   0x2424,0x2424,0x2525,0x2525,0x2526,0x2626,0x2626,0x2626,0x2526,0x2626,
   0x2625,0x2525,0x2524,0x2424,0x2424,0x2424,0x2322,0x2222,0x2222,0x221F,
   0x1C1E,0x1D1B,0x1A1C,0x1C1A,0x1A1A,0x1A18,0x1918,0x1818,0x1716,0x1616,
   0x1616,0x1515,0x1414,0x1514,0x1313,0x1212,0x1312,0x1212,0x0F0E,0x0C0C,
   0x0C0A,0x0A0A,0x0908,0x0706,0x0605,0x0504,0x0403,0x0202,0xFFFD,0xFEFC,
   0xFDFB,0xFAF9,0xF8F8,0xF8F7,0xF5F6,0xF4F4,0xF4F3,0xF2F2,0xEFEE,0xEFED,
   0xEDEA,0xEAEA,0xEAE8,0xE8E7,0xE6E6,0xE6E6,0xE5E5,0xE4E5,0xE5E4,0xE3E3,
   0xE2E2,0xE2E2,0xE2E2,0xE2E2,0xE2E2,0xE2E2,0xE2E2,0xE2E2,0xE2E2,0xDFDF,
   0xDFE1,0xE2E2,0xE3E2,0xE3E4,0xE4E3,0xE4E4,0xE4E4,0xE4E4,0xE5E4,0xE5E5,
   0xE4E6,0xE6E6,0xE6E6,0xE6E6,0xE7E8,0xE8E8,0xE9E8,0xE9E9,0xEAEA,0xEBE9,
   0xEAEC,0xECEC,0xECED,0xEDEE,0xECEE,0xECEE,0xEEEE,0xEEEF,0xEFEF,0xF2F2,
   0xF3F3,0xF4F5,0xF5F4,0xF6F4,0xF6F7,0xF8F9,0xFAFB,0xFBFD,0xFEFF,0x0204,
   0x0305,0x0606,0x0708,0x0A0B,0x0C0F,0x0F12,0x1314,0x1415,0x1617,0x1819,
   0x191A,0x1B1C,0x1E1E,0x1E22,0x2222,0x2323,0x2224,0x2424,0x2424,0x2425,
   0x2424,0x2426,0x2525,0x2626,0x2626,0x2625,0x2626,0x2625,0x2525,0x2525,
   0x2425,0x2525,0x2425,0x2524,0x2524,0x2424,0x2523,0x2324,0x2323,0x2222,
   0x2222,0x2222,0x1F1E,0x1E1D,0x1D1C,0x1A1A,0x1C1A,0x1818,0x1816,0x1615,
   0x1414,0x1413,0x1212,0x120F,0x0C0C,0x0C0B,0x0A0A,0x0808,0x0807,0x0606,
   0x0504,0x0405,0x0303,0x0402,0x02FF,0xFCFE,0xFCFB,0xFAFA,0xF9F9,0xF9F8,
   0xF8F8,0xF7F6,0xF5F6,0xF5F4,0xF4F4,0xF4F3,0xF2F2,0xEFEE,0xEEEC,0xEEEB,
   0xEAEA,0xEAE9,0xE8E9,0xE8E8,0xE7E6,0xE6E6,0xE5E4,0xE4E5,0xE4E3,0xE2E2,
   0xE2E2,0xE2E2,0xE2DF,0xDEDE,0xDADC,0xDCDA,0xDADA,0xDAD9,0xDAD8,0xD9D9,
   0xD9D9,0xD8D8,0xD8D8,0xD8D8,0xD8D8,0xD9DA,0xD8DA,0xDADA,0xDADC,0xDDDE,
   0xDFDE,0xE2E2,0xE3E4,0xE4E6,0xE6E7,0xE8EA,0xEAEB,0xECEF,0xEDF2,0xF2F3,
   0xF3F4,0xF5F5,0xF6F8,0xFAF9,0xFAFB,0xFCFE,0xFEFF,0xFE02,0x0303,0x0404,
   0x0505,0x0606,0x0606,0x0706,0x0707,0x0707,0x0809,0x0908,0x0A0A,0x0A0A,
   0x0A0A,0x0A0A,0x0A09,0x090A,0x0A0A,0x090A,0x0A0A,0x0A0A,0x0A0A,0x0B0A,
   0x090A,0x0B0A,0x0B0B,0x0B0E,0x0E0E,0x0E0F,0x0F0F,0x0F12,0x1213,0x1212,
   0x1414,0x1515,0x1616,0x1718,0x1918,0x1A1A,0x1A1C,0x1C1D,0x1D1E,0x2222,
   0x2223,0x2323,0x2424,0x2524,0x2525,0x2526,0x2425,0x2524,0x2425,0x2426,
   0x2524,0x2525,0x2524,0x2425,0x2424,0x2223,0x2222,0x221F,0x1C1D,0x1C1E,
   0x1B18,0x1918,0x1817,0x1615,0x1514,0x1413,0x120F,0x0F0E,0x0C0C,0x0C0A,
   0x0908,0x0807,0x0505,0x0504,0x0402,0x0202,0xFEFC,0xFDFA,0xF9F8,0xF8F7,
   0xF7F6,0xF6F5,0xF5F4,0xF4F4,0xF3F2,0xF2F2,0xF2F2,0xEFED,0xEFEE,0xEEEE,
   0xECEC,0xECEC,0xEBEB,0xEAEA,0xEAE9,0xEAEA,0xE9E9,0xEBE9,0xEAEA,0xEAE8,
   0xEAE9,0xE9E8,0xE8E8,0xE8E7,0xE7E6,0xE7E7,0xE6E7,0xE6E6,0xE5E5,0xE5E4,
   0xE5E4,0xE4E4,0xE4E4,0xE3E3,0xE2E3,0xE5E4,0xE3E3,0xE3E3,0xE3E2,0xE3E2,
   0xE3E3,0xE3E4,0xE4E4,0xE4E5,0xE5E5,0xE4E6,0xE6E6,0xE6E6,0xE6E7,0xE7E8,
   0xEAEA,0xEAEA,0xEBEB,0xEBEA,0xEDED,0xEDEE,0xEFEE,0xF2F2,0xF3F4,0xF4F4,
   0xF5F6,0xF6F6,0xF7F8,0xF9FA,0xFAFB,0xFBFC,0xFEFF,0x0003,0x0203,0x0405,
   0x0504,0x0606,0x0606,0x0808,0x090A,0x0A0A,0x0B0D,0x0E0E,0x0F12,0x1212,
   0x1314,0x1414,0x1515,0x1515,0x1616,0x1617,0x1618,0x1818,0x1818,0x1817,
   0x1818,0x1716,0x1818,0x1716,0x1716,0x1617,0x1616,0x1516,0x1616,0x1515,
   0x1615,0x1415,0x1414,0x1414,0x1414,0x1414,0x1414,0x1414,0x1313,0x1213,
   0x1313,0x1213,0x1214,0x1414,0x1514,0x1414,0x1414,0x1415,0x1414,0x1414,
   0x1515,0x1415,0x1515,0x1515,0x1414,0x1415,0x1414,0x1414,0x1414,0x1414,
   0x1414,0x1414,0x1312,0x1312,0x1312,0x1212,0x1212,0x120F,0x0F0E,0x0E0F,
   0x0E0E,0x0E0C,0x0C0C,0x0C0A,0x0909,0x0909,0x0706,0x0606,0x0606,0x0504,
   0x0302,0x02FF,0xFCFC,0xFBFA,0xF9F8,0xF8F7,0xF6F5,0xF6F5,0xF3F4,0xF2F2,
   0xEFEE,0xEEED,0xECEC,0xEBE9,0xEAEA,0xEAEA,0xEAE8,0xE8E8,0xE8E8,0xE8E8,
   0xE8E8,0xE8E8,0xE8E9,0xEAE9,0xEAEA,0xEAEA,0xEBEA,0xEBEA,0xEAEB,0xEAEB,
   0xECEC,0xECED,0xECED,0xEEEE,0xECED,0xECEE,0xECEC,0xECEC,0xECED,0xECEE,
   0xECEE,0xECEE,0xEDEC,0xEDEC,0xECEC,0xECEC,0xECED,0xECEC,0xEDEC,0xEDEC,
   0xEEED,0xEEEE,0xEEEE,0xEFEF,0xEFEF,0xEFEF,0xF2F3,0xF2F4,0xF4F5,0xF6F6,
   0xF5F6,0xF5F7,0xF6F7,0xF8FA,0xFAFC,0xFBFB,0xFCFD,0xFEFE,0x0102,0x0304,
   0x0303,0x0405,0x0406,0x0606,0x0606,0x0606,0x0708,0x0808,0x0809,0x0908,
   0x0908,0x0808,0x080A,0x0A08,0x0909,0x0809,0x0909,0x0908,0x0909,0x0A0A,
   0x0B0A,0x0A0B,0x0A0C,0x0A0A,0x0B0C,0x0C0B,0x0A0C,0x0C0C,0x0D0D,0x0E0E,
   0x0F0D,0x0F0F,0x0E0F,0x0F12,0x1212,0x1212,0x1312,0x1313,0x1414,0x1414,
   0x1416,0x1616,0x1616,0x1617,0x1618,0x1819,0x191A,0x1A1A,0x1A1A,0x1B1A,
   0x1A1C,0x1C1C,0x1C1C,0x1B1C,0x1B1C,0x1E1C,0x1B1C,0x1C1C,0x1B1B,0x1B1B,
   0x191A,0x1A18,0x1918,0x1818,0x1817,0x1616,0x1617,0x1616,0x1616,0x1414,
   0x1414,0x1412,0x120F,0x0E0E,0x0E0D,0x0B0A,0x0A0A,0x0807,0x0606,0x0605,
   0x0404,0x0403,0x02FF,0xFDFC,0xFBFA,0xF9F9,0xF8F6,0xF5F5,0xF3F3,0xF3F2,
   0xF2EF,0xECEE,0xECEB,0xEAEA,0xEAEA,0xEAE8,0xE8E8,0xE8E7,0xE6E7,0xE6E7,
   0xE6E6,0xE6E6,0xE6E6,0xE6E6,0xE6E6,0xE6E6,0xE6E6,0xE6E7,0xE6E7,0xE7E8,
   0xE8E8,0xE8E9,0xEAE9,0xE9E9,0xEAEA,0xEAEA,0xEBEA,0xECEC,0xECEC,0xECED,
   0xECEE,0xEFEC,0xEEEE,0xEEEE,0xEEEE,0xEFEE,0xEFEF,0xEFEF,0xEFEF,0xF2F2,
   0xF2F2,0xF2F2,0xF2F3,0xF2F3,0xF3F3,0xF4F4,0xF4F5,0xF4F5,0xF6F6,0xF6F6,
   0xF6F6,0xF6F7,0xF8F8,0xF9F9,0xF9F9,0xFAFA,0xFAFC,0xFCFC,0xFEFC,0xFEFE,
   0xFEFF,0xFF00,0x0302,0x0303,0x0304,0x0404,0x0404,0x0405,0x0505,0x0606,
   0x0606,0x0606,0x0707,0x0708,0x0908,0x0808,0x0908,0x0909,0x0A0A,0x0A0A,
   0x0A0A,0x0A0B,0x0A0C,0x0C0C,0x0B0C,0x0C0C,0x0C0D,0x0C0D,0x0C0E,0x0E0E,
   0x0E0E,0x0F0E,0x0E0E,0x0E0E,0x0E0F,0x0E0F,0x0E0F,0x0E0F,0x0F0E,0x0F0F,
   0x0F0F,0x0E0F,0x0E0F,0x0E0E,0x0E0E,0x0E0E,0x0E0E,0x0E0D,0x0D0C,0x0E0D,
   0x0C0C,0x0C0D,0x0B0B,0x0B0B,0x0A0B,0x0A0A,0x0A0A,0x0A0A,0x0A0A,0x0A0A,
   0x0A0A,0x0808,0x0809,0x0808,0x0808,0x0808,0x0808,0x0706,0x0606,0x0606,
   0x0606,0x0605,0x0505,0x0504,0x0404,0x0504,0x0404,0x0404,0x0303,0x0202,
   0x0202,0x0202,0x0202,0x02FF,0xFDFF,0xFDFE,0xFEFE,0xFCFE,0xFCFE,0xFCFC,
   0xFCFD,0xFCFC,0xFCFC,0xFCFB,0xFAFA,0xFBFA,0xFAFA,0xFAFA,0xFAFA,0xFAFA,
   0xFAF9,0xFAF9,0xF9F8,0xF9F9,0xF8F8,0xF8F8,0xF8F8,0xF8F8,0xF8F8,0xF8F8,
   0xF8F8,0xF8F9,0xF8F8,0xF8F8,0xF8F8,0xF8F8,0xF8F8,0xF8F8,0xF9F8,0xF9F8,
   0xF8F9,0xF8F9,0xF8F8,0xF8F9,0xF8F9,0xF8F9,0xF8F9,0xF8FA,0xF9F8,0xF9F8,
   0xF9F9,0xF9F9,0xF9F9,0xF9FA,0xF9FA,0xFAF9,0xFAFA,0xFAFA,0xFAFA,0xFAFA,
   0xFAFA,0xFAFA,0xFAFA,0xFAFA,0xFBFA,0xFCFC,0xFBFB,0xFBFB,0xFBFB,0xFCFC,
   0xFCFC,0xFCFC,0xFCFD,0xFCFE,0xFEFE,0xFCFE,0xFDFE,0xFEFE,0xFEFE,0xFEFF,
   0xFEFF,0xFEFF,0x0003,0x0202,0x0202,0x0202,0x0202,0x0202,0x0202,0x0202,
   0x0202,0x0302,0x0202,0x0203,0x0303,0x0303,0x0303,0x0303,0x0304,0x0304,
   0x0404,0x0404,0x0404,0x0404,0x0404,0x0404,0x0404,0x0404,0x0404,0x0404,
   0x0404,0x0404,0x0404,0x0404,0x0404,0x0404,0x0404,0x0505,0x0404,0x0404,
   0x0404,0x0404,0x0404,0x0404,0x0404,0x0404,0x0404,0x0404,0x0404,0x0404,
   0x0404,0x0404,0x0404,0x0404,0x0404,0x0404,0x0404,0x0404,0x0404,0x0404,
   0x0404,0x0404,0x0404,0x0405,0x0504,0x0404,0x0404,0x0404,0x0404,0x0404,
   0x0404,0x0404,0x0504,0x0404,0x0404,0x0404,0x0404,0x0404,0x0404,0x0404,
   0x0404,0x0404,0x0404,0x0404,0x0404,0x0404,0x0404,0x0404,0x0404,0x0404,
   0x0404,0x0404,0x0404,0x0404,0x0404,0x0404,0x0404,0x0404,0x0404,0x0403,
},

boing[]=
{
   0x0000,0x0000,0xFBF7,0x00FF,0xF5F3,0xECE8,0xFD35,0x5D4A,0x03AD,0x8080,
   0x94DC,0x2B64,0x7F7F,0x4F07,0xC98B,0x8080,0xBEFF,0x3162,0x7F72,0x3C05,
   0xC78B,0x809A,0xD905,0x3564,0x6E44,0x1AF1,0xAD85,0x98C7,0xF11C,0x4866,
   0x6A48,0x0FE0,0xBCA3,0xA5D9,0x142D,0x3C62,0x680F,0x8980,0x8BE6,0x4A7F,
   0x7F73,0x29C2,0x8080,0x8080,0xC72B,0x7F7F,0x7F62,0x20C2,0x8080,0x80A5,
   0x095F,0x7F7F,0x7F3A,0xDE92,0x8080,0x8DE6,0x3573,0x7F7F,0x5309,0xB380,
   0x8080,0xC418,0x5779,0x7F62,0x26D1,0x8980,0x81A3,0xEA44,0x6C66,0x4A1E,
   0xEF13,0x4F0F,0xBE80,0x8080,0xB80D,0x6A7F,0x7F7F,0x4CEF,0x9880,0x8080,
   0xCF18,0x597F,0x7F60,0x24CB,0x8080,0x8087,0xDC22,0x537D,0x7F62,0x16D5,
   0xA380,0x8098,0xEA2F,0x516E,0x734C,0x03CB,0xADA0,0x98B6,0xFF3E,0x5966,
   0x5F24,0x9E80,0x80C4,0x297D,0x7F7F,0x48E6,0x9080,0x8080,0xB613,0x687F,
   0x7F73,0x31CB,0x8080,0x8090,0xF74D,0x7F7F,0x7F57,0x01BC,0x8080,0x80B6,
   0x0B5F,0x7F7F,0x7F40,0xD598,0x8380,0x80C9,0x144A,0x737D,0x5913,0xC792,
   0x8081,0xA7EA,0x2D60,0x6A39,0x052D,0x6039,0xE487,0x8080,0x80C2,0x2D7F,
   0x7F7F,0x7F3C,0xD380,0x8080,0x8BDE,0x397F,0x7F7F,0x6E20,0xB480,0x8080,
   0x9AEC,0x467F,0x7F7F,0x5718,0xB380,0x8087,0xC007,0x4D7F,0x7F73,0x3E0B,
   0xC480,0x8090,0xC2FD,0x4070,0x7F62,0xF180,0x80A0,0xE446,0x7F7F,0x6A27,
   0xD18E,0x8080,0x89D9,0x276C,0x7F7F,0x621E,0xCB89,0x8089,0xC003,0x4479,
   0x7F73,0x420D,0xB680,0x80AF,0xDC13,0x5B7F,0x7F5F,0x20E4,0x9E80,0x80BC,
   0xEF1E,0x557F,0x7744,0x09D3,0xA196,0xA9C9,0xF927,0x332D,0x3959,0x663E,
   0xEF87,0x8080,0x80C0,0x277B,0x7F7F,0x7F3C,0xD980,0x8080,0x92D5,0x2775,
   0x7F7F,0x6E20,0xC281,0x8080,0x87D5,0x1C64,0x7F7F,0x5F22,0xDC94,0x8080,
   0xADF9,0x3360,0x7F7D,0x4F13,0xD394,0x808E,0xBAFD,0x426E,0x7B4A,0xC980,
   0x80BA,0x1A70,0x7F7F,0x4AE4,0x8D80,0x8080,0xA905,0x5F7F,0x7F75,0x3CE8,
   0x8080,0x8092,0xE02F,0x6E7F,0x7F60,0x18CB,0x8380,0x80A5,0xF339,0x6E7F,
   0x7944,0x07C9,0x8180,0x92CB,0x0148,0x777D,0x6031,0xEDA7,0x8587,0x9ED1,
   0x0937,0x4F44,0x3C64,0x6822,0xC280,0x8080,0x8BE6,0x4D7F,0x7F7F,0x701A,
   0xB680,0x8080,0xA5F3,0x537F,0x7F7F,0x570D,0xB480,0x8080,0xA3FD,0x4A7F,
   0x7F7F,0x5B0F,0xC280,0x8080,0xA5FF,0x4070,0x7F7F,0x5109,0xBA80,0x8080,
   0xA3FF,0x4C77,0x7F40,0xC080,0x94DA,0x2F77,0x7F73,0x33E0,0x9A80,0x8080,
   0xBE18,0x6E7F,0x7F6A,0x2DD7,0x8780,0x80C0,0x013C,0x7B7F,0x793C,0x09C6,
   0x8080,0x8DC6,0x0F4C,0x6E7D,0x6A31,0xEFB6,0x8780,0x9ED1,0x0B4D,0x7266,
   0x4A27,0xEAA7,0x878B,0xA9E4,0x1E31,0x3E4A,0x6C7F,0x4DF9,0xA080,0x8080,
   0xB31E,0x777F,0x7F7F,0x44ED,0x8D80,0x8083,0xC620,0x7F7F,0x7F79,0x39DE,
   0x8980,0x8087,0xD71E,0x707F,0x7F64,0x3EF1,0x9680,0x80A1,0xE224,0x667F,
   0x7D51,0x24DE,0x9480,0x87A7,0xDC37,0x7D7F,0x4DC6,0x80AF,0xDE2F,0x7F7F,
   0x6024,0xD78B,0x8080,0x83DC,0x2466,0x7F7F,0x5D1C,0xC081,0x8087,0xBE1A,
   0x5F7F,0x7F68,0x29E0,0x9680,0x80A7,0xDA27,0x6C7F,0x7B4F,0x11CB,0x8E80,
   0x92C9,0xFF33,0x6472,0x5B2B,0xF3BC,0x969A,0xBCF1,0x2442,0x4A53,0x6C6C,
   0x2FDA,0x8080,0x8080,0xCD33,0x7F7F,0x7F7F,0x2DCD,0x8080,0x80A0,0xEC3C,
   0x7F7F,0x7F59,0x09AD,0x8080,0x80AF,0x0051,0x7F7F,0x794D,0x0BA9,0x8080,
   0x98CD,0x135D,0x7F7F,0x662D,0xEFAF,0x8180,0xADEA,0x2B66,0x7F51,0xDC8E,
   0x9ED7,0x3172,0x7962,0x26D7,0xA383,0x8090,0xE02D,0x757F,0x7044,0x09C2,
   0x9289,0xA1DE,0x244D,0x6A72,0x5118,0xE0AB,0x929E,0xBEF3,0x2B4F,0x6259,
   0x2BF5,0xCFAF,0x92A3,0xD505,0x3957,0x5946,0x20E6,0xBCAD,0xA9BE,0xE816,
   0x3739,0x3E59,0x6A3C,0xE88E,0x8080,0x83D5,0x357B,0x7F7F,0x7B2D,0xC980,
   0x8080,0x9AE6,0x3A7B,0x7F7F,0x5D0F,0xB880,0x8080,0xA7ED,0x3773,0x7F7F,
   0x550F,0xC483,0x8080,0xBAFB,0x3A6E,0x7F70,0x4D18,0xC98D,0x809A,0xC9FD,
   0x3368,0x7542,0xD180,0x90D1,0x2266,0x7F66,0x27D9,0x9880,0x8087,0xDA27,
   0x6A7F,0x7F60,0x27C4,0x8080,0x8ECD,0x1444,0x707F,0x6622,0xDEA3,0x818B,
   0xA5D3,0x1655,0x7575,0x511A,0xECC0,0x9285,0xA3DC,0x205B,0x6E60,0x4213,
   0xDEB4,0x98A0,0xCDFD,0x2237,0x3533,0x4F62,0x2FE2,0x9080,0x8087,0xD529,
   0x727F,0x7F7F,0x37E0,0x8D80,0x808B,0xD120,0x6E7F,0x7F64,0x1AC9,0x8580,
   0x809E,0xE42D,0x6E7F,0x7F4F,0x0BC7,0x9280,0x89BA,0xFB39,0x707F,0x6E3A,
   0xFDB8,0x9490,0xA0C9,0x0548,0x777F,0x31A9,0x80A5,0xEC40,0x797B,0x550D,
   0xC087,0x8080,0x98E4,0x3375,0x7F7F,0x48F9,0xB18B,0x85A3,0xE21E,0x577D,
   0x7B53,0x14C9,0x9083,0xA9C9,0xFF31,0x5B70,0x6C33,0xF3B3,0x8994,0xBEE8,
   0x113A,0x5359,0x461C,0xE6B1,0x94A3,0xD101,0x2935,0x2735,0x605F,0x1EC4,
   0x8080,0x80B1,0x0960,0x7F7F,0x7F4D,0xF79A,0x8080,0x80C7,0x1E6A,0x7F7F,
   0x6E22,0xD18B,0x8080,0xA1E4,0x2F73,0x7F7F,0x621C,0xD396,0x8081,0xB3EF,
   0x295B,0x756E,0x4609,0xC79A,0x92A9,0xD100,0x3366,0x721A,0x9E8D,0xC00B,
   0x5D7F,0x7D4C,0xF1AF,0x8080,0x80B8,0x0753,0x7F7F,0x6833,0xE8A3,0x8185,
   0xB1F9,0x3964,0x756A,0x3E01,0xBC85,0x8098,0xC400,0x3A64,0x7362,0x3500,
   0xC48D,0x8096,0xC2FF,0x3A66,0x6E5D,0x2FFB,0xCDA3,0x94AD,0xD7FF,0x293A,
   0x394A,0x6A5F,0x1EC7,0x8080,0x8092,0xE844,0x7F7F,0x7F6C,0x1EC4,0x8080,
   0x80A5,0xF344,0x7F7F,0x7F51,0x07BE,0x8080,0x80AF,0xF742,0x797F,0x7F57,
   0x13CD,0x8E80,0x83BC,0xF533,0x667B,0x724C,0x11D1,0x9A83,0x90C0,0xFB39,
   0x6C75,0x35C4,0x87A5,0xEA37,0x707B,0x5B14,0xCB90,0x8080,0x92DC,0x2B70,
   0x7F7F,0x5518,0xC68D,0x8087,0xC40F,0x4A79,0x7F62,0x31F1,0xA987,0x90B3,
   0xE61C,0x4C66,0x6246,0x1CE4,0xAD94,0xA0BE,0xED29,0x576A,0x5F35,0x03D3,
   0xA396,0xB1D7,0x032B,0x3739,0x556E,0x4CFD,0xA180,0x8080,0xB813,0x627F,
   0x7F7F,0x51F9,0x9480,0x8080,0xC71E,0x6A7F,0x7F6A,0x24D5,0x8D80,0x8098,
   0xE22D,0x6A7F,0x7F5B,0x18D3,0x9480,0x83B3,0xEF35,0x6A7F,0x7751,0x0FCD,
   0x8E80,0x8BC2,0x004D,0x7B68,0x07A0,0xA1E6,0x2968,0x7557,0x1CD9,0xA080,
   0x80A3,0xE224,0x607D,0x724D,0x16D5,0xA594,0xA0CF,0x093C,0x6877,0x5B2D,
   0xF7B4,0x8989,0xABDA,0x1344,0x686C,0x4A16,0xE2AB,0x8D92,0xB3E6,0x1C44,
   0x5B5B,0x3A0D,0xE4C0,0xADB6,0xD1F1,0x1326,0x242D,0x4C60,0x3CF3,0x9A80,
   0x8080,0xC61E,0x6C7F,0x7F7F,0x48EA,0x8580,0x8080,0xC620,0x687F,0x7F77,
   0x2DE0,0x8780,0x8087,0xC91C,0x607F,0x7F6E,0x2FEC,0xAB80,0x809E,0xD714,
   0x4D70,0x775F,0x2DF5,0xBA8E,0x819E,0xCB03,0x4477,0x7229,0xA990,0xC701,
   0x4A73,0x6C42,0xFBB6,0x8B80,0x81B6,0xFF42,0x7279,0x6031,0xF7BE,0x948D,
   0xABE4,0x2053,0x726E,0x4F22,0xE8AB,0x8D96,0xB8EF,0x224D,0x6259,0x330B,
   0xDCB3,0xA1AD,0xC9FB,0x2948,0x574D,0x2D05,0xDCBC,0xB3BE,0xDAFD,0x1A24,
   0x2435,0x5B64,0x35E2,0x8780,0x8083,0xD92F,0x757F,0x7F70,0x26C6,0x8080,
   0x80A3,0xF546,0x7F7F,0x7F4C,0x00AF,0x8080,0x80B3,0x0053,0x7F7F,0x7D42,
   0xFFB6,0x8180,0x96CB,0x0748,0x737D,0x6637,0xF9BA,0x8B80,0x9ACD,0x0D48,
   0x706C,0x27BE,0x92B1,0xEF33,0x6064,0x440B,0xD3A5,0x8081,0xB1F5,0x376C,
   0x725B,0x3705,0xCDA5,0x96AD,0xDA0D,0x3A5B,0x604C,0x26F7,0xC6AD,0xABC6,
   0xF11A,0x3C51,0x4C31,0x0FE6,0xBEA7,0xB1CB,0xF929,0x4A59,0x4F31,0x09E6,
   0xC0AD,0xAFC6,0xED18,0x373A,0x3C57,0x6E4A,0xFD9C,0x8080,0x80A5,0x076A,
   0x7F7F,0x7F62,0x05A3,0x8080,0x80B1,0x075B,0x7F7F,0x7F44,0xF19C,0x8080,
   0x80B1,0x0146,0x7D7F,0x7F4A,0x11C7,0x9480,0x80BA,0xEC44,0x667F,0x6C4A,
   0x05CD,0x9487,0xA3CF,0x093C,0x6868,0x3AE2,0x9E9C,0xC905,0x3C5B,0x5533,
   0x01D3,0xA38B,0x9CC9,0x053A,0x5F5F,0x4D24,0xF3C4,0xABA1,0xBEEF,0x1C44,
   0x5551,0x330B,0xDAB3,0xA5B1,0xCFF9,0x2040,0x4A44,0x2B07,0xE0C0,0xAFBC,
   0xDC05,0x2742,0x4A3C,0x1EFF,0xDCC4,0xBCC9,0xE403,0x1A20,0x0F13,0x3E64,
   0x4C01,0xA180,0x8080,0xB814,0x707F,0x7F7F,0x48E4,0x8080,0x8083,0xD337,
   0x7F7F,0x7F62,0x14C0,0x8080,0x80A3,0xF74C,0x7F7F,0x7F4D,0x01B6,0x8080,
   0x87C2,0x054A,0x7D7F,0x7239,0xF5A3,0x8080,0x96D5,0x1451,0x7273,0x4C0D,
   0xAD80,0x80A7,0xEA31,0x6072,0x6033,0x00C9,0x9E8E,0xA9D1,0x072D,0x423A,
   0x22FD,0xDCC0,0xBEDE,0x0533,0x5566,0x5337,0x05D5,0xA58E,0x96BA,0xEA16,
   0x4259,0x593A,0x14E6,0xBEA7,0xB6D7,0x0124,0x3940,0x2F11,0xF1D9,0xC7CD,
   0xE403,0x2435,0x2B11,0x031C,0x4640,0xFFA3,0x8080,0x80AF,0x0B62,0x7F7F,
   0x7F48,0xEA81,0x8080,0x85D9,0x357F,0x7F7F,0x55FD,0xA580,0x8081,0xCF1E,
   0x6A7F,0x7F5F,0x1ED5,0x9480,0x8EC0,0x0146,0x777F,0x7242,0x00B8,0x8580,
   0x9ED7,0x144F,0x6E6C,0x4C1A,0xE0A1,0x8087,0xB8FB,0x3E6E,0x7255,0x1EDC,
   0xA080,0x85B3,0xEF33,0x6677,0x6031,0xF3B3,0x8B87,0xA9E6,0x2655,0x685B,
   0x2FFD,0xC9A5,0xA5C6,0xF72B,0x5362,0x552F,0xFFCB,0xA9A3,0xB4D9,0x0733,
   0x4D4C,0x3109,0xE8CB,0xC0D3,0xF10F,0x2637,0x290B,0xDCC6,0xEF3C,0x6437,
   0xEA96,0x8080,0xB80B,0x5D7F,0x7F7D,0x37DA,0x8180,0x80A9,0xFF4F,0x7F7F,
   0x681E,0xC480,0x8080,0xBE11,0x5B7F,0x7F64,0x1CC6,0x8080,0x98D7,0x1E5F,
   0x7D75,0x4C0F,0xCF9C,0x8BA3,0xDA18,0x4F66,0x5D37,0x01CD,0xADAD,0xC2DC,
   0x0031,0x5962,0x4C1C,0xE0A5,0x8D9C,0xC701,0x3C5F,0x6246,0x11D7,0xA9A0,
   0xBAE8,0x1E4D,0x6655,0x2BF3,0xBCA0,0xA5C6,0xF92D,0x575F,0x4413,0xDEB8,
   0xADBC,0xE20F,0x3344,0x3A20,0xF9D3,0xBABC,0xD7FD,0x2237,0x331C,0x00E2,
   0xCDC9,0xD9F7,0x316E,0x753C,0xD980,0x8080,0xB618,0x727F,0x7F64,0x059E,
   0x8080,0x94ED,0x467F,0x7F6E,0x20C4,0x8080,0x83D1,0x296E,0x7F75,0x39E8,
   0x9680,0x80B6,0x0553,0x7F79,0x4C07,0xBE8B,0x89B1,0xED2D,0x5B64,0x4A14,
   0xDCAF,0x9CAD,0xE211,0x201E,0x2D35,0x2911,0xEDC4,0xABB1,0xD300,0x2B4A,
   0x4A33,0x0BDC,0xB6AB,0xC4F1,0x2244,0x5142,0x1EF3,0xCDBC,0xC6EA,0x1335,
   0x3E35,0x18F9,0xD9C9,0xCFEA,0x0B24,0x2D24,0x09F3,0xE2DE,0xE2F5,0x0B1E,
   0x241C,0x09F3,0xE4E2,0xEAF5,0x0003,0x0313,0x3E57,0x31DE,0x8980,0x80C2,
   0x1C6C,0x7F7F,0x48E8,0x8080,0x80BA,0x1C70,0x7F79,0x35D9,0x8780,0x85D3,
   0x2D72,0x7F6E,0x27D3,0x8E80,0x9AE2,0x316E,0x7D5B,0x18CB,0x928B,0xB6F9,
   0x3A64,0x5D35,0xF9BA,0x9AA7,0xD30B,0x3E53,0x3A03,0xD5CD,0xDEFB,0x1622,
   0x1803,0xEDDC,0xD7E4,0xFF16,0x2929,0x11F1,0xD9D1,0xDCF7,0x142B,0x3120,
   0x03E2,0xC9C7,0xDAF9,0x1629,0x2D20,0x05EA,0xD7D7,0xEC05,0x1A22,0x1400,
   0xEDE2,0xE2EF,0x0318,0x2727,0x1A05,0xEFE4,0xE4EF,0xFF07,0x0500,0x0F37,
   0x553A,0xE88E,0x8080,0xCD2F,0x7B7F,0x7527,0xC080,0x809A,0xFF62,0x7F7F,
   0x44E6,0x8780,0x80CD,0x2D75,0x7F62,0x13BA,0x8083,0xBC07,0x4668,0x5F2D,
   0xE4A7,0x96B8,0xF937,0x5B53,0x29F1,0xBEAB,0xC0EF,0x2446,0x4627,0xFFDA,
   0xC2BE,0xD907,0x3A53,0x3E0F,0xD7AF,0xABCF,0x0539,0x4D3C,0x0FD7,0xA7A7,
   0xD109,0x3C51,0x3C14,0xE4BA,0xB4D5,0x0129,0x392B,0x0DEF,0xD9DA,0xEF0B,
   0x262F,0x2407,0xEAD5,0xD7EC,0x0316,0x1A0B,0xF7E6,0xE4EC,0xF905,0x0D0D,
   0x00F5,0xEFEA,0xEA09,0x3E59,0x29D5,0x8980,0xAD03,0x577F,0x732F,0xD58D,
   0x80AF,0x0153,0x7F6E,0x29D3,0x928B,0xBE0F,0x5772,0x5514,0xCB98,0xA1DE,
   0x2453,0x5B39,0x01CF,0xB1BE,0xEA1E,0x4244,0x26F5,0xCBBE,0xD500,0x2431,
   0x2407,0xE8CF,0xD5F3,0x0907,0x0718,0x241E,0x07E4,0xC9C6,0xDE03,0x2231,
   0x290D,0xEDD5,0xCBDA,0xFB18,0x2924,0x0BF3,0xE6E6,0xF707,0x1111,0xFFED,
   0xE8ED,0xFF0F,0x1613,0x01F7,0xF7F7,0xFD01,0x0505,0x0300,0xFFFF,0xFF01,
   0x0709,0x07FF,0xF7F5,0xF7FB,0x0305,0xFFF7,0x032B,0x441A,0xC989,0x81BC,
   0x1668,0x7F5F,0xF994,0x8098,0xF146,0x7564,0x22CB,0x8D90,0xD120,0x5557,
   0x27E4,0xB3AF,0xD91A,0x4C51,0x27ED,0xC0C0,0xE61A,0x4048,0x29F9,0xD3C9,
   0xDE05,0x2931,0x20FD,0xDED3,0xE400,0x1A24,0x1A00,0xD9C6,0xDE09,0x2D37,
   0x18E4,0xBAB8,0xE016,0x3E42,0x22EF,0xC2B4,0xCF00,0x2B39,0x2400,0xE2DC,
   0xEF0B,0x1C16,0xFFE4,0xDAE6,0xFF16,0x2218,0x01ED,0xE8F3,0x030D,0x0BFF,
   0xF3F1,0xF501,0x0D0D,0x07FD,0xF5F5,0xFB01,0x0B0B,0x03FB,0xF5F3,0xF707,
   0x2740,0x27E2,0xA090,0xC218,0x6277,0x42DA,0x8983,0xCB2D,0x706C,0x27D1,
   0x949E,0xE637,0x5B42,0x01C0,0xABD7,0x1642,0x461E,0xE8C0,0xBEEA,0x2240,
   0x3509,0xD9C4,0xD905,0x2D31,0x13E8,0xCDD7,0xF716,0x2618,0xFBE0,0xDCEF,
   0x05FF,0xECFB,0x1626,0x1AF3,0xCDC2,0xDA0B,0x2F2F,0x11E6,0xCDD1,0xEA03,
   0x1614,0x09F9,0xF500,0x1314,0x09F5,0xE4E4,0xEF05,0x1311,0x05FB,0xF7F9,
   0x0009,0x0B03,0xF9F3,0xF3FB,0x0103,0xFFFD,0xFDFD,0x0107,0x0700,0xF7F1,
   0xF1FB,0xFFFD,0xFBF3,0xF914,0x3326,0xE6A9,0xA0D7,0x2759,0x4D09,0xBAA0,
   0xCB18,0x4C44,0x0FD3,0xBEDC,0x133A,0x3A0F,0xD9C4,0xDA0D,0x3331,0x0BE2,
   0xD3E8,0x0D27,0x2407,0xECE0,0xED07,0x1814,0xFFEC,0xE2ED,0x0313,0x0FFD,
   0xEAE6,0xF101,0x0F0D,0x03EF,0xD5D3,0xFB27,0x371C,0xE6BA,0xBAED,0x263A,
   0x1EEC,0xC7CD,0xF51C,0x220B,0xEADC,0xED0D,0x241A,0xFFDC,0xD5EA,0x0920,
   0x18FF,0xE8E8,0xFB0F,0x180F,0xFDF5,0xFB07,0x0D09,0xFFF7,0xF901,0x0D0F,
   0x05FB,0xF5F7,0x0005,0x0701,0xFBFB,0xFD00,0x00FF,0x0B2D,0x24E6,0xABAB,
   0xED3E,0x5D37,0xD99A,0xBA0B,0x4A46,0x05C6,0xBEEF,0x2B3C,0x1AE4,0xC2D3,
   0x032B,0x2B0B,0xE2D5,0xEA11,0x2616,0xF3DA,0xE403,0x1C1A,0x01E8,0xE4F5,
   0x0D1A,0x11FD,0xECED,0xFF0B,0x0B00,0xF1ED,0xFB0B,0x09EF,0xDAF7,0x1E2D,
   0x13DE,0xBACF,0x072F,0x2900,0xD9D7,0xF714,0x1800,0xEAED,0x031A,0x1A03,
   0xEDEA,0xF907,0x0D03,0xF3EC,0xF503,0x0B03,0xF7F1,0xF705,0x0D05,0xF1EC,
   0xEFFD,0x0B0B,0xFFF5,0xF1FB,0x0101,0xFFF7,0xF5FB,0x0309,0x0700,0xF7F5,
   0xFF14,0x2613,0xDEBA,0xD111,0x4437,0xFDCB,0xCD00,0x2D2D,0x03D9,0xDA00,
   0x2726,0xFDD7,0xD7FB,0x1C1E,0x05EA,0xE4F9,0x0D0F,0x01F1,0xEFFF,0x0D11,
   0x05F3,0xECF3,0x0309,0x01F7,0xF3F9,0x070B,0x03F9,0xF3F7,0x0107,0x0700,
   0xF9EC,0xDEF1,0x1627,0x13E8,0xCBDA,0x0926,0x1AF1,0xD7E6,0x0B20,0x11F1,
   0xE0EF,0x111E,0x0FF3,0xEAF7,0x0D11,0x03F5,0xF3FF,0x090B,0x01F9,0xFD05,
   0x0B07,0x00F9,0xFB00,0x0303,0xFDFB,0xFB00,0x0100,0xFBFB,0xFB00,0x0303,
   0x00FF,0xFDF9,0xF7F5,0xF5FD,0x0F18,0x05D9,0xC9ED,0x1E2D,0x0BDA,0xD1F7,
   0x2022,0xFFDE,0xE407,0x2216,0xF1DE,0xF113,0x1C07,0xECE6,0xFB0D,0x0DFD,
   0xEDF3,0x0511,0x09F9,0xF3F9,0x0305,0x00FB,0xFB00,0x0505,0x01FF,0xFFFF,
   0x0001,0x0000,0x0000,0x00FF,0xF3EF,0xFF16,0x1A03,0xE8E2,0xFB13,0x13FB,
   0xE8EF,0x050F,0x01EC,0xE6F7,0x0B0B,0xFDF3,0xF907,0x0B03,0xF3F1,0xF900,
   0x00FB,0xF9FD,0x0103,0x0100,0x0000,0x0000,0x0000,0x0000,0x00FF,0xFFFF,
   0xFDFD,0xFDFD,0xFF00,0x0000,0xFFF9,0xF9F9,0xF9F9,0x0314,0x18FB,0xCDCF,
   0x012D,0x1EEC,0xD3EC,0x131C,0x01E6,0xEA05,0x1407,0xF3ED,0xFB05,0x03F7,
   0xEDF5,0x0000,0xFDF9,0xF9FD,0x0000,0xFBF3,0xF3F5,0xFBFF,0xFFFD,0xFBFB,
   0xFD00,0x0000,0x0000,0x0000,0x0000,0x0000,0x00FF,0xFDF3,0xE6F9,0x1E24,
   0xFFDC,0xE000,0x160B,0xF3EF,0x000D,0x03F3,0xEFF9,0x0103,0x0105,0x0703,
   0x0000,0x0000,0xFFFD,0xFDFF,0x00FD,0xFD03,0x0501,0xFDFD,0xFF00,0xFFFD,
   0xFDFD,0xFBF9,0xF7F9,0xFDFF,0xFBF9,0xFD00,0x0100,0xFDFB,0xFBFB,0xFBFB,
   0xFDFF,0x0B13,0x05E0,0xD7FD,0x2214,0xEADE,0xFD18,0x0FF7,0xEFFF,0x0703,
   0xFBFD,0x00FF,0xFBFD,0x0303,0xFBF7,0xFF05,0x03F9,0xF3FD,0x0501,0xF9F5,
   0xFF05,0x03FF,0xFDFD,0xFDFD,0xFD00,0x0100,0xFDFD,0x0001,0x0100,0x0000,
   0x0000,0xFDEF,0xEF0D,0x2207,0xE2E2,0x0318,0x05F1,0xFD0F,0x09F7,0xF1FB,
   0x00FD,0xFB05,0x0D03,0xF9FB,0x0507,0xFFF9,0xFF03,0x00FB,0xFD01,0x0501,
   0x0001,0x0101,0x0001,0x0303,0xFDFD,0xFDFF,0x0000,0xFFFF,0xFFFF,0x0003,
   0x0300,0xFBFB,0xFBFB,0xFF00,0x0003,0x0B0B,0xF9E2,0xED0B,0x0FF7,0xECFB,
   0x0701,0xF9FF,0x0703,0xF9FB,0x0303,0xF9F7,0xFF03,0xFBF3,0xF901,0x01FD,
   0xF7F9,0xFFFD,0xFDFD,0xFDFD,0xFDFF,0x00FF,0xF9F9,0xFBFF,0x0000,0x00FF,
   0xFDFD,0xFDFD,0xFDFD,0xFDFF,0x00FF,0xF5EF,0x0016,0x0BEC,0xE6FF,0x09FB,
   0xF705,0x0BFB,0xECF7,0x00FB,0xF1FD,0x0B07,0xF5F3,0x0005,0x00FF,0xFFFD,
   0xFBFB,0xFD00,0x0000,0x0000,0x00FF,0xFFFF,0x0000,0x00FD,0xFBFB,0xFBFD,
   0xFFFF,0xFBFB,0xFF00,0x0101,0x01FF,0xFDFD,0xFDFD,0xFDFF,0x0007,0x0D05,
   0xEFEA,0x0113,0x01F1,0xFD07,0x01FD,0x050B,0x01F9,0xFD03,0x00F9,0xFD01,
   0xFFFB,0xFD01,0x0300,0x00FF,0xFBFB,0xFDFF,0xFFFB,0xFBFD,0xFFFF,0xFDFD,
   0xFDFD,0xFF00,0x0000,0xFFFB,0xFBFB,0xFBFD,0xFF00,0x0000,0x00F9,0xF3FD,
   0x0D0B,0xF1EC,0xFD05,0xFBF9,0x0303,0xF5F3,0x0001,0xF7F7,0xFF00,0xF9F9,
   0x0305,0x0000,0x00FF,0xFFFF,0x00FF,0xFFFF,0x0000,0x0000,0xFFFF,0xFFFF,
   0x00FF,0xFDFD,0xFDFD,0xFFFF,0xFDFB,0xFBFB,0xFF00,0x0000,0xFFFB,0xFBFB,
   0xFBFF,0x0003,0x070B,0x09F9,0xEDFF,0x0DFF,0xF1F9,0x0301,0x0009,0x09FD,
   0xF901,0x03FD,0xFBFF,0xFFFD,0xFD01,0x0101,0x00FF,0xFBFB,0xFBFF,0x0000,
   0x0000,0x00FF,0xFFFF,0x0000,0x0000,0x00FF,0xFFFF,0xFF00,0xFDFD,0xFDFD,
   0xFDFF,0xFDFB,0xFBFF,0x0000,0x0000,0xFBFB,0xFBFB,0xFBFD,0x0003,0x0709,
   0x05F9,0xF300,0x07FD,0xF3FD,0x0300,0x0109,0x05FD,0xFB03,0x03FD,0xFBFD,
},

tap[]=
{
   0x0000,0x0000,0xF235,0x2014,0xE5B8,0xCAE3,0x3656,0x7E44,0xF0BB,0x8DB4,
   0xC221,0x6A74,0x6508,0xE883,0xB9D0,0xF42D,0x4D62,0x1334,0xE8C2,0xB0BA,
   0xEA2D,0x774B,0x4A06,0xBCA2,0x94E4,0xFF61,0x6B66,0x33DC,0xB984,0xB4D9,
   0x2867,0x635A,0x00D4,0xAAAA,0xDF04,0x594D,0x6122,0xEBA8,0x99C0,0xDA42,
   0x5C62,0x3601,0xC996,0xBCD5,0x1358,0x6A61,0x16F6,0xA9A5,0xB4E0,0x2153,
   0x773A,0x01C0,0x9AAB,0xC811,0x4375,0x5723,0xEDAD,0xB4B2,0xF42F,0x615E,
   0x320C,0xC09E,0xA2BC,0xF93A,0x7252,0x3EF9,0xC0AE,0xB5E2,0x075D,0x6049,
   0x14D5,0xA99C,0xCAF4,0x3663,0x5030,0xEDC4,0x9EB8,0xED28,0x6962,0x4D06,
   0xCE9D,0x9FC7,0xF845,0x635E,0x30F2,0xB89B,0xB9D4,0x1956,0x644E,0x10E4,
   0xA2A9,0xC0F3,0x3258,0x5B28,0x01C2,0xA3B5,0xD819,0x4966,0x440C,0xDAA5,
   0xABC5,0x0031,0x5D5D,0x2AF9,0xBEAB,0xB2DC,0x1543,0x603E,0x19DB,0xB2AC,
   0xC0F4,0x2560,0x5339,0xFCC8,0xA7AD,0xD708,0x4F66,0x431B,0xD7B2,0x9EC8,
   0xF82B,0x6355,0x34F8,0xCFA9,0xB4DB,0x063C,0x5346,0x13E8,0xBFAF,0xC9ED,
   0x2448,0x5036,0x00D8,0xB3BC,0xD508,0x3B4F,0x4216,0xE7B9,0xB0C7,0xEE25,
   0x4E57,0x3509,0xD8AF,0xB4D4,0x0335,0x5847,0x1BED,0xC4AF,0xC2ED,0x1C48,
   0x5631,0x07D5,0xB5B4,0xD50B,0x375B,0x4F20,0xEABB,0xA8B8,0xE722,0x525C,
   0x3607,0xD0AD,0xABD0,0x0335,0x5E50,0x24F0,0xC2AC,0xC2EE,0x1B49,0x5535,
   0x00D3,0xB2B1,0xD806,0x3855,0x4B20,0xE7C3,0xABBE,0xF128,0x565A,0x39FD,
   0xCFAF,0xACD6,0x073E,0x544D,0x1CE4,0xBCA9,0xC4F2,0x2852,0x5A38,0xFFD0,
   0xADB0,0xD40A,0x3E59,0x4F17,0xE8BB,0xA9BC,0xEE24,0x4C5A,0x3A03,0xD4B5,
   0xB5D4,0x0B36,0x514B,0x19E9,0xBFB1,0xBFEC,0x2048,0x5138,0x01D5,0xB6B2,
   0xD404,0x3550,0x4C20,0xECC5,0xB3BC,0xE91B,0x4652,0x3B0A,0xDABB,0xB4CE,
   0x002F,0x4C4C,0x22F1,0xC8B7,0xBFE7,0x1A41,0x4F3E,0x0BDD,0xBDB6,0xCDFC,
   0x2B4A,0x4B28,0xF5CE,0xB9BC,0xE212,0x3D4D,0x4011,0xE3C3,0xB7CB,0xF726,
   0x454A,0x2CFA,0xD1BC,0xBCDE,0x0D37,0x4942,0x14E6,0xC5B7,0xC6F1,0x2244,
   0x4B32,0x00D5,0xBCB9,0xD909,0x324A,0x4519,0xECC7,0xBAC5,0xEF1B,0x3E47,
   0x3303,0xDBC3,0xBCD7,0x022E,0x4443,0x1EF0,0xCDBC,0xC3EB,0x163C,0x4639,
   0x08DF,0xC4BC,0xD3FE,0x2B43,0x4623,0xF3CF,0xBEC4,0xE715,0x3947,0x3A0C,
   0xE3C6,0xBFCF,0xFD26,0x4044,0x23F8,0xD2C2,0xC4E6,0x1134,0x4237,0x0EE6,
   0xCBC4,0xCFF9,0x1E3A,0x3E26,0xFCD6,0xC6C4,0xE00D,0x3041,0x3C13,0xEBCD,
   0xC3CE,0xF61D,0x3C41,0x2AFD,0xD8C6,0xC5DF,0x0C2F,0x403B,0x13ED,0xCFC5,
   0xCEF2,0x1C38,0x3E2C,0x01DD,0xC9C8,0xDE08,0x2C3B,0x3917,0xEFD2,0xC9CE,
   0xF017,0x3339,0x2C05,0xE2CE,0xCADC,0x0527,0x3838,0x19F3,0xD4C9,0xCDEB,
   0x1433,0x3A30,0x0AE6,0xCEC9,0xD8FF,0x2237,0x381D,0xF8D7,0xCBCE,0xEA13,
   0x2F38,0x2E0A,0xE8D2,0xCDD9,0xFE20,0x3232,0x1EF9,0xDBD0,0xD2EA,0x0E2B,
   0x342E,0x0EEC,0xD4CF,0xD7F9,0x1A32,0x3220,0xFDDD,0xD1D1,0xE90B,0x2A33,
   0x2F11,0xEDD5,0xCFD7,0xF71A,0x3134,0x2400,0xDFD2,0xD1E5,0x0A28,0x332F,
   0x12F0,0xD7D1,0xD8F4,0x182D,0x3225,0x04E6,0xD6D3,0xE304,0x2430,0x3017,
   0xF5DB,0xD1D5,0xEF12,0x2C33,0x2C09,0xEBD7,0xD2DE,0xFE20,0x3030,0x1BF8,
   0xDED3,0xD5ED,0x0F29,0x302C,0x0CED,0xD7D2,0xDCFB,0x1C2E,0x301D,0xFBDF,
   0xD4D6,0xEB0C,0x272E,0x280E,0xEFDB,0xD6DE,0xFB17,0x2B2C,0x1C00,0xE4D9,
   0xD6E9,0x0A24,0x2F2B,0x10F0,0xDBD5,0xDBF7,0x182C,0x2C21,0xFEE4,0xD8D8,
   0xEB0A,0x252C,0x270F,0xF1DC,0xD7DE,0xF715,0x2B2B,0x1E01,0xE6D7,0xD8E7,
   0x0722,0x2E2C,0x12F6,0xDCD6,0xDCF3,0x1328,0x2D21,0x07EA,0xDAD9,0xE503,
   0x1D2B,0x2A16,0xF9DF,0xD8DA,0xF20F,0x272C,0x230A,0xEBDC,0xD9E5,0x011C,
   0x2C28,0x15F9,0xE0D9,0xDCF1,0x0D25,0x2924,0x09F0,0xDEDB,0xE5FB,0x1827,
   0x2618,0xFCE6,0xDADC,0xED0A,0x2329,0x240C,0xF2DE,0xDBE0,0xF915,0x2728,
   0x1900,0xE6DB,0xDCEC,0x0822,0x2825,0x0FF3,0xDEDB,0xE3F9,0x1528,0x271A,
   0x01E6,0xDCDE,0xEE09,0x2127,0x220E,0xF6E3,0xDEE5,0xF610,0x2327,0x1E06,
   0xECDE,0xDDE9,0x021C,0x2926,0x14F8,0xE0DA,0xE0F4,0x1128,0x291E,0x05EB,
   0xDCDD,0xEC03,0x1D27,0x2210,0xF8E4,0xDDE4,0xF60F,0x2325,0x1B06,0xEDDF,
   0xDFEB,0x0118,0x2521,0x12FA,0xE7DF,0xE5F3,0x0C21,0x261C,0x09F2,0xE2DF,
   0xE8FD,0x1323,0x2114,0x00EA,0xE3E5,0xF107,0x1A22,0x1B0B,0xF7E6,0xE4EA,
   0xFA0F,0x1D1D,0x1403,0xF0E6,0xE7F2,0x0416,0x201B,0x0DF9,0xEAE5,0xEBF7,
   0x0B1B,0x1D15,0x05F2,0xE8E7,0xF002,0x151E,0x1B0E,0xFCEB,0xE6EA,0xF70B,
   0x1A1C,0x1505,0xF1E7,0xE8F0,0x0213,0x1C18,0x0BFD,0xEBE7,0xEBF7,0x0A19,
   0x1C14,0x05F5,0xE8E7,0xF000,0x131C,0x1A0D,0xFDEC,0xE7EA,0xF70A,0x1A1D,
   0x1707,0xF4E7,0xE8F1,0x0113,0x1C18,0x0CFD,0xEDE9,0xEDF9,0x0918,0x1A13,
   0x07F7,0xECEC,0xF3FF,0x0E18,0x170D,0x00F1,0xEAED,0xF707,0x171B,0x1708,
   0xF7EA,0xE8F0,0xFD0F,0x1B19,0x0FFF,0xF0E8,0xEBF6,0x0615,0x1A14,0x05F8,
   0xEBEB,0xF2FE,0x0E18,0x160D,0x00F3,0xECEE,0xF703,0x1118,0x1509,0xFDED,
   0xE9EF,0xFB09,0x1718,0x1003,0xF6ED,0xEDF7,0x0311,0x1713,0x07FB,0xF0EE,
   0xF3FE,0x0A15,0x140D,0x01F5,0xEEEF,0xF903,0x1017,0x1207,0xFBEF,0xECF2,
   0xFD0A,0x1616,0x0E01,0xF7ED,0xEEF8,0x0310,0x1712,0x08FB,0xF0ED,0xF3FE,
   0x0A15,0x160E,0xFFF6,0xEDF0,0xF904,0x0F14,0x0F05,0xFBF3,0xF1F6,0x0009,
   0x1011,0x0A00,0xF9F2,0xF4FA,0x030A,0x120E,0x05FE,0xF6F2,0xF700,0x070F,
   0x110A,0xFFF9,0xF2F3,0xFB03,0x0B11,0x0E06,0xFDF7,0xF3F7,0xFF07,0x0D10,
   0x0A01,0xFBF4,0xF5FB,0x0309,0x0F0C,0x04FD,0xF9F6,0xF900,0x050B,0x0F0A,
   0x00FB,0xF5F4,0xF901,0x080F,0x0E08,0xFFF9,0xF3F5,0xFD03,0x0A0E,0x0B03,
   0xFEF9,0xF6F9,0x0005,0x0B0C,0x0801,0xFCF6,0xF6FB,0x0208,0x0F0D,0x06FE,
   0xF8F4,0xF6FE,0x060E,0x0F0B,0x03FD,0xF5F5,0xF900,0x060E,0x0D08,0x02FC,
   0xF6F7,0xFC02,0x090F,0x0D05,0x01F9,0xF6F9,0xFF05,0x0B0C,0x0702,0xFCF8,
   0xF8FC,0x0208,0x0E0C,0x0501,0xFAF7,0xF7FE,0x030A,0x0C08,0x03FE,0xF8F8,
   0xFB01,0x060C,0x0A03,0xFFF9,0xF7FA,0x0105,0x0B0B,0x0700,0xFCF8,0xF7FE,
   0x0207,0x0B0A,0x04FF,0xFBF7,0xF9FF,0x050B,0x0B08,0x01FE,0xF9F9,0xFE03,
   0x070B,0x0902,0xFDF9,0xF6FB,0x0107,0x0A0C,0x0801,0xFDF7,0xF8FC,0x0307,
   0x0C0B,0x02FD,0xF9F7,0xFB01,0x080A,0x0A05,0xFEFB,0xF9FB,0xFF05,0x060A,
   0x0803,0xFFFC,0xFBFB,0xFF02,0x050A,0x0703,0xFEFB,0xF9FC,0x0204,0x0A09,
   0x05FE,0xFCF9,0xFA00,0x0408,0x0806,0x00FC,0xFBF9,0xFE02,0x0608,0x0604,
   0xFDFD,0xFAFC,0x0002,0x0607,0x05FF,0xFCFA,0xFAFF,0x0408,0x0808,0x03FC,
   0xFCF9,0xFCFF,0x0607,0x0906,0xFEFB,0xFAFB,0xFE04,0x0708,0x0802,0xFDFB,
   0xFAFC,0x0006,0x0708,0x04FD,0xFBF9,0xFCFF,0x0508,0x0806,0x01FC,0xFAFB,
   0xFD02,0x0606,0x0703,0xFFFB,0xFBFC,0xFE03,0x0607,0x0704,0xFEFA,0xFAFA,
   0xFF05,0x0809,0x0501,0xFAF9,0xFAFF,0x0407,0x0806,0x02FC,0xFBFB,0xFD00,
   0x0306,0x0505,0x02FF,0xFFFD,0xFE00,0x0404,0x0504,0xFFFF,0xFDFE,0xFF02,
   0x0505,0x0502,0xFFFD,0xFDFF,0x0104,0x0405,0x0300,0xFEFD,0xFEFE,0x0204,
   0x0504,0x01FF,0xFDFE,0xFE02,0x0505,0x0602,0xFDFC,0xFD00,0x0205,0x0503,
   0x0100,0xFEFF,0x0101,0x0303,0x0201,0x0101,0x0002,0x0101,0x0101,0x0302,
   0x03FF,0xFFFF,0xFF01,0x0204,0x0303,0xFFFD,0xFFFF,0x0103,0x0403,0x0202,
   0xFE00,0xFF00,0x0102,0x0302,0x0301,0x0000,0x0000,0x0104,0x0305,0x0401,
   0x00FF,0xFF00,0x0305,0x0404,0x0200,0xFF00,0x0002,0x0303,0x0403,0x0101,
   0x0100,0xFF01,0x0203,0x0404,0x01FF,0xFFFE,0xFF01,0x0204,0x0402,0xFFFF,
   0xFEFD,0x0003,0x0404,0x0400,0xFEFD,0xFDFE,0x0003,0x0505,0x02FF,0xFEFE,
   0xFF01,0x0404,0x0403,0xFFFF,0xFEFE,0xFF01,0x0403,0x0400,0xFEFD,0xFEFE,
   0x0004,0x0505,0x0400,0xFEFB,0xFBFC,0x0005,0x0706,0x03FE,0xFAFB,0xFD01,
   0x0607,0x0704,0xFFFD,0xFBFD,0xFE02,0x0506,0x0403,0xFFFD,0xFEFE,0x0104,
   0x0506,0x0402,0xFFFD,0xFCFD,0x0004,0x0706,0x0500,0xFDFC,0xFBFE,0x0206,
   0x0605,0x01FD,0xFBFB,0xFE01,0x0506,0x0503,0xFDFC,0xFBFD,0xFF03,0x0606,
   0x0501,0xFDFB,0xFBFD,0x0106,0x0707,0x05FF,0xFBFA,0xFCFE,0x0306,0x0604,
   0x02FE,0xFDFE,0xFF01,0x0404,0x0403,0x00FF,0xFEFF,0xFF01,0x0304,0x0402,
   0xFFFE,0xFEFE,0x0104,0x0605,0x0300,0xFDFD,0xFF00,0x0406,0x0602,0x01FE,
   0xFEFE,0x0002,0x0506,0x0303,0x00FE,0xFDFF,0x0002,0x0607,0x0503,0xFEFC,
   0xFDFF,0x0105,0x0605,0x0300,0xFDFD,0xFEFF,0x0104,0x0404,0x0301,0xFFFF,
   0xFFFF,0x0204,0x0403,0x01FE,0xFDFE,0xFF01,0x0405,0x0302,0xFFFD,0xFDFF,
   0x0103,0x0403,0x0100,0xFDFD,0xFF00,0x0204,0x0401,0x00FD,0xFCFE,0xFF01,
   0x0405,0x0300,0xFFFB,0xFCFF,0x0103,0x0606,0x0301,0xFDFB,0xFBFF,0x0103,
   0x0605,0x0301,0xFEFD,0xFEFF,0x0104,0x0403,0x02FF,0xFEFD,0xFF00,0x0306,
   0x0502,0x00FD,0xFCFF,0x0203,0x0606,0x0401,0xFEFB,0xFC00,0x0204,0x0706,
   0x0302,0xFEFC,0xFDFF,0x0105,0x0706,0x0300,0xFBFA,0xFD00,0x0509,0x0904,
   0x00FA,0xF9FB,0xFF03,0x0709,0x0703,0xFEF9,0xF9FC,0xFF04,0x0807,0x0502,
   0xFDFA,0xFBFE,0x0105,0x0805,0x02FF,0xFAFA,0xFD01,0x0408,0x0703,0x00FC,
   0xFAFB,0xFF01,0x0507,0x0603,0xFFFC,0xFAFC,0xFF03,0x0707,0x0401,0xFDFB,
   0xFBFE,0x0105,0x0806,0x01FE,0xFCFB,0xFF03,0x0507,0x0502,0xFFFD,0xFCFD,
   0x0102,0x0506,0x0502,0x00FD,0xFCFF,0x0104,0x0606,0x0300,0xFEFC,0xFDFF,
   0x0204,0x0606,0x0200,0xFDFB,0xFCFF,0x0305,0x0704,0x02FE,0xFBFA,0xFD01,
   0x0408,0x0703,0xFFFB,0xFAFC,0x0103,0x0707,0x0300,0xFDFC,0xFCFF,0x0103,
   0x0505,0x0200,0xFEFD,0xFE00,0x0204,0x0504,0x01FF,0xFDFB,0xFF01,0x0406,
   0x0603,0x00FD,0xFBFD,0x0104,0x0607,0x04FF,0xFEFC,0xFCFF,0x0305,0x0505,
   0x02FF,0xFEFC,0xFE01,0x0405,0x0605,0x00FE,0xFCFC,0xFE03,0x0507,0x0703,
   0x00FC,0xFBFC,0x0004,0x0608,0x0600,0xFEFB,0xFCFE,0x0304,0x0606,0x02FF,
   0xFCFB,0xFC00,0x0305,0x0706,0x02FF,0xFBFB,0xFD02,0x0408,0x0805,0x00FC,
   0xFBFB,0xFF02,0x0508,0x0703,0xFFFD,0xFCFE,0x0103,0x0606,0x0400,0xFFFC,
   0xFCFE,0x0104,0x0607,0x0401,0xFDFA,0xFCFF,0x0205,0x0705,0x01FF,0xFCFC,
   0xFE01,0x0305,0x0603,0x00FE,0xFCFC,0xFE01,0x0305,0x0501,0xFFFC,0xFBFD,
   0x0003,0x0607,0x0400,0xFCF9,0xFAFE,0x0104,0x0605,0x02FF,0xFDFC,0xFDFF,
   0x0104,0x0605,0x02FF,0xFDFB,0xFD00,0x0306,0x0704,0x01FD,0xFBFC,0xFF03,
   0x0608,0x0601,0xFDFA,0xFAFE,0x0206,0x0808,0x03FF,0xFCFB,0xFD00,0x0307,
   0x0806,0x01FE,0xFBFB,0xFE02,0x0609,0x0804,0x00FC,0xF9FA,0xFF04,0x080A,
   0x0803,0xFEF9,0xF8FB,0x0105,0x0909,0x0501,0xFDFA,0xFBFE,0x0205,0x0807,
   0x03FF,0xFBF9,0xFBFF,0x0307,0x0806,0x02FD,0xFAF9,0xFD01,0x0508,0x0703,
   0xFFFB,0xFAFC,0xFF03,0x0607,0x0501,0xFDFB,0xFAFC,0x0004,0x0707,0x03FF,
   0xFAF8,0xFAFF,0x0408,0x0906,0x01FC,0xF9F9,0xFC01,0x0507,0x0804,0x00FC,
   0xF9F9,0xFD01,0x0608,0x0703,0xFEFB,0xF9FB,0x0004,0x0809,0x0501,0xFCF9,
   0xFAFE,0x0307,0x0908,0x03FE,0xFAF9,0xFB00,0x0509,0x0B08,0x02FC,0xF9F8,
   0xFC01,0x0609,0x0804,0xFFFA,0xF9FB,0x0005,0x0808,0x0500,0xFBF9,0xFBFF,
   0x0408,0x0906,0x01FC,0xF9F9,0xFC01,0x0509,0x0805,0x00FB,0xF9FA,0xFE02,
   0x0609,0x0803,0xFFFB,0xF9FB,0xFF04,0x0809,0x0601,0xFCF9,0xF9FC,0x0206,
   0x0A0A,0x0500,0xFAF8,0xF9FD,0x0409,0x0B09,0x03FD,0xF9F8,0xFB01,0x0609,
   0x0905,0x00FB,0xFAFB,0xFF04,0x0809,0x0703,0xFEFB,0xFBFD,0x0106,0x0809,
   0x0601,0xFCF9,0xFAFD,0x0307,0x0909,0x04FF,0xFBF9,0xFC00,0x0508,0x0806,
   0x02FD,0xFBFB,0xFD02,0x0508,0x0704,0xFFFC,0xFAFB,0x0004,0x0709,0x0703,
   0xFDFB,0xFAFC,0x0004,0x0809,0x0601,0xFDFB,0xFBFE,0x0307,0x0807,0x02FD,
   0xFBFB,0xFE02,0x0507,0x0604,0x00FD,0xFBFB,0xFF03,0x0608,0x0703,0xFEFB,
   0xFAFC,0x0004,0x0809,0x0601,0xFDFB,0xFAFD,0x0206,0x0707,0x03FF,0xFCFB,
   0xFD00,0x0406,0x0605,0x01FE,0xFBFB,0xFD01,0x0507,0x0703,0xFFFC,0xFBFC,
   0x0004,0x0606,0x0400,0xFDFC,0xFCFE,0x0104,0x0605,0x03FF,0xFCFB,0xFD00,
   0x0406,0x0504,0x00FD,0xFCFC,0xFF02,0x0506,0x0602,0xFEFB,0xFBFC,0xFF03,
   0x0506,0x0501,0xFEFC,0xFBFD,0x0003,0x0506,0x0400,0xFCFB,0xFBFE,0x0306,
   0x0606,0x01FD,0xFBFA,0xFD00,0x0406,0x0603,0x00FD,0xFDFD,0x0003,0x0506,
   0x0502,0xFFFD,0xFCFE,0x0104,0x0506,0x0401,0xFEFC,0xFDFF,0x0305,0x0504,
   0x02FE,0xFDFD,0xFF02,0x0405,0x0403,0x00FE,0xFEFE,0x0002,0x0404,0x0301,
   0xFFFE,0xFEFF,0x0103,0x0403,0x0200,0xFEFE,0xFF00,0x0202,0x0303,0x01FF,
   0xFEFF,0x0001,0x0303,0x0302,0x00FE,0xFEFF,0xFF02,0x0304,0x0402,0x00FE,
   0xFEFF,0x0103,0x0404,0x0301,0xFFFE,0xFF00,0x0204,0x0403,0x01FF,0xFF00,
   0x0002,0x0303,0x0202,0x00FF,0x0000,0x0002,0x0202,0x0201,0x00FF,0x0100,
   0x0102,0x0202,0x0201,0x0000,0x0100,0x0101,0x0202,0x0201,0x0001,0x0101,
   0x0102,0x0203,0x0301,0x0101,0x0000,0x0101,0x0101,0x0101,0x0202,0x0201,
   0x0100,0x0001,0x0103,0x0303,0x0201,0x0000,0x0101,0x0203,0x0302,0x0100,
   0xFF00,0x0102,0x0203,0x0201,0x0100,0xFF00,0x0102,0x0303,0x0201,0x00FF,
   0xFF00,0x0202,0x0302,0x0100,0x0000,0x0102,0x0202,0x0101,0x0000,0x0000,
   0x0102,0x0203,0x0302,0x01FF,0xFF00,0x0103,0x0505,0x0300,0xFFFD,0xFF01,
   0x0304,0x0503,0x01FF,0xFEFE,0x0002,0x0304,0x0403,0x01FF,0xFEFE,0x0002,
   0x0305,0x0402,0xFFFD,0xFCFE,0x0104,0x0506,0x03FF,0xFDFC,0xFC00,0x0304,
   0x0504,0x01FE,0xFDFD,0xFE01,0x0305,0x0502,0x00FE,0xFCFD,0x0003,0x0506,
   0x0401,0xFDFB,0xFBFD,0x0105,0x0707,0x0400,0xFCFB,0xFBFF,0x0306,0x0806,
   0x02FE,0xFBFB,0xFD01,0x0507,0x0704,0x00FD,0xFBFB,0xFE03,0x0607,0x0703,
   0xFFFB,0xFAFB,0xFF04,0x0708,0x0501,0xFCFA,0xFAFE,0x0307,0x0907,0x03FE,
   0xFBFA,0xFB00,0x0507,0x0805,0x00FC,0xF9F9,0xFD02,0x0609,0x0803,0xFEFB,
   0xF9FB,0xFF03,0x0607,0x0601,0xFDFA,0xF9FB,0xFF03,0x0607,0x0500,0xFDFA,
   0xFBFE,0x0205,0x0706,0x02FD,0xFAF9,0xFC01,0x0507,0x0804,0xFFFC,0xFAFB,
   0x0004,0x0708,0x0601,0xFDFB,0xFBFE,0x0205,0x0706,0x03FF,0xFBFB,0xFC00,
   0x0407,0x0806,0x02FD,0xFBFA,0xFD01,0x0608,0x0905,0x00FB,0xF9F9,0xFE03,
   0x070A,0x0803,0xFEFA,0xF9FB,0x0005,0x0809,0x0600,0xFCF9,0xF9FD,0x0207,
   0x0908,0x04FE,0xFAF9,0xFB00,0x0509,0x0A07,0x02FC,0xF9F8,0xFC02,0x080B,
   0x0A05,0xFFFA,0xF8FA,0xFF06,0x0A0B,0x0802,0xFCF9,0xF8FC,0x0308,0x0B0A,
   0x05FE,0xF9F8,0xF9FF,0x060A,0x0B09,0x02FB,0xF7F7,0xFB02,0x080B,0x0A06,
   0xFFFA,0xF8F9,0xFE04,0x080A,0x0802,0xFDF9,0xF8FB,0x0107,0x0A0A,0x0600,
   0xFBF8,0xF8FD,0x0308,0x0A09,0x04FD,0xF9F8,0xFB01,0x060A,0x0A07,0x01FB,
   0xF9F9,0xFD03,0x0809,0x0803,0xFDFA,0xF9FC,0x0106,0x090A,0x0600,0xFBF8,
   0xF9FD,0x0308,0x0A09,0x04FE,0xFAF8,0xFAFF,0x0508,0x0907,0x02FD,0xFAF9,
   0xFD02,0x0608,0x0704,0xFFFB,0xF9FB,0xFF04,0x0709,0x0601,0xFCF9,0xF9FD,
   0x0207,0x0908,0x04FE,0xFAF9,0xFBFF,0x0508,0x0806,0x01FD,0xFAFB,0xFD01,
   0x0507,0x0604,0xFFFC,0xFAFB,0xFE03,0x0708,0x0702,0xFDF9,0xF9FB,0x0006,
   0x0808,0x0500,0xFBF9,0xFAFE,0x0307,0x0806,0x02FE,0xFBFB,0xFD00,0x0507,
   0x0705,0x00FC,0xFAFA,0xFD02,0x0709,0x0804,0xFEFA,0xF9FA,0xFF05,0x0909,
   0x0702,0xFCF9,0xF9FD,0x0106,0x0909,0x0500,0xFBF9,0xFAFE,0x0408,0x0907,
   0x02FC,0xF9F9,0xFC01,0x0709,0x0804,0xFEFB,0xFAFB,0x0004,0x0708,0x0602,
   0xFDFA,0xFAFD,0x0105,0x0807,0x0500,0xFCFA,0xFBFF,0x0307,0x0907,0x03FD,
   0xFAFA,0xFC01,0x0608,0x0805,0x00FB,0xFAFB,0xFE03,0x0809,0x0804,0xFEFA,
   0xFAFB,0x0005,0x0809,0x0601,0xFCF9,0xFAFD,0x0106,0x0808,0x0500,0xFBFA,
   0xFBFE,0x0408,0x0907,0x03FD,0xFAF9,0xFB00,0x0609,0x0906,0x00FB,0xF9F9,
   0xFD04,0x0809,0x0803,0xFDF9,0xF9FB,0x0005,0x0808,0x0500,0xFBF9,0xFAFD,
   0x0307,0x0907,0x03FD,0xFAF9,0xFC00,0x0609,0x0906,0x01FC,0xF9FA,0xFD03,
   0x0709,0x0803,0xFEFA,0xF9FB,0x0005,0x0808,0x0602,0xFCFA,0xFAFC,0x0106,
   0x0909,0x0500,0xFBF9,0xFBFE,0x0408,0x0907,0x03FE,0xFBFA,0xFC01,0x0608,
   0x0806,0x01FC,0xFAFB,0xFE03,0x0608,0x0703,0xFDFA,0xF9FB,0x0005,0x0909,
   0x0600,0xFBF9,0xFAFD,0x0308,0x0908,0x03FE,0xFBFA,0xFB00,0x0508,0x0907,
   0x02FC,0xF9FA,0xFD03,0x080A,0x0905,0xFFFA,0xF8FA,0xFF06,0x0A0B,0x0802,
   0xFCF8,0xF8FC,0x0208,0x0A09,0x05FE,0xF9F8,0xFAFF,0x050A,0x0A07,0x02FC,
   0xF9F9,0xFC02,0x070A,0x0906,0xFFFA,0xF8F9,0xFE04,0x090A,0x0803,0xFCF9,
   0xF8FB,0x0107,0x0A0A,0x0600,0xFAF8,0xF9FE,0x0409,0x0A08,0x02FC,0xF9F9,
   0xFC01,0x0709,0x0804,0xFFFA,0xF9FB,0xFF04,0x0808,0x0601,0xFCF9,0xF9FC,
   0x0006,0x0908,0x05FF,0xFAF8,0xF9FE,0x0408,0x0906,0x02FC,0xF8F9,0xFB01,
   0x070A,0x0905,0xFFFA,0xF8FA,0xFE04,0x090A,0x0703,0xFDF9,0xF9FC,0x0106,
   0x0909,0x0500,0xFBF9,0xFBFF,0x0408,0x0906,0x02FD,0xF9FA,0xFD01,0x0709,
   0x0805,0x00FB,0xF9FA,0xFE03,0x0809,0x0703,0xFDFA,0xF9FC,0x0005,0x0808,
   0x0500,0xFBF9,0xFAFE,0x0207,0x0806,0x02FD,0xFAFA,0xFCFF,0x0407,0x0705,
   0x01FC,0xF9FA,0xFD01,0x0608,0x0704,0xFFFB,0xFAFC,0x0004,0x0707,0x0401,
   0xFDFB,0xFBFF,0x0206,0x0706,0x03FF,0xFBFB,0xFD01,0x0507,0x0704,0x00FD,
   0xFBFC,0xFF02,0x0607,0x0602,0xFDFA,0xFAFD,0x0105,0x0707,0x03FF,0xFCFA,
   0xFCFF,0x0306,0x0705,0x02FE,0xFCFB,0xFE01,0x0406,0x0603,0x01FD,0xFBFC,
   0xFF02,0x0507,0x0603,0xFFFC,0xFBFE,0x0105,0x0707,0x0401,0xFDFC,0xFD00,
   0x0306,0x0706,0x02FF,0xFCFC,0xFE01,0x0407,0x0705,0x02FF,0xFCFC,0xFF02,
   0x0507,0x0603,0x00FD,0xFCFD,0x0003,0x0606,0x0401,0xFEFC,0xFCFE,0x0104,
   0x0606,0x0300,0xFDFB,0xFCFF,0x0205,0x0604,0x01FE,0xFBFB,0xFE01,0x0406,
   0x0502,0x00FD,0xFCFD,0x0002,0x0405,0x0301,0xFFFD,0xFDFE,0x0103,0x0504,
   0x0200,0xFEFC,0xFD00,0x0205,0x0604,0x02FF,0xFCFC,0xFE01,0x0305,0x0503,
   0x01FF,0xFDFE,0x0002,0x0406,0x0503,0x01FE,0xFDFF,0x0103,0x0505,0x0402,
   0xFFFE,0xFE00,0x0204,0x0505,0x0301,0xFFFD,0xFE00,0x0204,0x0504,0x0100,
   0xFEFE,0xFF01,0x0305,0x0503,0x00FE,0xFDFE,0xFF02,0x0506,0x0502,0xFFFD,
   0xFCFF,0x0104,0x0606,0x0301,0xFEFD,0xFE00,0x0204,0x0503,0x01FF,0xFEFD,
   0xFF01,0x0305,0x0503,0x01FE,0xFDFD,0xFF02,0x0405,0x0401,0xFFFD,0xFDFE,
   0x0103,0x0504,0x02FF,0xFEFD,0xFE01,0x0304,0x0403,0x00FE,0xFDFD,0xFF01,
   0x0304,0x0402,0x00FF,0xFDFE,0x0002,0x0304,0x0301,0x00FE,0xFEFF,0x0102,
   0x0303,0x0200,0xFFFE,0xFE00,0x0203,0x0303,0x01FF,0xFFFF,0xFF01,0x0203,
   0x0302,0x01FF,0xFFFF,0x0002,0x0303,0x0302,0x00FF,0xFFFF,0x0102,0x0303,
   0x0200,0xFFFF,0xFF00,0x0203,0x0303,0x0200,0x00FF,0x0001,0x0202,0x0303,
   0x0201,0x0000,0x0001,0x0102,0x0302,0x0100,0x0000,0x0102,0x0202,0x0200,
   0x0000,0x0001,0x0202,0x0202,0x0101,0x0000,0x0000,0x0101,0x0102,0x0201,
   0x0100,0xFF00,0x0101,0x0202,0x0101,0xFFFF,0x0001,0x0202,0x0302,0x0101,
   0x0000,0x0001,0x0102,0x0302,0x0202,0x0100,0x0000,0x0102,0x0202,0x0201,
   0x0000,0x0000,0x0202,0x0202,0x0100,0x0000,0x0001,0x0202,0x0202,0x0100,
   0x0000,0x0101,0x0202,0x0202,0x0100,0x0000,0x0002,0x0202,0x0201,0x00FF,
   0x0000,0x0102,0x0202,0x01FF,0xFFFF,0x0001,0x0202,0x0201,0x0000,0x0001,
   0x0102,0x0202,0x0100,0xFF00,0x0001,0x0202,0x0201,0x00FF,0xFF00,0x0102,
   0x0203,0x0201,0x00FF,0xFF00,0x0102,0x0303,0x0200,0xFFFE,0xFE00,0x0203,
   0x0503,0x02FF,0xFEFE,0xFF01,0x0305,0x0503,0x01FF,0xFEFE,0x0002,0x0405,
   0x0402,0x00FF,0xFEFF,0x0103,0x0505,0x0301,0xFFFE,0xFEFF,0x0203,0x0504,
   0x0200,0xFEFE,0xFF01,0x0304,0x0403,0x01FF,0xFEFE,0x0001,0x0303,0x0302,
   0x00FF,0xFEFF,0x0102,0x0304,0x0301,0xFFFE,0xFD00,0x0102,0x0404,0x0200,
   0xFFFE,0xFF00,0x0203,0x0403,0x0100,0xFEFE,0xFF01,0x0304,0x0402,0x00FF,
   0xFEFF,0x0002,0x0303,0x0200,0xFFFE,0xFEFF,0x0102,0x0202,0x01FF,0xFFFE,
   0xFF00,0x0203,0x0302,0x00FF,0xFEFE,0xFF02,0x0304,0x0302,0xFFFE,0xFEFF,
   0x0102,0x0304,0x0301,0xFFFE,0xFE00,0x0203,0x0504,0x0200,0xFEFE,0xFF01,
   0x0305,0x0504,0x01FF,0xFEFE,0x0002,0x0405,0x0503,0x01FF,0xFEFF,0x0103,
   0x0506,0x0502,0x00FE,0xFEFF,0x0204,0x0505,0x0301,0xFFFE,0xFF01,0x0305,
   0x0504,0x02FF,0xFEFE,0xFF02,0x0404,0x0402,0x00FF,0xFEFE,0x0003,0x0304,
   0x0401,0xFFFE,0xFEFF,0x0103,0x0404,0x0300,0xFEFD,0xFEFF,0x0204,0x0403,
   0x01FE,0xFDFD,0xFE01,0x0304,0x0402,0xFFFE,0xFDFE,0x0002,0x0303,0x0301,
   0xFEFD,0xFEFF,0x0104,0x0404,0x0200,0xFEFE,0xFD01,0x0305,0x0504,0x01FE,
   0xFDFD,0xFF02,0x0505,0x0502,0x00FD,0xFDFF,0x0104,0x0505,0x0301,0xFEFD,
   0xFE00,0x0305,0x0504,0x0200,0xFEFD,0xFF01,0x0406,0x0605,0x02FF,0xFDFD,
   0xFF02,0x0506,0x0503,0x00FE,0xFDFE,0x0003,0x0506,0x0401,0xFEFD,0xFDFF,
   0x0205,0x0605,0x02FF,0xFCFC,0xFE01,0x0406,0x0603,0x00FD,0xFCFD,0xFF03,
   0x0506,0x0402,0xFFFD,0xFCFE,0x0104,0x0505,0x0300,0xFDFC,0xFC00,0x0205,
   0x0504,0x02FE,0xFCFC,0xFE00,0x0305,0x0503,0x00FD,0xFBFC,0xFF02,0x0506,
   0x0502,0xFFFC,0xFBFE,0x0104,0x0605,0x03FF,0xFCFB,0xFD00,0x0305,0x0603,
   0x01FE,0xFCFC,0xFE01,0x0406,0x0503,0x00FD,0xFCFD,0xFF02,0x0506,0x0402,
},

lne[]=
{
   0x0000,0x0000,0x0000,0x0000,0x0000,0x0000,0x0000,0x0000,0x0005,0x0000,
   0x0002,0x0507,0x0A0C,0x0F12,0x1417,0x1A1D,0x2022,0x2528,0x2A2E,0x3133,
   0x3639,0x3B3E,0x4042,0x4548,0x494C,0x4E50,0x5153,0x5456,0x5859,0x5A5B,
   0x5C5C,0x5D5E,0x5D5E,0x5E5D,0x5D5C,0x5B5B,0x5958,0x5755,0x5352,0x504D,
   0x4B49,0x4643,0x413E,0x3B39,0x3533,0x302C,0x2926,0x231F,0x1D1A,0x1613,
   0x100C,0x0A06,0x0301,0xFEFA,0xF7F5,0xF1EE,0xEBE8,0xE5E3,0xE0DD,0xDBD9,
   0xD6D4,0xD1CE,0xCCCA,0xC7C6,0xC4C2,0xC0BE,0xBCBB,0xBAB8,0xB7B6,0xB4B3,
   0xB3B2,0xB1B2,0xB1B1,0xB1B1,0xB1B1,0xB2B1,0xB2B3,0xB3B5,0xB5B5,0xB7B8,
   0xB8BA,0xBBBB,0xBDBE,0xBFC0,0xC1C2,0xC3C5,0xC6C7,0xC8CA,0xCBCC,0xCDCE,
   0xD0D1,0xD3D4,0xD5D6,0xD8DA,0xDBDC,0xDEDE,0xE0E2,0xE3E5,0xE6E7,0xE9EB,
   0xECED,0xF0F1,0xF3F6,0xF8F9,0xFCFF,0x0103,0x0608,0x0B0E,0x1014,0x1619,
   0x1C1F,0x2225,0x292B,0x2E32,0x3437,0x3B3D,0x4043,0x4548,0x4B4E,0x4F52,
   0x5456,0x585A,0x5B5D,0x5F60,0x6162,0x6263,0x6463,0x6364,0x6362,0x6261,
   0x605F,0x5D5C,0x5A58,0x5654,0x524F,0x4D4A,0x4744,0x413E,0x3B38,0x3431,
   0x2E2A,0x2623,0x1F1B,0x1914,0x110E,0x0906,0x0300,0xFCF9,0xF5F1,0xEFEC,
   0xE8E6,0xE3DF,0xDDDA,0xD7D5,0xD3CF,0xCDCB,0xC8C6,0xC4C1,0xBFBE,0xBCBA,
   0xB9B7,0xB6B5,0xB3B2,0xB2B1,0xB0B0,0xB0AF,0xAFAF,0xAFB0,0xB0B0,0xB1B1,
   0xB2B3,0xB4B5,0xB6B7,0xB8B9,0xBABB,0xBCBE,0xBFC0,0xC2C3,0xC4C5,0xC6C7,
   0xC8CA,0xCBCC,0xCDCE,0xCFD1,0xD1D3,0xD4D4,0xD5D7,0xD7D9,0xDADA,0xDCDD,
   0xDDDF,0xE0E1,0xE1E3,0xE4E5,0xE7E8,0xE9EB,0xEDEE,0xF0F2,0xF4F6,0xF9FB,
   0xFD00,0x0306,0x090C,0x0F12,0x1619,0x1D20,0x2327,0x2A2E,0x3235,0x383C,
   0x3F41,0x4548,0x4B4E,0x5153,0x5659,0x5A5D,0x6061,0x6365,0x6567,0x6969,
   0x6A6B,0x6B6B,0x6B6B,0x6A69,0x6867,0x6664,0x6260,0x5E5B,0x5957,0x5350,
   0x4D4A,0x4643,0x3F3C,0x3934,0x302C,0x2824,0x201C,0x1713,0x0F0B,0x0703,
   0xFFFB,0xF7F3,0xEFEC,0xE8E5,0xE2DD,0xDAD7,0xD4D1,0xCECB,0xC9C6,0xC4C1,
   0xBFBE,0xBBBA,0xB9B6,0xB6B4,0xB2B2,0xB1AF,0xAFAF,0xAFAE,0xAFAF,0xAFB0,
   0xB0B1,0xB2B2,0xB4B6,0xB7B9,0xBABB,0xBDBF,0xC0C2,0xC3C5,0xC6C8,0xCACB,
   0xCDCE,0xCFD1,0xD2D3,0xD4D6,0xD6D7,0xD8D8,0xD9DA,0xDBDC,0xDCDD,0xDDDE,
   0xDEDE,0xDFDF,0xDFDF,0xDFDF,0xE0E0,0xDFE0,0xE0E0,0xE1E2,0xE2E3,0xE4E4,
   0xE6E8,0xE8EA,0xEDEE,0xF0F3,0xF6F8,0xFBFF,0x0104,0x080B,0x0F12,0x1519,
   0x1D20,0x2428,0x2B2F,0x3235,0x393D,0x4043,0x4649,0x4C4F,0x5154,0x5659,
   0x5A5C,0x5E60,0x6163,0x6365,0x6665,0x6666,0x6665,0x6564,0x6362,0x605E,
   0x5D5A,0x5856,0x5350,0x4D4A,0x4643,0x3F3B,0x3733,0x2F2B,0x2621,0x1E19,
   0x1410,0x0C07,0x03FF,0xFAF6,0xF2ED,0xE9E6,0xE2DF,0xDBD8,0xD4D2,0xCFCC,
   0xCAC7,0xC4C2,0xC0BE,0xBDBC,0xBABA,0xB9B8,0xB8B8,0xB7B7,0xB8B8,0xB9BA,
   0xBABB,0xBDBE,0xC0C2,0xC4C6,0xC9CB,0xCDD0,0xD3D5,0xD8DB,0xDDE0,0xE3E6,
   0xE9EC,0xEDEF,0xF2F4,0xF6F8,0xF9FA,0xFCFD,0xFDFF,0xFFFF,0x0000,0xFF00,
   0xFFFE,0xFEFD,0xFBFB,0xFAF8,0xF7F6,0xF4F2,0xF1EF,0xEDED,0xEAE9,0xE8E6,
   0xE5E4,0xE2E2,0xE1E0,0xE0E1,0xE1E1,0xE2E2,0xE3E5,0xE6E7,0xEAEC,0xEDF1,
   0xF3F5,0xF8FC,0xFD01,0x0507,0x0A0E,0x1014,0x181A,0x1D21,0x2426,0x292D,
   0x2F31,0x3436,0x393B,0x3D3F,0x4142,0x4645,0x4647,0x4949,0x4A4A,0x4A4A,
   0x4B4A,0x4949,0x4846,0x4544,0x4240,0x3E3B,0x3937,0x3431,0x2E2A,0x2724,
   0x1F1C,0x1914,0x100D,0x0804,0x01FC,0xF8F5,0xF0EC,0xE9E6,0xE2DF,0xDBD7,
   0xD5D3,0xCFCD,0xCCC9,0xC7C6,0xC5C3,0xC3C1,0xC1C0,0xC0C1,0xC1C1,0xC2C3,
   0xC4C5,0xC7C9,0xCACC,0xCED1,0xD4D7,0xD9DE,0xE1E4,0xE8EB,0xEEF2,0xF6FA,
   0xFE02,0x0509,0x0D10,0x1316,0x191C,0x1E20,0x2325,0x2728,0x292B,0x2B2C,
   0x2C2C,0x2C2C,0x2B2A,0x2927,0x2524,0x211F,0x1D19,0x1613,0x0F0C,0x0905,
   0x01FE,0xFAF6,0xF3EF,0xECE9,0xE5E2,0xE0DE,0xDBDA,0xD8D7,0xD6D6,0xD4D5,
   0xD5D5,0xD6D7,0xD8D9,0xDBDC,0xDEE0,0xE2E3,0xE7E8,0xEBEE,0xF0F2,0xF4F7,
   0xF9FC,0xFF01,0x0306,0x080B,0x0D0E,0x1113,0x1416,0x1819,0x1A1C,0x1D1E,
   0x2021,0x2122,0x2323,0x2424,0x2324,0x2322,0x2221,0x201F,0x1E1C,0x1B19,
   0x1615,0x1310,0x0E0C,0x0906,0x0400,0xFDFB,0xF7F4,0xF1EE,0xEBE8,0xE5E1,
   0xDEDC,0xD9D6,0xD4D2,0xCFCE,0xCCCA,0xC9C7,0xC7C7,0xC6C6,0xC6C6,0xC7C8,
   0xC9CA,0xCCCD,0xCFD1,0xD4D7,0xD9DC,0xDFE3,0xE6E9,0xEEF2,0xF5FA,0xFE03,
   0x080C,0x1115,0x1A1E,0x2228,0x2B2F,0x3437,0x3B3F,0x4244,0x484B,0x4D4F,
   0x5254,0x5557,0x5758,0x5958,0x5958,0x5655,0x5452,0x4F4D,0x4A46,0x433F,
   0x3B36,0x322C,0x2722,0x1B17,0x110B,0x05FF,0xF9F4,0xEFE9,0xE5E1,0xDDD8,
   0xD5D2,0xCFCD,0xCAC8,0xC7C5,0xC4C5,0xC4C3,0xC4C4,0xC4C5,0xC6C6,0xC8C9,
   0xC9CB,0xCDCD,0xCFD1,0xD2D3,0xD5D6,0xD7D9,0xDADC,0xDDDE,0xE0E1,0xE3E4,
   0xE6E8,0xE8EA,0xEBEB,0xEDEE,0xEEF0,0xF0F1,0xF2F3,0xF3F3,0xF4F3,0xF4F4,
   0xF3F3,0xF4F2,0xF2F2,0xF1EF,0xEFEE,0xECEB,0xEAE8,0xE7E5,0xE3E2,0xE0DE,
   0xDCDB,0xD8D6,0xD5D3,0xD1D1,0xCFCD,0xCCCB,0xCACA,0xC9C8,0xC8C8,0xC8C9,
   0xCACB,0xCCCE,0xCFD1,0xD4D6,0xD9DC,0xDFE3,0xE7EA,0xEFF3,0xF7FC,0x0106,
   0x0B10,0x151A,0x2025,0x2A30,0x3539,0x3F43,0x484D,0x5155,0x5A5D,0x6164,
   0x696B,0x6E71,0x7476,0x7A7B,0x7C7E,0x7F7F,0x7F7F,0x7F7F,0x7F7F,0x7F7F,
   0x7C7A,0x7774,0x716D,0x6763,0x5D56,0x514A,0x433C,0x352D,0x261E,0x160E,
   0x0700,0xF7EF,0xE8E2,0xDCD7,0xD2CE,0xCAC5,0xC3C0,0xBDBC,0xBAB8,0xB7B6,
   0xB5B5,0xB5B4,0xB4B4,0xB4B4,0xB5B4,0xB3B5,0xB4B4,0xB5B4,0xB4B4,0xB5B5,
   0xB5B6,0xB6B6,0xB7B7,0xB8B9,0xB9BA,0xBBBC,0xBDBE,0xBFBF,0xC0C1,0xC2C3,
   0xC4C5,0xC6C6,0xC7C8,0xC9C9,0xCACB,0xCBCC,0xCCCC,0xCDCD,0xCCCD,0xCDCC,
   0xCCCC,0xCCCB,0xCBCA,0xCACA,0xC9C8,0xC9C8,0xC8C8,0xC8C6,0xC7C7,0xC7C8,
   0xC8C8,0xC9CA,0xCBCD,0xCFD1,0xD3D6,0xD8DB,0xE0E3,0xE6EB,0xEEF2,0xF8FD,
   0x0207,0x0D12,0x181E,0x242A,0x3034,0x3B41,0x464C,0x5257,0x5D62,0x666B,
   0x7073,0x777A,0x7E7F,0x7F7F,0x7F7F,0x7F7F,0x7F7F,0x7F7F,0x7F7F,0x7F7F,
   0x7F7F,0x7F7F,0x7F7F,0x7F7F,0x7F7F,0x7F7F,0x7F7F,0x7F7F,0x7F7D,0x766E,
   0x675E,0x554B,0x4237,0x2D22,0x170C,0x02F7,0xEFE7,0xDED7,0xD1CC,0xC8C4,
   0xC1BF,0xBDBA,0xB9B7,0xB6B4,0xB4B3,0xB2B1,0xB0AE,0xAEAE,0xADAC,0xABA9,
   0xA8A6,0xA4A2,0xA2A1,0x9F9F,0x9D9C,0x9C9B,0x9B9B,0x9A9A,0x9A9A,0x9A9B,
   0x9C9C,0x9E9F,0xA0A1,0xA3A3,0xA6A7,0xA8AA,0xACAD,0xAFB1,0xB2B3,0xB5B6,
   0xB8B9,0xBABC,0xBEBE,0xBFC1,0xC2C2,0xC4C5,0xC5C6,0xC7C7,0xC8C9,0xC9C9,
   0xCBCB,0xCCCD,0xCDCE,0xD0D0,0xD2D4,0xD5D7,0xDADC,0xDEE1,0xE4E7,0xEBEE,
   0xF2F6,0xFAFF,0x0408,0x0D12,0x181D,0x2329,0x2F34,0x3A40,0x454B,0x5156,
   0x5B60,0x6569,0x6F73,0x767A,0x7E7F,0x7F7F,0x7F7F,0x7F7F,0x7F7F,0x7F7F,
   0x7F7F,0x7F7F,0x7F7F,0x7F7F,0x7F7F,0x7F7F,0x7F7F,0x7F7F,0x7F7F,0x7F7F,
   0x7F7F,0x7F7F,0x7F7F,0x7F7F,0x756B,0x5F53,0x463B,0x2D1E,0x1103,0xF6EA,
   0xDFD8,0xD2CD,0xCAC6,0xC4C2,0xC1C1,0xC1C1,0xC2C2,0xC3C2,0xC2C2,0xC2C0,
   0xC1BF,0xBEBB,0xBAB8,0xB5B3,0xB1AF,0xACAA,0xA7A5,0xA3A1,0x9F9E,0x9C9A,
   0x9998,0x9797,0x9696,0x9696,0x9798,0x999A,0x9C9C,0x9EA1,0xA2A4,0xA7A9,
   0xABAE,0xB2B4,0xB7BA,0xBCBF,0xC1C3,0xC7C9,0xCBCE,0xD0D2,0xD4D6,0xD7D9,
   0xDBDB,0xDDDE,0xDEDE,0xE0E0,0xE1E2,0xE2E3,0xE3E4,0xE4E5,0xE6E7,0xE8EA,
   0xECEE,0xF0F3,0xF6F9,0xFBFF,0x0205,0x090C,0x1014,0x181C,0x2025,0x292D,
   0x3136,0x393E,0x4143,0x464A,0x4D4F,0x5355,0x5759,0x5A5B,0x5C5C,0x5B5A,
   0x5B59,0x5856,0x5552,0x504D,0x4C49,0x4745,0x4340,0x3F3F,0x3F3F,0x4143,
   0x454A,0x4E54,0x5A60,0x656C,0x7074,0x7776,0x746F,0x6960,0x564A,0x3D2F,
   0x1F0F,0xFFF1,0xE3D7,0xCCC4,0xBFBD,0xBCBD,0xBFC2,0xC6CB,0xD0D5,0xDBDF,
   0xE3E7,0xE9EA,0xECED,0xECED,0xEDEB,0xEAE8,0xE6E5,0xE2DF,0xDCDB,0xD8D5,
   0xD4D2,0xCFCF,0xCCCB,0xCBCA,0xCAC9,0xC8C9,0xC8C8,0xC9CA,0xCACA,0xCCCE,
   0xCED1,0xD3D3,0xD7D9,0xDADD,0xE1E3,0xE7EA,0xEDF0,0xF5F7,0xFAFE,0x0003,
   0x0608,0x0B0E,0x0F11,0x1313,0x1313,0x1312,0x1110,0x0F0E,0x0C0B,0x0A09,
   0x0806,0x0504,0x0303,0x0203,0x0403,0x0505,0x0609,0x090A,0x0C0D,0x0D0E,
   0x0F11,0x1113,0x1213,0x1514,0x1516,0x1514,0x1313,0x1311,0x110F,0x0E0E,
   0x0D0B,0x0A08,0x0704,0x01FF,0xFCF8,0xF7F2,0xEDEB,0xE5DF,0xDCD7,0xD0CC,
   0xC7C1,0xBCB9,0xB5B3,0xB2B3,0xB4B8,0xBEC6,0xD0DD,0xE9F9,0x0814,0x2027,
   0x2E2F,0x2E29,0x2114,0x05F5,0xE3D1,0xC2B3,0xA39A,0x9593,0x979E,0xA8B3,
   0xC0CC,0xD8E5,0xF2FC,0x050D,0x1316,0x1A1C,0x1D1D,0x1E1C,0x1A1A,0x1916,
   0x1514,0x1312,0x100F,0x0F0F,0x1010,0x1013,0x1315,0x1717,0x1819,0x1819,
   0x1A1A,0x1A1A,0x1B1B,0x1B1D,0x1B1C,0x1C1B,0x1E1F,0x2123,0x2528,0x2B2D,
   0x3134,0x383B,0x3E43,0x474B,0x4F52,0x5658,0x5A5B,0x5C5B,0x5957,0x534F,
   0x4C47,0x413F,0x3934,0x312D,0x2824,0x211D,0x1B1B,0x1718,0x1918,0x181B,
   0x1B1C,0x1D1C,0x1B1A,0x1A17,0x1413,0x0F0C,0x0A06,0x0402,0xFCF8,0xF4EE,
   0xE9E3,0xDED9,0xD5D1,0xCFCC,0xCAC6,0xC3C0,0xBEBC,0xB9B7,0xB6B4,0xB3B2,
   0xB0AD,0xAAA5,0x9F9C,0x9890,0x8B87,0x8080,0x8080,0x8080,0x8080,0x8080,
   0x808A,0xA0B6,0xCDE1,0xF406,0x111B,0x201C,0x160B,0xFDEB,0xD9C4,0xAF9D,
   0x8D84,0x848C,0x9CB4,0xCCE4,0xFA0E,0x202D,0x393E,0x4242,0x4040,0x3D3A,
   0x3733,0x2E29,0x2520,0x1F1E,0x1E1E,0x1E22,0x2223,0x2626,0x282C,0x2D31,
   0x3536,0x3738,0x3534,0x322F,0x2C2B,0x2925,0x2421,0x1C1A,0x150F,0x0C08,
   0x0504,0x0101,0x0000,0x0102,0x0305,0x0A0D,0x1116,0x1D22,0x282E,0x3338,
   0x3E3E,0x4040,0x3D39,0x342B,0x241B,0x1209,0x03FC,0xF5F0,0xEBE6,0xE3E3,
   0xE1E3,0xE7EB,0xF1F8,0x0007,0x0D11,0x1517,0x1718,0x1817,0x1413,0x0E0A,
   0x0801,0xFDFA,0xF4F1,0xEEE9,0xE5DF,0xDAD4,0xD1CC,0xCAC8,0xC6C6,0xC3C2,
   0xBFBE,0xBCBC,0xC1C5,0xCCD6,0xDEE5,0xECF0,0xF2F3,0xF4F4,0xF5F3,0xF2EB,
   0xE2D8,0xCBBB,0xAC9F,0x9394,0x9EB2,0xCEEC,0x0419,0x2833,0x3D44,0x4B51,
   0x5455,0x5349,0x3B27,0x09EA,0xCCBA,0xB9CC,0xF018,0x3E56,0x6B7A,0x7E7D,
   0x776B,0x5F56,0x4D43,0x3B31,0x261B,0x0F0A,0x0603,0x080C,0x1219,0x2129,
   0x313B,0x3E41,0x4546,0x4543,0x3F3C,0x332D,0x2117,0x130E,0x0E0D,0x0D0C,
   0x0905,0xFFF8,0xF2EC,0xE6E1,0xDCD6,0xCEC5,0xBDB3,0xABA6,0xA3A0,0xA2A6,
   0xACB0,0xB7BF,0xC4CB,0xD3DA,0xE2EA,0xF0F2,0xF2EB,0xDFD6,0xC8BB,0xAFA4,
   0x9D97,0x928F,0x8D8A,0x8D91,0x949E,0xAEBB,0xCADC,0xECF9,0x0810,0x1016,
   0x1713,0x1616,0x1312,0x0F0B,0x0705,0xFEF9,0xF5F2,0xF6FE,0x0210,0x181B,
   0x2225,0x292D,0x2F2F,0x2B27,0x1D13,0x0E07,0x0200,0x030B,0x1C32,0x465C,
   0x707C,0x7F7F,0x7F7F,0x7F7F,0x7F7F,0x715D,0x3D0F,0xE5C9,0xC9EA,0x102A,
   0x3437,0x352E,0x281F,0x1B1C,0x2127,0x2C2E,0x2717,0xF7CB,0x9F80,0x8094,
   0xD814,0x3946,0x3F2F,0x15FD,0xE9D7,0xCDC5,0xBBAD,0x9D8F,0x8582,0x858A,
   0x94A2,0xA9B6,0xC9D8,0xE8F8,0x0108,0x04F9,0xEBDA,0xCDBF,0xB5AD,0xA5A4,
   0xABB8,0xC9DC,0xEAF3,0xF9FE,0x050B,0x141C,0x2328,0x292A,0x2722,0x1F17,
   0x0F09,0xFBEF,0xE9E1,0xDDE2,0xEAED,0xEFF5,0xF4FA,0x040C,0x1928,0x3540,
   0x4A4E,0x4C48,0x4238,0x312A,0x2320,0x2222,0x2429,0x2B32,0x3C48,0x5661,
   0x6669,0x6152,0x4333,0x2418,0x1007,0x03FE,0xF1E8,0xE5DC,0xD5D9,0xDFE6,
   0xF3FD,0xFFF7,0xEEE5,0xDDD9,0xD9D9,0xDBE1,0xEE02,0x1822,0x1B0C,0xFEF3,
   0xECE6,0xD9C6,0xAF9D,0x9496,0xA8B9,0xD6F8,0x1832,0x4658,0x5A4B,0x3328,
   0x2B07,0xAF80,0x8098,0xCCCF,0xB8AA,0xB4D4,0x002C,0x423F,0x1FF7,0xCFB7,
   0xB8D0,0xF5FA,0xBF80,0x8088,0x207C,0x7F5E,0x27FB,0xEDFB,0x1A33,0x361F,
   0xFFE4,0xCCBF,0xB6AD,0xA9AC,0xC0DA,0x0028,0x547C,0x7F7F,0x7F4D,0x17F5,
   0xECF2,0x0016,0x2A40,0x545B,0x5336,0x0FEE,0xD9D6,0xD7D9,0xE3EB,0xEE00,
   0x0A11,0x2631,0x373A,0x3C3B,0x3A39,0x352C,0x2515,0x0601,0x02FE,0xF7EB,
   0xDBD8,0xE3FC,0x0D18,0x1913,0x0F14,0x1E26,0x1F09,0xEBC9,0xB1AB,0xB5CA,
   0xD4D1,0xC2B2,0xACB7,0xC7DA,0xE8F0,0xF1EF,0xF400,0x0506,0xFDE2,0xCCBD,
   0xB9BE,0xCCD9,0xE8FA,0x0607,0x01F2,0xEAE4,0xEE00,0x1022,0x3A4C,0x6176,
   0x6F3B,0xFF00,0x3871,0x7F72,0x3F07,0xCFB1,0x99B0,0xD6F8,0x101A,0x1E1A,
   0x13E7,0xBA93,0x86F0,0x687F,0x6B2B,0xF7E3,0xE2EA,0xF2F7,0xF1DF,0xC5AB,
   0xA1A5,0xD420,0x5C7F,0x7FC2,0x1AF5,0xE8FA,0xFE00,0x0000,0x0000,0x0000,
   0x0000,0x0000,0x0000,0x0000,0x0000,0x0000,0x0000,0x0000,0x0000,0x0000,
},

right[]=
{
   0x0000,0x0000,0x0000,0x29BC,0x3853,0x5658,0x5648,0x4452,0x0000,0x0014,
   0x0000,0x295C,0x0000,0x0000,0x0000,0x0020,0x20AB,0x0100,0x0001,0x0000,
   0x4E41,0x4D45,0x0000,0x0014,0x616C,0x6C72,0x6967,0x6874,0x0000,0x0000,
   0x0000,0x0000,0x0000,0x0000,0x414E,0x4E4F,0x0000,0x0014,0x4175,0x6469,
   0x6F20,0x4D61,0x7374,0x6572,0x0000,0x0000,0x0000,0x0000,0x424F,0x4459,
   0x0000,0x295C,0x0708,0x0708,0x0808,0x0809,0x0A07,0x0907,0x0808,0x0808,
   0x0909,0x0706,0x0908,0x0808,0x0809,0x0A09,0x0609,0x0809,0x0808,0x090A,
   0x0906,0x0908,0x0808,0x090A,0x0A09,0x0609,0x0808,0x0808,0x0907,0x0907,
   0x0808,0x0809,0x080A,0x0709,0x0708,0x0808,0x0809,0x0907,0x0709,0x0809,
   0x0808,0x0A0A,0x0906,0x0908,0x0909,0x090A,0x0A09,0x0609,0x0808,0x0808,
   0x0909,0x0809,0x0808,0x0909,0x090A,0x0708,0x0708,0x0708,0x0808,0x0A07,
   0x0807,0x0809,0x0808,0x080A,0x0708,0x0908,0x0808,0x080A,0x0A07,0x0609,
   0x0808,0x0808,0x0A09,0x0906,0x0808,0x0808,0x0909,0x0A09,0x0608,0x0808,
   0x0808,0x0A07,0x0809,0x0808,0x0809,0x090A,0x0708,0x0908,0x0808,0x0808,
   0x0A09,0x0807,0x0808,0x0909,0x0A0A,0x0706,0x0908,0x0808,0x080A,0x0709,
   0x0709,0x0808,0x0808,0x0907,0x0906,0x0808,0x0808,0x0809,0x0705,0x0608,
   0x0809,0x0809,0x0A07,0x0809,0x0808,0x0809,0x080A,0x0708,0x0908,0x0908,
   0x0809,0x0A09,0x0709,0x0808,0x0808,0x0907,0x0807,0x0808,0x0908,0x0809,
   0x0709,0x0709,0x0808,0x0808,0x0807,0x0907,0x0808,0x0908,0x090A,0x0707,
   0x0908,0x0808,0x0909,0x0A07,0x0907,0x0808,0x0809,0x0A0A,0x0906,0x0808,
   0x0908,0x090A,0x0709,0x0609,0x0809,0x0909,0x0A07,0x0806,0x0808,0x0808,
   0x080A,0x0707,0x0608,0x0809,0x080A,0x0A07,0x0809,0x0808,0x0808,0x0A0A,
   0x0708,0x0908,0x0808,0x0808,0x0909,0x0608,0x0608,0x0909,0x090A,0x0906,
   0x0908,0x0809,0x090A,0x0708,0x0708,0x0607,0x0808,0x0807,0x0606,0x0807,
   0x0708,0x0808,0x0705,0x0305,0x0708,0x0808,0x0807,0x0809,0x0809,0x0909,
   0x0B0C,0x0B07,0x090A,0x0A0A,0x0A0A,0x0B08,0x0709,0x0608,0x0809,0x0807,
   0x0806,0x0506,0x0504,0x0404,0x0301,0x0305,0x080C,0x0D10,0x1317,0x1C1F,
   0x2229,0x2A28,0x1E10,0xF7E4,0xD3D4,0xDDEB,0xF904,0x0703,0xFEF9,0xF4F0,
   0xF4F9,0x060F,0x1517,0x1918,0x1716,0x1616,0x1719,0x171B,0x2021,0x2424,
   0x2623,0x1F1B,0x1408,0x01FF,0xF8F6,0xE7DC,0xD3D4,0xE2EC,0xF5FA,0xF4EA,
   0xE9E9,0xF4FE,0x0710,0x1418,0x1F26,0x2B2C,0x2621,0x1D1E,0x2325,0x2731,
   0x3024,0x2014,0xE8C0,0xBBC3,0xDDF8,0x0911,0x1006,0x00F4,0xEEE5,0xE7EC,
   0xFB0B,0x1B23,0x2420,0x1817,0x1916,0x1616,0x171C,0x232E,0x3443,0x4838,
   0x2E20,0xF0C1,0xAFB1,0xC7E3,0xFD0F,0x0D08,0x01F0,0xE8E0,0xE2E8,0xF708,
   0x1729,0x2A24,0x1C14,0x110F,0x141E,0x2128,0x292E,0x3E42,0x2F28,0x1BF4,
   0xCAC4,0xC5D3,0xE7F7,0xFE03,0x00F6,0xEAE5,0xE0DF,0xEBFC,0x071A,0x2327,
   0x281F,0x150F,0x0E11,0x171E,0x2224,0x2F43,0x4336,0x2D18,0xECD0,0xC4D2,
   0xD7ED,0xF6F9,0x00F4,0xF5F3,0xECEF,0xEFF7,0x0811,0x181E,0x1F1E,0x170D,
   0x1312,0x161F,0x242B,0x3B43,0x4031,0x2A10,0xF0D8,0xCFD7,0xDBE6,0xE5EC,
   0xEBE6,0xE7E6,0xE7F0,0xF3FD,0x0A11,0x181C,0x1B1E,0x1D22,0x2426,0x2828,
   0x262F,0x3F39,0x322C,0x18F4,0xDCCC,0xCFD7,0xDFE9,0xECED,0xE8EA,0xECE9,
   0xEBF2,0xFB0A,0x171C,0x1F1F,0x1B18,0x1619,0x1C25,0x2E36,0x3F4F,0x493A,
   0x2C0C,0xE8D4,0xC5CF,0xD7E9,0xF2F4,0xF3F0,0xE8E8,0xE4E7,0xF1F9,0x0919,
   0x1E28,0x261F,0x1A0F,0x1110,0x161D,0x2C47,0x4F43,0x3620,0xF4D8,0xCDD4,
   0xDFEB,0xF1F6,0xF8FC,0xF2F0,0xE9E7,0xEFF3,0x0215,0x2226,0x2620,0x1810,
   0x0C06,0x050C,0x1F33,0x3F42,0x371C,0x00E0,0xD9DF,0xE7F4,0xF4F3,0xF5F5,
   0xF4F9,0xF8F9,0xFCFF,0x0B12,0x1D2A,0x2A24,0x2018,0x130F,0x0E11,0x1F29,
   0x3028,0x16FC,0xE9E2,0xDDE2,0xE2E6,0xEAEF,0xF701,0x0309,0x0A08,0x0004,
   0x0F1D,0x2932,0x3130,0x2A24,0x1A16,0x131D,0x1D1C,0x10F8,0xE2D2,0xCFD1,
   0xD6DD,0xE8EA,0xF0F1,0xF7FB,0x0306,0x1114,0x1B20,0x2527,0x2D2B,0x3230,
   0x3533,0x2F30,0x3226,0x1803,0xE4D4,0xC8C9,0xD4D9,0xDBDD,0xE3E6,0xE8ED,
   0xF4F8,0xFF07,0x0F1B,0x282E,0x3436,0x342F,0x2826,0x2934,0x4742,0x3928,
   0x04E8,0xCCC5,0xC4CA,0xCDD8,0xDEE6,0xE3E6,0xE1E3,0xEBF6,0x071B,0x2B34,
   0x373D,0x3C36,0x3030,0x2F33,0x4441,0x3825,0x0AEC,0xD9CF,0xD1CF,0xD3D8,
   0xD9DA,0xDDDF,0xDFDF,0xE6ED,0xFE11,0x222F,0x3433,0x2D2E,0x3134,0x3B41,
   0x524E,0x452D,0x12F0,0xD6C8,0xCDD3,0xDBE7,0xECEE,0xE9E6,0xE2E2,0xE4EC,
   0xF70C,0x1B2A,0x3030,0x2D2E,0x2E30,0x2F3B,0x4444,0x3A24,0x10F3,0xDFCE,
   0xD1D0,0xD7D9,0xDFE7,0xE7E9,0xE6E9,0xF0FA,0x0713,0x252C,0x3130,0x2B2C,
   0x2B2C,0x3446,0x4540,0x3014,0xF8E0,0xD2CD,0xCFDF,0xE0E1,0xE2E3,0xE0DC,
   0xDEE6,0xF304,0x1328,0x3535,0x302A,0x2627,0x2E39,0x4850,0x4A38,0x1C00,
   0xE1D6,0xD1D8,0xDBE0,0xDAD8,0xCFD0,0xCBD9,0xDFEF,0xFE15,0x2737,0x3D3A,
   0x342A,0x2427,0x3143,0x554F,0x432C,0x0CE8,0xD6CE,0xD3D7,0xDDE7,0xE0D8,
   0xCBC2,0xC6CF,0xDFF6,0x0B26,0x3B40,0x443C,0x322B,0x2629,0x3A4B,0x4E44,
   0x3012,0xF0DE,0xD1D7,0xE2EE,0xF2EE,0xDFCC,0xC1BA,0xBECF,0xE4FF,0x1F37,
   0x454A,0x4036,0x2D28,0x2C36,0x4747,0x4334,0x1800,0xE0CC,0xCFD3,0xE2F1,
   0xFAF9,0xEAD8,0xC8BC,0xBFCE,0xE1FF,0x213B,0x4D50,0x4738,0x2B2C,0x3247,
   0x4C48,0x381C,0x00E6,0xD4D2,0xD5DF,0xECEE,0xEDE9,0xE2D5,0xCAC5,0xD0E6,
   0xFF19,0x2F3F,0x4038,0x3332,0x3443,0x5354,0x432C,0x12FA,0xE9DF,0xDFDF,
   0xE7F0,0xF0EC,0xE6D8,0xCCC3,0xC8D6,0xE903,0x1C2F,0x3936,0x2F2C,0x272D,
   0x3F56,0x5848,0x3008,0xECDB,0xD6E3,0xECF5,0xFCFC,0xFAED,0xE1D0,0xC6C4,
   0xD1E5,0xFF1B,0x2E33,0x3430,0x2826,0x2F3F,0x4D52,0x4128,0x04EC,0xDADC,
   0xE3ED,0xF7F9,0xFCF7,0xF0E2,0xD8D3,0xD5DB,0xF10B,0x2230,0x302C,0x241C,
   0x1921,0x374A,0x4A44,0x2810,0xECDB,0xD6DE,0xE9F3,0xFAFB,0xF6EC,0xE9DE,
   0xDCD8,0xE1F3,0x071B,0x2E35,0x342C,0x2520,0x222F,0x4342,0x3822,0x06F4,
   0xE2DF,0xE7ED,0xF3F1,0xEFF0,0xE8E4,0xDCD7,0xD9E3,0xF007,0x1F2F,0x322E,
   0x2820,0x1D22,0x3345,0x443C,0x290B,0xF4E1,0xDEE7,0xF3FB,0xFCFB,0xF0E6,
   0xDBD8,0xDADB,0xE3F3,0xFF13,0x2229,0x2C27,0x2222,0x242F,0x3D47,0x4838,
   0x19F8,0xE2DA,0xDFED,0xFB02,0x04F5,0xF0E2,0xDCD3,0xD4DB,0xECFD,0x1321,
   0x2D2D,0x231E,0x1918,0x2027,0x3F48,0x4738,0x2000,0xE4D8,0xE1F0,0xF8FF,
   0xFBF6,0xE8E0,0xDAD5,0xD9DF,0xF1FD,0x111F,0x282B,0x2820,0x1E1F,0x2427,
   0x3A43,0x4438,0x2000,0xE7E4,0xE9F4,0xF5FB,0xF6F0,0xE6D9,0xD6D1,0xD6E0,
   0xEDFF,0x111F,0x1F26,0x211E,0x2022,0x282D,0x3B49,0x4B40,0x2C14,0xF4E8,
   0xDFE3,0xECF3,0xF4F0,0xEBE0,0xD4D2,0xD1DD,0xE3F4,0x0413,0x2026,0x2727,
   0x2523,0x2027,0x2D3D,0x494E,0x4632,0x17F8,0xE8E3,0xE6EA,0xEEE8,0xE2D1,
   0xCEC9,0xD3DA,0xE9F3,0xFF06,0x111D,0x2528,0x2929,0x2725,0x2B31,0x3E4F,
   0x5250,0x4020,0x04E9,0xDCDC,0xDCE0,0xDCD2,0xCBC6,0xC9D2,0xDBE7,0xF3FF,
   0x0B13,0x1F29,0x2C2C,0x2C2A,0x2F2F,0x3336,0x4151,0x5148,0x381C,0xFCDB,
   0xCAC1,0xBEC4,0xC8CF,0xD6D3,0xD4D7,0xE0EB,0xF6FF,0x0D17,0x232D,0x333C,
   0x3B37,0x3734,0x3633,0x3643,0x444A,0x3820,0x00D8,0xB9A7,0xB1B7,0xCAD6,
   0xDDE0,0xE5E9,0xECE9,0xF1F7,0x0513,0x273D,0x4849,0x413C,0x3430,0x2A2A,
   0x2725,0x2F2E,0x3224,0x10F4,0xCEB6,0xA7AB,0xBCCF,0xE5EE,0xF4F7,0xF3F1,
   0xF3F9,0x050F,0x1D2D,0x3B3F,0x4541,0x3829,0x241C,0x160F,0x0906,0x0D16,
   0x1F21,0x1400,0xD7C0,0xB3B4,0xC2DB,0xEF09,0x1215,0x0F0F,0x0E0C,0x0C0F,
   0x121A,0x232D,0x3B38,0x301C,0x08F2,0xE8E3,0xEDF9,0x081E,0x2B39,0x3428,
   0x08E6,0xD0C4,0xCFE0,0xF817,0x2327,0x2211,0x04F9,0xFBFF,0x0C15,0x1916,
   0x1002,0xF4E8,0xE4E6,0xEDFC,0x0714,0x1B1D,0x2530,0x3A47,0x453E,0x2816,
   0x00E8,0xE1DF,0xE3E9,0xF1FF,0x0C13,0x1812,0x06EB,0xDCD0,0xCED6,0xE1EF,
   0xFBFF,0x0C14,0x1B24,0x2728,0x2A2C,0x2F3D,0x4E59,0x5F58,0x4020,0xF4D1,
   0xCCC2,0xC9D2,0xDBEB,0xECEE,0xEFE9,0xEBE8,0xE2E6,0xE6F1,0xFB03,0x0F19,
   0x1E27,0x2B31,0x3837,0x3732,0x3130,0x2F31,0x3C3F,0x4334,0x16F1,0xC8A8,
   0x999F,0xB6C7,0xDBEB,0xF5FF,0x080A,0x1515,0x1310,0x0A0E,0x121C,0x2020,
   0x1F17,0x0F13,0x161E,0x2221,0x221E,0x1714,0x131A,0x2326,0x2004,0xEAD1,
   0xC4C1,0xCEE5,0xF3FF,0x060B,0x080E,0x0F18,0x1C1A,0x1009,0xFFFB,0xFBF9,
   0xFCFF,0x0004,0x0E0F,0x1316,0x151A,0x191C,0x212A,0x333F,0x4A48,0x3A25,
   0x08E0,0xCEC1,0xC1C9,0xD0DD,0xE1EB,0xF2FA,0x0106,0x0908,0x0702,0x0000,
   0xFFFD,0x0203,0x0A13,0x212C,0x373D,0x3B3E,0x3530,0x2820,0x1E1F,0x2729,
   0x2218,0x00D8,0xB4A6,0x9FB7,0xC5DB,0xEEF3,0xFDFE,0xFF0A,0x1314,0x1914,
   0x171A,0x1F26,0x2A2B,0x2829,0x2420,0x1C18,0x0C06,0xFBF4,0xF5F7,0x010B,
   0x131E,0x272F,0x2A20,0x10EC,0xD9C8,0xC4D1,0xDDEB,0xF900,0x0708,0x090F,
   0x1515,0x1311,0x100C,0x0E10,0x0F0B,0x0D09,0x0806,0x0605,0x0402,0x0204,
   0x0914,0x1B22,0x282C,0x373B,0x4749,0x4028,0x04E0,0xBCAF,0xB3B7,0xCDD7,
   0xE7F3,0xFAFF,0x070D,0x130C,0x0B0F,0x0F17,0x1A17,0x1810,0x0909,0x0A10,
   0x1418,0x1714,0x1314,0x1820,0x2228,0x2B2B,0x3035,0x342A,0x1900,0xE8CF,
   0xBBB6,0xB5BE,0xCFDB,0xE9F6,0xFB05,0x060D,0x1417,0x1C1A,0x1717,0x1512,
   0x1010,0x1210,0x110F,0x110D,0x0F12,0x171D,0x2429,0x2C2E,0x2D33,0x3839,
   0x3424,0x14F8,0xD9C2,0xB3B2,0xB7C0,0xC8CF,0xD6DB,0xE6F1,0xFC0B,0x141B,
   0x1F27,0x2B2E,0x3134,0x302C,0x2A27,0x231D,0x130D,0x0400,0x0209,0x171F,
   0x2527,0x201E,0x1B18,0x190F,0x03F4,0xD9C4,0xB8B3,0xBBCB,0xD7E3,0xECF1,
   0xF803,0x0E14,0x1D22,0x2527,0x3136,0x3F3E,0x3B34,0x2719,0x0A00,0xF2E8,
   0xE1E0,0xE9F5,0x0516,0x2127,0x2520,0x1A1F,0x2328,0x291E,0x10F4,0xDAC8,
   0xC0BF,0xC0CB,0xD0DB,0xE6F3,0xFF0F,0x1F27,0x3336,0x3A3E,0x3B38,0x2F20,
   0x1405,0xFCF6,0xF0EE,0xECEF,0xEFF6,0x010E,0x1D25,0x2A2A,0x251C,0x171D,
   0x1E20,0x1A08,0xF8DA,0xCBC1,0xC1D3,0xDBE9,0xF0F4,0xF904,0x0B1A,0x272D,
   0x3434,0x2F30,0x2621,0x1408,0xF8EC,0xE8E7,0xEBF6,0xFB02,0x0202,0x0710,
   0x171F,0x2629,0x2A2A,0x2829,0x2A27,0x2013,0x01EC,0xDCD1,0xCECF,0xD7DC,
   0xE1E5,0xF2FA,0x0513,0x1B1F,0x2423,0x2625,0x2120,0x180F,0x0700,0xF9F8,
   0xF8FC,0xFC01,0x0305,0x0C11,0x1A20,0x2529,0x2A27,0x2322,0x2122,0x211B,
   0x1000,0xE7D4,0xCEC9,0xCFD6,0xE0E7,0xEFF7,0x0107,0x1116,0x181C,0x1C22,
   0x2321,0x2014,0x07FA,0xF2EE,0xEFF3,0xF701,0x060E,0x131C,0x242D,0x3136,
   0x312A,0x2014,0x0A07,0x070B,0x1214,0x1206,0xF6EA,0xE4E1,0xDFE2,0xDCD6,
   0xD3D6,0xDFF7,0x071C,0x2326,0x2A26,0x2220,0x1A13,0x0801,0xFAF9,0xFB04,
   0x0A0E,0x1114,0x151A,0x1E20,0x201A,0x1611,0x1214,0x1B23,0x2A30,0x2E27,
   0x1B0A,0xF8E2,0xD4CC,0xC8CB,0xCFD1,0xDBE4,0xEAF6,0xFF0C,0x161B,0x1B1B,
   0x1814,0x1410,0x0C09,0x00FD,0xFBFE,0x0B12,0x181C,0x1D19,0x1A1B,0x242D,
   0x3132,0x2C26,0x1D1C,0x1D20,0x2422,0x180E,0xF9E3,0xD3C1,0xC0BF,0xC1C8,
   0xCED3,0xDDE7,0xF507,0x0F14,0x140F,0x0F0D,0x1116,0x1C1F,0x201C,0x1A17,
   0x1517,0x1617,0x1515,0x191E,0x2326,0x2924,0x201A,0x1718,0x171D,0x1E1B,
   0x1610,0x08F8,0xECE0,0xD1CA,0xC4C4,0xC7C9,0xD0D6,0xDDE5,0xEFF9,0x040E,
   0x171F,0x1F27,0x2D2B,0x2E2B,0x2620,0x1C1C,0x1915,0x1510,0x100E,0x1012,
   0x171B,0x2223,0x2424,0x2420,0x1F1D,0x1812,0x0B06,0x00F8,0xE8DE,0xCFC9,
   0xC3C1,0xC7C9,0xCFD0,0xD7DF,0xEDFB,0x0D1E,0x2932,0x393C,0x3B39,0x3224,
   0x1C10,0x0804,0x0307,0x0509,0x0A0B,0x0F17,0x1F27,0x2B2A,0x2920,0x1C1B,
   0x1C1E,0x1F1B,0x1610,0x0800,0xECE0,0xD2C7,0xC1C2,0xC4C6,0xC9D0,0xD4DF,
   0xEBFC,0x0B19,0x262D,0x3435,0x3733,0x2C23,0x180C,0x0600,0xFE01,0x0305,
   0x0B14,0x1F28,0x3137,0x3733,0x2C23,0x201D,0x1C18,0x150F,0x0906,0x01F8,
   0xF1E4,0xD8D4,0xCCC8,0xC9C8,0xC8CA,0xD0DC,0xEAFB,0x0916,0x1D26,0x2C2B,
   0x302A,0x251B,0x130D,0x0B0E,0x1015,0x1713,0x1417,0x1C23,0x2930,0x302F,
   0x2B24,0x201C,0x1A18,0x1514,0x0F0B,0x0601,0xF8EA,0xE0D4,0xCCC5,0xBDBB,
   0xBCC0,0xC7D3,0xE2EF,0xFF0F,0x1721,0x292A,0x2C29,0x2520,0x1813,0x1012,
   0x1317,0x181A,0x1B1D,0x2124,0x2828,0x2929,0x2723,0x221D,0x1C1B,0x1716,
   0x140F,0x0B06,0xFDF4,0xE6D9,0xD0C6,0xBFBB,0xB6B9,0xC2CA,0xDAE7,0xF4FF,
   0x0D13,0x2026,0x2828,0x231F,0x1718,0x1B1C,0x1B20,0x2123,0x2827,0x2823,
   0x2421,0x2122,0x2627,0x2725,0x2526,0x2826,0x2019,0x0F04,0xF4E9,0xDCD2,
   0xC2BC,0xB4AF,0xB9B7,0xC1CA,0xCDD9,0xE1EC,0xF707,0x131D,0x2328,0x2E30,
   0x2F33,0x2F2B,0x2A26,0x2323,0x201F,0x1F1C,0x1B20,0x262C,0x3031,0x2F2D,
   0x2725,0x2019,0x130C,0x06FF,0xF8EE,0xE5D8,0xD0C9,0xC4BE,0xB7B8,0xB6BC,
   0xC2CB,0xD7E4,0xEFFF,0x0C1B,0x2632,0x383B,0x3C3A,0x362D,0x2B24,0x211E,
   0x1C1D,0x1F23,0x262B,0x3032,0x3230,0x2C27,0x211C,0x1510,0x0B08,0x0400,
   0xFBF3,0xEEE5,0xDCD4,0xCAC4,0xBEBB,0xB8B6,0xB9BF,0xCED9,0xEBF9,0x0714,
   0x1B28,0x3238,0x3838,0x3531,0x2D2A,0x2827,0x2526,0x282B,0x2B2C,0x2929,
   0x2926,0x221F,0x1C18,0x1010,0x0C0A,0x0908,0x07FF,0xF9F2,0xE8E0,0xD9D0,
   0xC8C4,0xBEB9,0xBABC,0xC4CD,0xD5E1,0xEFFB,0x0913,0x212B,0x3135,0x3537,
   0x3738,0x3738,0x3834,0x302C,0x2823,0x1D1B,0x1C1B,0x1918,0x191A,0x1715,
   0x1318,0x1312,0x0D09,0x0700,0xFAF3,0xEEE8,0xE0D1,0xCAC6,0xC0BB,0xB9BD,
   0xC0C6,0xD0DC,0xE7F5,0x0615,0x232F,0x3942,0x4645,0x4441,0x3A37,0x322C,
   0x281F,0x1B19,0x191C,0x2021,0x2220,0x1F1F,0x1C1B,0x1611,0x0C07,0x04FF,
   0xF9F6,0xF5F0,0xEAE2,0xDAD4,0xC9C1,0xBEB8,0xB6B8,0xBFCB,0xD6E1,0xEFFF,
   0x1123,0x333C,0x4447,0x4744,0x3B38,0x322C,0x2826,0x2220,0x1C1B,0x2020,
   0x2121,0x211F,0x1B18,0x1514,0x1310,0x0A0A,0x0703,0x02FC,0xF8F0,0xE8E0,
   0xDACF,0xC9C2,0xB8B6,0xB5B7,0xBFCE,0xD7E5,0xF201,0x121F,0x2C38,0x4247,
   0x4345,0x4542,0x3B38,0x3029,0x231D,0x191A,0x1816,0x1819,0x1A17,0x1413,
   0x1413,0x1412,0x100F,0x0B06,0x0500,0xF9F4,0xF0E8,0xE4D8,0xCAC0,0xB6B4,
   0xB4BC,0xC6CF,0xD8E3,0xEF03,0x1727,0x343E,0x4545,0x4644,0x4440,0x3830,
   0x261F,0x1C17,0x1412,0x1212,0x181C,0x1B1E,0x1B16,0x1618,0x1817,0x0F0B,
   0x0708,0x0804,0xFAF2,0xECE5,0xDDD6,0xCCC2,0xBBB7,0xB7BC,0xBFC8,0xD6E5,
   0xF707,0x1929,0x363F,0x4443,0x4440,0x3C34,0x2E25,0x1B15,0x1312,0x1314,
   0x1516,0x1A1B,0x1D23,0x2220,0x1D1C,0x1C19,0x1312,0x0B08,0x0401,0xFAF4,
   0xEDE3,0xDBD5,0xCCC4,0xBCB8,0xBABD,0xC8D3,0xD9E6,0xF3FF,0x101F,0x2F35,
   0x3B3C,0x3B3B,0x3934,0x2D23,0x1C17,0x1416,0x1614,0x1517,0x171E,0x2322,
   0x2120,0x201F,0x1F1D,0x1711,0x0C07,0x0402,0xFAF2,0xE9E3,0xDCD6,0xD0C8,
   0xC2C0,0xBFC4,0xCBD4,0xDEEA,0xF5FF,0x0F1B,0x2933,0x383A,0x3B3B,0x3A34,
   0x2B24,0x1B18,0x1614,0x1312,0x0F13,0x1419,0x1C20,0x2020,0x1F20,0x1B1E,
   0x1912,0x0E0D,0x0B04,0xFDF3,0xEEE5,0xE0D8,0xD0C5,0xC4BF,0xC4C6,0xC8CF,
   0xDBE5,0xF2FF,0x0F19,0x272D,0x3236,0x3836,0x332B,0x2421,0x1C19,0x1814,
   0x140F,0x1317,0x1B20,0x2222,0x2224,0x2321,0x2219,0x1613,0x110D,0x0A05,
   0xFBF7,0xF1EC,0xE5DD,0xD8D5,0xD1C8,0xC3C4,0xC6CB,0xD7E6,0xEFF7,0x040B,
   0x1823,0x2D31,0x3333,0x322C,0x2324,0x211C,0x1818,0x1817,0x171B,0x1E21,
   0x2222,0x2221,0x1F1E,0x1B1A,0x1714,0x100D,0x0705,0xFBF8,0xF6F1,0xEAE0,
   0xDAD5,0xCDCA,0xC8C7,0xCBCF,0xDBDF,0xE7ED,0xF909,0x1722,0x2B30,0x2F30,
   0x2F31,0x2E2C,0x2621,0x1E1E,0x1B16,0x1918,0x1B1E,0x1D1F,0x231F,0x1E20,
   0x1C19,0x1614,0x120E,0x0906,0x01FC,0xF6F1,0xECE4,0xDBD5,0xD2CD,0xC8C4,
   0xC1C4,0xCED7,0xDFEE,0xF506,0x131F,0x2A2F,0x312F,0x3334,0x312E,0x2824,
   0x1F1E,0x1719,0x1617,0x181D,0x1F20,0x1B22,0x211E,0x1B1B,0x1C18,0x0F0B,
   0x0C09,0x0400,0xF8F0,0xE8E2,0xDCD2,0xC9C6,0xC2C0,0xC7CB,0xD1DD,0xE7EE,
   0xF80B,0x1721,0x2C31,0x3433,0x3433,0x302C,0x2A25,0x1F22,0x1C18,0x1719,
   0x1C1E,0x211B,0x1E1D,0x1A1A,0x1B1D,0x1C17,0x1110,0x0906,0x00F8,0xF5EE,
   0xE1DC,0xD9D0,0xC8C1,0xC0BC,0xBFC7,0xD3D9,0xE5F2,0xFE0E,0x181F,0x272F,
   0x3738,0x3A36,0x3230,0x2C29,0x2419,0x1A1B,0x1C1C,0x1B1F,0x1F1E,0x1D1C,
   0x1F23,0x221E,0x1D15,0x100C,0x0807,0x00F8,0xF1E7,0xDDD3,0xD0C8,0xBCB4,
   0xB4BC,0xBFC5,0xD1DC,0xE9F9,0x0D1B,0x262F,0x3439,0x3C41,0x4038,0x3432,
   0x2B22,0x211C,0x1818,0x1619,0x1719,0x1E1F,0x1E21,0x2829,0x2421,0x1912,
   0x100A,0x0500,0xF4EA,0xE0D8,0xCBC1,0xBAB2,0xB3B4,0xB9BF,0xC8D1,0xDDEF,
   0xFF14,0x242E,0x3137,0x3B46,0x4840,0x3832,0x2F27,0x2620,0x1415,0x1A1F,
   0x1F21,0x1F22,0x2126,0x2925,0x2322,0x1D18,0x1610,0x0A01,0xF4EC,0xDFD7,
   0xCCC0,0xB0AD,0xACAC,0xB2BA,0xBFCC,0xDBEE,0xFF0D,0x1C2B,0x343B,0x4143,
   0x4040,0x3C36,0x302A,0x1F1E,0x1918,0x1A1E,0x2325,0x241F,0x2028,0x2925,
   0x2422,0x1E1F,0x1911,0x0500,0xF4E8,0xDAD2,0xBFAC,0xA7A1,0xA3A7,0xB3BC,
   0xC2CF,0xDFF3,0x091B,0x2830,0x373F,0x3F45,0x433C,0x3431,0x2D25,0x1F1B,
   0x1E21,0x2427,0x292A,0x2C2F,0x332E,0x2B28,0x2924,0x2018,0x0E03,0xFBE9,
   0xDCD0,0xC0AC,0xA79F,0xA4A3,0xACB4,0xB7C5,0xDBEF,0xFF0D,0x1B24,0x333F,
   0x403C,0x3B37,0x2F2B,0x2822,0x2021,0x272D,0x2F2E,0x2D32,0x373A,0x3B39,
   0x372F,0x2E29,0x251D,0x1000,0xF4E6,0xD8C2,0xB0A3,0xA09A,0xA0A6,0xABB5,
   0xC3D5,0xE6F7,0x0612,0x1F27,0x292B,0x2828,0x2423,0x221F,0x1F1D,0x232A,
   0x3136,0x363C,0x4649,0x4649,0x4C44,0x4342,0x3E2F,0x2112,0x00E8,0xD8C4,
   0xB09F,0xA098,0x939C,0xA5AF,0xBFD5,0xE7F6,0xFF0F,0x161E,0x2522,0x1D17,
   0x120D,0x0A08,0x0C12,0x1820,0x2B33,0x3C43,0x4C53,0x5259,0x5F5D,0x5B56,
   0x482E,0x2919,0x00E6,0xD0B4,0xA6A3,0xA69B,0xA3AF,0xBFC7,0xD3DF,0xEDFF,
   0x0C10,0x1012,0x1714,0x1000,0xF9FB,0xFDFF,0x060B,0x0D1B,0x2632,0x3843,
   0x4B4F,0x5B64,0x6568,0x6154,0x442C,0x1500,0xE4D5,0xC2B3,0xB2AC,0xB4B7,
   0xBBCF,0xDDE8,0xF300,0x030A,0x0F0B,0x0E05,0x03F8,0xF2F3,0xEEF0,0xF503,
   0x0912,0x1B21,0x252F,0x3D44,0x4B50,0x5660,0x5A44,0x3F30,0x14F8,0xE0CD,
   0xB7BB,0xCFCF,0xD1DE,0xE1EA,0xFF0E,0x0800,0x0D0B,0x0A09,0x0600,0x0303,
   0xFAF5,0xF9F7,0xF5FA,0x0004,0x101A,0x2129,0x3340,0x4A51,0x5449,0x4431,
   0x1D08,0xE0C0,0xB6A6,0xA5B8,0xC3D4,0xEBFF,0x0B1F,0x3830,0x2627,0x281B,
   0x1612,0x0F10,0x0D07,0x0103,0x01FA,0x0302,0x040F,0x1713,0x172D,0x343B,
   0x4A45,0x362B,0x2800,0xD9C8,0xA898,0x9FAF,0xB0BF,0xE0E9,0xFA0E,0x1818,
   0x2627,0x1C27,0x3433,0x3633,0x352F,0x2B22,0x1316,0x130E,0x1010,0x0F17,
   0x2221,0x2A3F,0x4031,0x2D27,0x10EA,0xD0B4,0xA5B0,0xA09F,0xB7CF,0xD3D5,
   0xDADF,0xF2F8,0xEFF7,0x0F1B,0x202F,0x3C3C,0x4445,0x4344,0x3B38,0x3432,
   0x3130,0x2C30,0x3435,0x4047,0x3825,0x2007,0xE8D2,0xAF9F,0xACB0,0xB3BF,
   0xCFE8,0xD8D1,0xD8D3,0xD4E2,0xEBF0,0x0013,0x181F,0x2623,0x272A,0x2B2D,
   0x333C,0x4244,0x4445,0x3B3E,0x444B,0x4C49,0x4030,0x28F0,0xEFE2,0xA9BA,
   0xB0AF,0xBFC8,0xD7CF,0xCFD4,0xD8D0,0xD4EC,0xE9FF,0x0D0A,0x1118,0x1113,
   0x1617,0x2329,0x3341,0x4443,0x4038,0x3B3B,0x4550,0x403C,0x3330,0x10FB,
   0xD0C8,0xE1B0,0xC2E0,0xD7E4,0xE0D3,0xD4D5,0xCCD7,0xE7ED,0xFF07,0x0B17,
   0x1808,0x0F10,0x1628,0x2F43,0x4B45,0x4240,0x3331,0x3837,0x3D2F,0x1C1E,
   0x08E7,0xF0C8,0xBEBF,0xCFE0,0xD4C7,0xDBE4,0xDCD1,0xD7E7,0x0000,0x031F,
   0x2420,0x110F,0x1B10,0x091F,0x3745,0x4E53,0x5651,0x4445,0x4648,0x3C2D,
   0x2906,0x00D2,0xC0A0,0xB3D7,0xB7CB,0xDECB,0xC3D0,0xBCB8,0xCCD7,0xE5F3,
   0x0A17,0x2327,0x241A,0x1F1D,0x233C,0x4755,0x6460,0x595B,0x4C47,0x5E54,
   0x453F,0x2C00,0xD0CA,0xBFA8,0x93D7,0xD8D2,0xE4C8,0xBFB4,0xB0AD,0xBFCB,
   0xEAF3,0xF50B,0x1002,0x0002,0x0C1D,0x2F45,0x5F62,0x6B6A,0x626C,0x6773,
   0x7D70,0x4A3F,0x2810,0xC8A7,0xBFBC,0xC0B4,0xC7E7,0xE8C0,0xA7AD,0xB6B9,
   0xB8C7,0xEBFE,0x000B,0x0B0B,0xF8FA,0x0B15,0x2F3F,0x5359,0x5658,0x5859,
   0x6D70,0x5F79,0x6039,0x18EE,0xDCCF,0xCCD8,0xDFD5,0xD3D8,0xC0AF,0xA8AF,
   0xC0C3,0xC6DB,0xEEFB,0x00F5,0x06FC,0xFB07,0x192D,0x474D,0x585C,0x6453,
   0x5E60,0x4A55,0x4438,0x3603,0xD8E0,0xDFFF,0x00E3,0xF8E9,0xBDBC,0xA0AF,
   0xCCC9,0xD4E7,0xEAE7,0xF4EB,0xF6FF,0x0405,0x172B,0x3837,0x4552,0x5C50,
   0x4B60,0x4E40,0x363D,0x10E7,0xF8F4,0xE1FF,0xF1F8,0x04E2,0xD3C8,0xCCCF,
   0xB7B5,0xE0DC,0xEDF8,0xF0F9,0xF4E7,0xF4FF,0x1F3A,0x404C,0x5257,0x4345,
   0x493C,0x472A,0x24F4,0x0CE9,0xC0F3,0x14FF,0xFE00,0xFAE7,0xC8EA,0xF4CF,
   0xE8F8,0xF6F4,0xEDEB,0xF6F8,0xF6F1,0xF524,0x2A26,0x3C4B,0x5750,0x382C,
   0x2C2A,0x2D20,0x23FE,0xC4D0,0xF0EB,0xEFF0,0xEF09,0xE0D2,0xD3CD,0xECF4,
   0xF922,0x150E,0x14F9,0xF308,0xFD03,0x1633,0x403D,0x4C5F,0x4F4A,0x302B,
   0x1018,0xFFB1,0xD0E0,0xBFDD,0xE000,0xF7E0,0xC7D6,0xC7E7,0xE0F7,0x1E1A,
   0x1218,0x141B,0x1B0C,0x1320,0x1929,0x354A,0x5F53,0x4F53,0x302D,0x201F,
   0x00F8,0xD0B7,0xC7DF,0xCFDF,0xE0DF,0xD8BF,0xB7C0,0xC4E7,0x1017,0x1F23,
   0x141B,0x000B,0x1925,0x3A42,0x474D,0x535C,0x5E57,0x4B30,0x2016,0x00C0,
   0xDED8,0xB7FB,0xE2C2,0xD0BE,0xA1CE,0xB2D7,0xF8EE,0xFF0E,0x1225,0x1C29,
   0x2010,0x1D0D,0x093A,0x4D5F,0x6D68,0x7244,0x1F2C,0x2019,0x1B00,0xD0DF,
   0xBFE3,0xC0BB,0xD4CF,0xBD9B,0xAAC7,0xD0ED,0x1B14,0x1B2E,0x2030,0x2617,
   0x2C2F,0x2623,0x3F5B,0x6B64,0x5B62,0x4020,0x0409,0xEDF8,0xD0BF,0x02ED,
   0xC8C8,0xC0CD,0xBFA0,0x9FB7,0xCFE4,0xEF04,0x1F36,0x2720,0x2B2C,0x2E35,
   0x3F48,0x536B,0x6460,0x6260,0x2510,0x181A,0xE1B2,0xD0EA,0xDFC8,0xD7E4,
   0xB7B1,0xAFA0,0xABC3,0xDB10,0x0CFF,0x0913,0x1820,0x2B31,0x3F42,0x3F59,
   0x6B7F,0x6A6A,0x6830,0x001F,0x28E1,0x0DC0,0xAF08,0xAFB8,0xE0C4,0xBFB0,
   0x97BF,0xB5D0,0xEFFB,0x0F1B,0x0A1C,0x231C,0x1F37,0x3F42,0x5F74,0x7F7F,
   0x7060,0x4C28,0x1F24,0xF0FC,0xBFBB,0xE0E0,0xADC7,0xC8A7,0xABA0,0xA8BA,
   0xB7DD,0x0308,0x0B14,0x0C1E,0x1F2B,0x343B,0x4A4D,0x677F,0x7279,0x6A6F,
   0x502F,0x3420,0xF0E0,0xCFD0,0xD0CF,0xB7B0,0xC0AA,0x8B97,0xABC0,0xCDE6,
   0xF6FC,0x0E04,0x272C,0x272D,0x3A3B,0x466F,0x7C77,0x7D77,0x6810,0x3F48,
   0x2017,0xC3CD,0x00DF,0xD3C0,0xDEB8,0x8989,0x89B7,0xC7CD,0xDB03,0xF8EE,
   0x010F,0x2934,0x2B33,0x344E,0x676F,0x767F,0x7F51,0x403F,0x28E7,0x08E7,
   0xF8F8,0xE1C8,0xCDDC,0xB7AD,0x90A4,0xB1B7,0xDDD8,0xDFFF,0xEF13,0x0413,
   0x2430,0x3737,0x3B5E,0x756C,0x6975,0x7550,0x3751,0x1208,0xF0C7,0xFFEA,
   0xE2D0,0xBFC7,0xC089,0x89B7,0xC8DE,0xBFC5,0xE7E9,0xF605,0x0F2D,0x2A2F,
   0x3F53,0x6473,0x6977,0x7F58,0x3F37,0x4030,0x17CF,0xD308,0xFADF,0xD6D3,
   0xD0A8,0x8FAB,0xB1CF,0xD3D7,0xE5DC,0xE5E8,0xFFFF,0x0919,0x2E29,0x4D6F,
   0x7776,0x6E76,0x5F40,0x3F70,0x24F7,0xF0DF,0x07F8,0xD0D7,0xE4DF,0xB89A,
   0x9CA7,0xBDD1,0xDCEA,0xEDDF,0xECFB,0xF907,0x1D36,0x2D33,0x5168,0x6F73,
   0x7655,0x444E,0x4020,0x04E7,0xEF00,0x08EB,0xE6EB,0xDCAC,0x9BA4,0xBED8,
   0xDAE0,0xE2DF,0xDFE3,0xE9FF,0x0914,0x252B,0x3B4F,0x6764,0x7854,0x4760,
   0x4A42,0x2019,0xEAD9,0xF600,0xF7FA,0xEBE2,0xB8A6,0xB8B3,0xD5D8,0xDFEF,
   0xE4DF,0xF6E8,0xF200,0x0B27,0x252F,0x4557,0x6460,0x6667,0x5422,0x3C25,
   0x2204,0xE8FF,0x00F0,0xF0DF,0xDFCF,0xD8C0,0xA7BC,0xD0E7,0xDBE4,0xF5F4,
   0xF5F0,0xFF06,0x1F1D,0x2C3F,0x5260,0x5C6D,0x6450,0x3B3E,0x5030,0xF9E0,
   0xC2EC,0xF0E5,0xFFF9,0x00C8,0x98A7,0xB0BF,0xEBF2,0xF8F8,0xE5EC,0xE9FF,
   0x1024,0x1F2A,0x2138,0x4F66,0x5E73,0x6D4F,0x4020,0x372E,0x0007,0xF3D2,
   0x01E8,0xBFD1,0xDAD6,0xC3A9,0xBFB9,0xBFE0,0xE3FB,0x00F7,0x0C00,0x081F,
   0x1C22,0x343F,0x6768,0x6868,0x6040,0x3B40,0x262B,0x24F0,0xDFE7,0xF3E8,
   0xCCCF,0xCBCD,0xC0A4,0xAFCF,0xCCC8,0xCFE9,0xFCFF,0x0C17,0x1608,0x1027,
   0x3F52,0x405C,0x6F6F,0x604C,0x4740,0x223D,0x40F8,0x06E0,0xBFDD,0xD8D7,
   0xDDCA,0xDAB0,0x94AF,0xBBD7,0xE1E4,0xF6FD,0x0612,0x0F0F,0x1727,0x2A31,
   0x4750,0x6A67,0x595E,0x583A,0x3237,0x5240,0xFBD8,0xC3F0,0xCCCF,0xD4D0,
   0xD5BF,0xA4A3,0xB9CB,0xD0DC,0xEBFF,0xFB05,0x1910,0x281B,0x161F,0x3753,
   0x5453,0x605B,0x5A50,0x4047,0x5030,0x2D0C,0xEEC4,0xCBD6,0xD4CB,0xBEAB,
   0xC8C1,0xB8BE,0xD5CF,0xE3F6,0xE906,0x0C0C,0x2024,0x1719,0x2639,0x3A38,
   0x3F52,0x5F55,0x545B,0x5240,0x2030,0x2200,0xF0E4,0xBDB4,0xBEAF,0xCCE0,
   0xC7B8,0xCCCF,0xD4D2,0xFB03,0xFC0F,0x0D12,0x211C,0x141D,0x1F2C,0x322F,
   0x4350,0x4E50,0x4252,0x4037,0x2C0B,0x2818,0xE0E7,0xD89B,0xB7B8,0xD3DE,
   0xD8E0,0xD7CE,0xEFF2,0xE71B,0x0CEF,0x0715,0x130C,0x191E,0x2420,0x1F2F,
   0x3B4E,0x4740,0x3E3C,0x3434,0x2A17,0x241D,0x01D7,0xC9C0,0xBDD0,0xD0E7,
   0xE9ED,0xF3F0,0xEAED,0xDFFE,0x170B,0x0803,0xFF18,0x1819,0x1D12,0x1F21,
   0x1324,0x2927,0x363F,0x402F,0x2E15,0x1007,0x1510,0x1304,0xC8CE,0xC9BF,
   0x0F00,0x0CF0,0xDDDF,0xE2D5,0x000F,0x1E10,0xF6FF,0xFDFE,0x1023,0x2014,
   0x08FC,0xFF29,0x292F,0x3629,0x2C20,0x0F1F,0x2D31,0x2427,0x1808,0xF5DF,
   0xD2C7,0xE300,0xFF04,0xFCEC,0xD7D8,0xEAED,0xFE19,0x0604,0x00FF,0xF807,
   0x1104,0x040D,0x0C0C,0x151F,0x1B2E,0x2C20,0x212D,0x3E27,0x3F48,0x2920,
   0x00DF,0xD9EB,0xE50C,0x20F8,0xFBE0,0xC7D7,0xD6E9,0x06F9,0x00FB,0xE8EF,
   0xF8FF,0x0B0A,0x090A,0xF0FA,0x1B2A,0x231F,0x2E30,0x2E2A,0x303F,0x4835,
   0x2F23,0x2405,0x0F28,0xFEFD,0xD0C9,0xDBEC,0xF0D0,0xE3EE,0xD8C8,0xD5DB,
   0xF700,0xF0F4,0x00FF,0x0902,0x0B20,0x120A,0x152E,0x342B,0x2331,0x3E3D,
   0x4C50,0x5641,0x2B40,0x241F,0x0908,0xE5E9,0xC0C3,0xD7DC,0xECC8,0xB8C5,
   0xC7CF,0xE5E3,0xEEF3,0xFEFA,0xF90F,0x130F,0x1914,0x120C,0x192B,0x3743,
   0x3E41,0x4045,0x443F,0x5C47,0x4830,0x1128,0x18E4,0xE6F0,0xCDB8,0xA7C7,
   0xD8C0,0xC5C5,0xCFD5,0xBCDE,0xF1FB,0x0E00,0x0712,0x0D19,0x1725,0x2E20,
   0x1934,0x333E,0x3C35,0x4642,0x4044,0x3C3F,0x4330,0x1B20,0x1610,0xE0DF,
   0xCDC3,0xC2B1,0xB6BF,0xD2E2,0xCCBF,0xCDCF,0xDCDA,0xF90F,0x181A,0x200F,
   0x2334,0x2833,0x3830,0x2D27,0x3537,0x443B,0x3130,0x342E,0x1826,0x2920,
   0x140D,0x05E8,0xEFDB,0xD2D9,0xD2C4,0xBAD2,0xBFCF,0xD3CE,0xDCDA,0xE3FA,
   0x071C,0x121B,0x362D,0x2E30,0x3036,0x3A2B,0x1C12,0x2422,0x1313,0x1C1E,
   0x1E1C,0x1F24,0x2520,0x08FF,0x1727,0x0802,0x00D0,0xD0B0,0xBFDC,0xD1DC,
   0xF1E6,0xE9C8,0xD9FF,0x0F1B,0x261B,0x3238,0x2120,0x2435,0x2106,0x04F6,
   0x0112,0x111D,0x271C,0x1101,0x0A1F,0x261F,0x2725,0x1C1B,0x1817,0x10F1,
   0xF0E8,0xC5CF,0xE3D0,0xE9F2,0x04F3,0xEBE1,0xE5FB,0xFE13,0x2217,0x241B,
   0x1B10,0x0810,0x0006,0x0A0A,0x0F09,0x161D,0x1C1A,0x1A1A,0x2720,0x0D23,
   0x2129,0x2C21,0x2014,0x0009,0x0600,0xD9DF,0xF0E4,0xDFDF,0xEFF6,0xF0E0,
   0xE3F2,0xF8FF,0xFF07,0x1314,0x0800,0x1113,0x0F18,0x0405,0x04FF,0x1318,
   0x1927,0x1317,0x2522,0x2628,0x2B37,0x2B1C,0x1F15,0x2518,0x08F8,0xF706,
   0xE0D9,0xE0E2,0xEFE0,0xDFF5,0xFBF5,0xE9E8,0xF900,0xF4FC,0x0007,0x0E01,
   0x0C0B,0x04FC,0x0A07,0x1408,0x0910,0x1F38,0x2A26,0x2F23,0x2620,0x1F20,
   0x1F2C,0x2413,0x1C1B,0x140A,0x00FF,0xF8DF,0xEFEC,0xEBE4,0xEFE1,0xE4EC,
   0xE4EF,0xEFF1,0xF4FB,0xF4F5,0xF5FA,0x070F,0x030C,0x0B0F,0x180F,0x0D13,
   0x1621,0x201F,0x282B,0x2A25,0x2D2A,0x302C,0x273D,0x381C,0x1719,0xFA01,
   0x00E5,0xFCE0,0xDFE0,0xD9E2,0xE9E7,0xDAE8,0xD9D3,0xE9F5,0xF1FC,0xFB03,
   0xF8FC,0xFDFF,0xFD13,0x1815,0x0E15,0x1B27,0x2B2E,0x3136,0x3D40,0x353D,
   0x3E3B,0x3A30,0x302C,0x2420,0x0F0C,0xF0DB,0xF8F0,0xE0C8,0xBFDF,0xE0C4,
   0xD1CE,0xE7E4,0xCBD8,0xDEE5,0xF4EB,0xFF10,0x0F09,0x0716,0x191A,0x211C,
   0x272B,0x2E36,0x3743,0x3A35,0x3230,0x2E30,0x2F36,0x2D2B,0x241A,0x1612,
   0xF8E9,0xF2ED,0xEAD8,0xD0CB,0xCDCB,0xDAC5,0xD5DA,0xC6D3,0xDFE5,0xFAFC,
   0x0B0E,0x0D0C,0x0C16,0x1F1F,0x272B,0x2428,0x1C11,0x2330,0x282B,0x2D26,
   0x2D26,0x2B37,0x3428,0x1B11,0x160C,0x0719,0x1008,0xF8E7,0xECE3,0xE8D0,
   0xD7D8,0xCFE7,0xE6E4,0xEBE4,0xEBF8,0xE8F1,0xFE07,0x1C08,0x0A0C,0x0B12,
   0x0815,0x1B16,0x1B14,0x1720,0x201F,0x2B2F,0x3221,0x1E2B,0x3037,0x3427,
   0x2D32,0x180C,0x0C00,0x0AFC,0xF3FD,0xF6E0,0xDAD4,0xDDEE,0xC8D3,0xE1E0,
   0xE4E8,0xE4ED,0xFEEA,0xFF01,0xF104,0xF0FF,0x1808,0x1713,0x0F25,0x2221,
   0x2B28,0x2D2C,0x1F32,0x2933,0x442E,0x3028,0x2423,0x2019,0x1807,0x1B14,
   0x0603,0x00E6,0xEFEC,0xE8E1,0xC4CC,0xD9E3,0xE3E0,0xD8EF,0xE2CD,0xEBE9,
   0xEF05,0xF803,0x0A07,0x140F,0x0B22,0x2118,0x1C18,0x2B35,0x2529,0x2E25,
   0x3228,0x2B36,0x362E,0x2B22,0x241C,0x1E1A,0x1A13,0x07FC,0xFBFC,0xF0E4,
   0xF5F0,0xD8D0,0xC8CB,0xD8D5,0xDADB,0xDCCF,0xDDE5,0xF3E4,0xF30F,0x0810,
   0xFD0B,0x2620,0x2620,0x2330,0x2E25,0x292E,0x3134,0x2C33,0x3424,0x232B,
   0x2731,0x281A,0x2014,0x0D13,0x0B07,0x04E4,0xEAF2,0xE8EE,0xE7DC,0xE3D0,
   0xB1CB,0xC4D3,0xF3EE,0xE5F0,0xD6E5,0xEEFB,0x120A,0x0B20,0x0D16,0x1623,
   0x3428,0x272F,0x3239,0x2C27,0x3638,0x3421,0x1B2A,0x2C23,0x231E,0x1617,
   0x0704,0x1209,0x0E00,0xF0EC,0xE8EF,0xFBF0,0xD0CF,0xDBEF,0xE6CF,0xD3E4,
   0xEBF2,0xE8E5,0xF5F8,0xF50F,0x0E11,0x140D,0x1B2F,0x2017,0x2927,0x2528,
   0x222D,0x2A1F,0x2D23,0x1E1C,0x1410,0x161E,0x180E,0x0C0A,0x01FA,0x0605,
   0x0B08,0xFFF8,0xDBF0,0xFD08,0xF4F7,0xF7FF,0xF4C9,0xD7FB,0x0A04,0xEAF7,
   0xFFFE,0xF0FF,0x1B20,0x1000,0xFF03,0x0E15,0x1725,0x2A1A,0x0C0A,0x0B1E,
   0x191B,0x2320,0x140E,0x0B14,0x0E18,0x1611,0x160C,0xFCF7,0x0F0B,0x090A,
   0x0613,0x00FB,0xFBFF,0x1008,0x090C,0xF8F8,0xF6F1,0xF700,0xEAF7,0x00F1,
   0xF4F4,0xF1E7,0xF5F8,0x070A,0x0604,0x0F1B,0x0B10,0x0E17,0x1C12,0x161B,
   0x2523,0x1D1E,0x0C0A,0x100F,0x1315,0x1B10,0x1009,0x0509,0x0F23,0x1C11,
   0x0C0B,0x0A0D,0x050F,0x0306,0x11F8,0xD4E3,0xEAF4,0xEDE9,0xF701,0xE4E1,
   0xEAF7,0xFAFF,0x0806,0x0502,0x0111,0x241D,0x1710,0x0B10,0x0B18,0x1B25,
   0x261A,0x0C03,0x0C0C,0x0F1D,0x251F,0x100D,0x0D12,0x1D21,0x201A,0x1A11,
   0x0A09,0x0E10,0x1410,0x00FF,0xF9E6,0xE1DE,0xE9F0,0xE6E7,0xE8E8,0xE0E1,
   0xEEF5,0xF3FB,0xF5FF,0x05FB,0x090E,0x0F1A,0x171F,0x110D,0x131A,0x2226,
   0x2120,0x1A17,0x151B,0x1A1F,0x2924,0x2416,0x171E,0x1B20,0x231F,0x2010,
   0x0711,0x0209,0x1001,0x00F0,0xE3DD,0xDAD6,0xDDF2,0xD8DF,0xE4DE,0xE0D5,
   0xEB00,0xF0F8,0xF8FC,0x0707,0x0013,0x1D14,0x1711,0x1C27,0x1F1D,0x3134,
   0x2C23,0x2019,0x1B23,0x2423,0x281B,0x1C19,0x1617,0x1312,0x1714,0x1404,
   0x0608,0x0603,0x0600,0xEEEA,0xD9D8,0xD9E3,0xDCDE,0xE0DE,0xDDDB,0xE0EA,
   0xEBEF,0xFBFA,0x0710,0x0D18,0x1F12,0x1D27,0x2425,0x1C25,0x2E2A,0x2B26,
   0x2324,0x1C12,0x181F,0x231F,0x1A19,0x141B,0x140A,0x160F,0x1916,0x0807,
   0x08F8,0xF2FE,0x04F9,0xE6E8,0xEAE6,0xD7CC,0xDFEF,0xE0E1,0xD9E5,0xF4E7,
   0xEF07,0x0B0C,0x03FC,0x0413,0x1A19,0x2F33,0x2413,0x1423,0x2622,0x1F27,
   0x2D26,0x1912,0x1D22,0x2322,0x1718,0x120C,0x0E17,0x1610,0x0F0E,0x0C09,
   0x0200,0xF7FF,0xEEF7,0xF7E8,0xE9E0,0xDFEB,0xE0DA,0xDFE7,0xEFE9,0xE8EB,
   0x0613,0x00F7,0x030C,0x1512,0x1D20,0x2126,0x1409,0x2228,0x2420,0x1D22,
   0x181B,0x0F13,0x2126,0x1D16,0x140F,0x130C,0x1314,0x1006,0xFE0E,0x0F10,
   0x0CFB,0x06F4,0xF7F1,0xF2F6,0xF3E4,0xEB02,0xDAD3,0xE2F3,0xF7E9,0xEFF5,
   0xFE0C,0xE8EF,0x0D17,0x1107,0x1B20,0x0A12,0x1B1F,0x271F,0x2329,0x1C1F,
   0x181C,0x1F21,0x1B1A,0x1916,0x100D,0x151F,0x1A0D,0x0708,0x0A05,0x0408,
   0x0D12,0x04F3,0xF8F9,0xFBFB,0xF0E9,0xE7EE,0xEDF0,0xE0E5,0xF7F8,0xFAEB,
   0xE2EF,0xFE04,0xF9FE,0x1917,0x190A,0x0912,0x0E15,0x1C1F,0x2B25,0x1E18,
   0x181D,0x211C,0x1C21,0x2523,0x100F,0x191A,0x180E,0x1114,0x0B06,0x0307,
   0x1404,0xFE01,0xF8EB,0xF4E8,0xF504,0xF0E7,0xEBF4,0xF8E0,0xE7F0,0xE6FD,
   0xFAF3,0xFB01,0x1400,0x000D,0x0613,0x1812,0x1C1C,0x1D2C,0x201F,0x2115,
   0x2320,0x161D,0x1F24,0x2317,0x0F13,0x100A,0x1118,0x150A,0xFB04,0x0B0C,
   0x1006,0x0800,0xEDD9,0xE6F9,0xF8F4,0xF0ED,0xF4E3,0xD9D6,0xE5F7,0x05F4,
   0xE5F1,0xF5FD,0x0309,0x0C0D,0x090F,0x1B1C,0x1519,0x222A,0x2220,0x181B,
   0x2728,0x2120,0x1A1A,0x181E,0x1713,0x1619,0x1E0C,0x0509,0x0907,0x0B06,
   0x090C,0x00FA,0xFAF0,0xEFEB,0xFE01,0xF0F1,0xE9F8,0xEEE3,0xDCEE,0xF9F2,
   0xE7FF,0x0C02,0xFFF5,0x031A,0x080D,0x181F,0x2C14,0x151F,0x202B,0x1E14,
   0x251E,0x1B26,0x1818,0x1513,0x120E,0x0F11,0x1214,0x0C09,0x06FF,0xFF05,
   0x0307,0x0C00,0xF7F8,0xF7EA,0xEFF3,0xF2F8,0xF0F3,0xF9E8,0xEFF3,0xE5F3,
   0xF4F5,0xF8F9,0x0804,0x0717,0x1004,0x0A0B,0x131D,0x2326,0x241B,0x1C13,
   0x161A,0x2427,0x281B,0x110C,0x0F0B,0x1618,0x1614,0x0A01,0x0200,0x0105,
   0x0003,0x0900,0xF4F6,0xFD00,0xFAED,0xF1F4,0xEBEE,0xFAFA,0xFDFF,0xF4EB,
   0xECED,0xFE04,0x0311,0x0D0E,0x0700,0x050E,0x1321,0x251C,0x201B,0x120D,
   0x1720,0x2024,0x1D21,0x150B,0x1112,0x0F15,0x1412,0x0501,0x0B0C,0x0A08,
   0x0504,0xFDFB,0xF5F7,0x0402,0x0802,0xF6F6,0xEFEE,0xEF04,0x0D08,0xFAFF,
   0xFBF0,0xF203,0x0A07,0x0A0C,0x0E09,0xFF0B,0x1122,0x1D0A,0x0B16,0x1718,
   0x1B24,0x2216,0x1105,0x1516,0x151B,0x1008,0x0A03,0xFF07,0x0F0D,0x1106,
   0xFAF6,0xFAF9,0x0301,0x0003,0xF8FB,0xF8F9,0xFCF4,0xF706,0x0300,0xFA00,
   0x0A08,0xFB0B,0x1809,0x0401,0x071D,0x180F,0x0B0E,0x1510,0x0C13,0x1917,
   0x1B00,0xFF19,0x180F,0x1017,0x160D,0x010E,0x100E,0x110A,0x0808,0x0705,
   0x0304,0x03FC,0xFCFC,0xFFFB,0xEFF3,0xFCFA,0x00FC,0xFAFF,0x03FC,0xF5F4,
   0x0615,0x1114,0x1609,0x0B05,0x111F,0x1616,0x1211,0x1403,0x0517,0x1C10,
   0x030A,0x0D0F,0x1208,0x0607,0x0D00,0x0207,0x0C01,0xFE07,0x0A00,0x02FF,
   0xFBFD,0x01FE,0x0004,0x0802,0xFA03,0x02F1,0xFF08,0x02FA,0xFCFF,0x0B06,
   0x050E,0x0A12,0x1008,0x0F19,0x2018,0x1725,0x2015,0x151B,0x181B,0x1814,
   0x0913,0x1F0A,0x070C,0x0302,0x0401,0x0405,0xFF03,0x04FB,0xF4EF,0xFF0A,
   0x08FB,0xF3F6,0xFBF8,0xF2FB,0x0804,0xFBF9,0x0600,0xFA00,0xFE0E,0x0A0F,
   0x0C06,0x0D0E,0x0610,0x1816,0x1721,0x1A16,0x1817,0x141A,0x1F1F,0x111B,
   0x2012,0x1518,0x160E,0x0B0E,0x1504,0x05FB,0xFF0F,0x0CF3,0xF2F5,0xF6F1,
   0xF304,0xF8F5,0xF3F3,0xFBEA,0xEDF4,0xF70E,0x07F5,0xFAF8,0x0402,0xFCFF,
   0x0E0F,0x1C03,0xFA0E,0x1224,0x201B,0x2310,0x0B14,0x1317,0x222A,0x2818,
   0x120D,0x080D,0x1921,0x1E13,0x01FE,0x0008,0x0D08,0x0E16,0x03F3,0xEBF7,
   0x0806,0x09FE,0xF8F6,0xECE3,0xF40A,0x0AF0,0xEEF3,0xF3EF,0xF302,0x0905,
   0x00F0,0xF9F7,0xFC0F,0x141A,0x1205,0x070F,0x1117,0x151E,0x211D,0x1A10,
   0x1518,0x1725,0x1C11,0x1608,0x0F17,0x0B12,0x1410,0x0900,0x0F06,0xFF0D,
   0x1112,0x00F2,0xF0F9,0x070B,0x0D03,0x01F8,0xF0ED,0xEEFF,0x130C,0x03F4,
   0xEAEF,0xF8FE,0x0F07,0x02F3,0xECFF,0x0409,0x140F,0x0B06,0xF904,0x0B12,
   0x231D,0x131B,0x120C,0x1411,0x1D20,0x1F21,0x100B,0x140A,0x1316,0x1819,
   0x07FD,0x03F5,0x0608,0x0D08,0xFB03,0x04F5,0xFDFD,0x0311,0x08FB,0x0304,
   0xF5FC,0x0E14,0x06FA,0xFD01,0x0001,0x0703,0x04FF,0x0403,0x0006,0x0808,
   0x0D08,0x0407,0x0F0D,0x1110,0x0712,0x1009,0x1117,0x140F,0x1613,0x0810,
   0x060F,0x0B0D,0x1316,0x0202,0x00FF,0x1706,0x0505,0xFA09,0x00FD,0x0902,
   0x030A,0xF9FA,0x0007,0x130A,0x0B08,0x0200,0xF602,0x0D0C,0x0913,0x0D09,
   0x00FA,0x000D,0x1208,0x0609,0x0600,0xFD0B,0x1118,0x0F07,0x0CF9,0xFE09,
   0x0817,0x1A0F,0x1104,0xFB06,0xFB07,0x131E,0x1400,0xFE03,0x0209,0x100D,
   0x0E07,0x0306,0x00FD,0xFD15,0x2012,0x00FF,0x02FC,0xFC07,0x140C,0x0D15,
   0x0903,0xF801,0x0B0D,0x0C0F,0x0908,0x03FA,0x030F,0x120E,0x0503,0xFEFB,
   0xF60B,0x2010,0x07FF,0xFF06,0xF1FF,0x1215,0x1C10,0xF7FB,0xFC05,0x1013,
   0x1608,0x0F10,0xFD0B,0x0914,0x1612,0x180B,0xFF07,0x0908,0x0A10,0x100A,
   0x0C07,0x0801,0xFCFD,0x0B1A,0x140D,0x0804,0x0900,0x0512,0x0C05,0x0B0F,
   0x0E00,0xFF09,0x030E,0x0A07,0x08FA,0xFD00,0x0710,0x1004,0xF7FF,0x1204,
   0x00F5,0xFF14,0x1007,0x0409,0x1200,0xFD0E,0x0804,0x030F,0x1504,0x0704,
   0x0408,0x0C07,0x0A13,0x0E05,0x0908,0x0609,0x0D16,0x1002,0x050C,0x0A0A,
   0x070B,0x0E0C,0x0407,0x100A,0x0A0B,0x050B,0x0802,0x0406,0x1310,0x0604,
   0x0304,0x0206,0x060C,0x0F03,0x0503,0x00FD,0x0208,0x0806,0x0704,0x0100,
   0x070A,0x0A04,0x0709,0x0601,0xFE0E,0x140A,0x0904,0x0306,0x090A,0x0914,
   0x1308,0x0B09,0x070A,0x1413,0x140C,0x0A07,0x0C09,0x0C0B,0x1211,0x0807,
   0x070D,0x0702,0x0D0A,0x0F0E,0x0807,0x0607,0x02FB,0x0910,0x1007,0xF9FF,
   0x00F6,0x030A,0x0A09,0x0703,0xFEF9,0xFC05,0x1110,0x0607,0x0C09,0x0005,
   0x1110,0x1213,0x110C,0x0708,0x0911,0x1012,0x0D13,0x0E00,0x000E,0x1710,
   0x080B,0x060E,0x0B06,0x0909,0x070D,0x0701,0x0001,0x0A08,0x0F11,0x00FB,
   0x0302,0x0408,0x070C,0x0C08,0x03F8,0xFE04,0x0304,0x1110,0x0605,0x0401,
   0xFAFE,0x0F10,0x0F0F,0x0704,0x0304,0x030F,0x120C,0x0F08,0xFF08,0x080E,
   0x1414,0x0805,0x0B0E,0x080C,0x0D10,0x1009,0xFF03,0x0B11,0x0A0A,0x0905,
   0x0707,0x0C0E,0x0C0E,0x0800,0xFE03,0x0304,0x0B10,0x0901,0xFCFC,0xFE02,
   0x0C09,0x0807,0x0904,0xFC07,0x0B0E,0x0D04,0x0709,0x0708,0x070B,0x1211,
   0x0809,0x0803,0x0407,0x1312,0x0504,0x0F0A,0x0605,0x070D,0x0A05,0x0B0D,
   0x0C0E,0x0F07,0x0C03,0x0409,0x0B09,0x0C0F,0x0B09,0x0104,0x0408,0x0808,
   0x0C10,0x0C01,0x00FB,0x0712,0x0C0B,0x0906,0x0402,0x0509,0x0B0C,0x0F0B,
   0x0700,0xFC07,0x0E0B,0x0C07,0x0C06,0x0104,0x020A,0x080C,0x070C,0x0B04,
   0x0506,0x080D,0x0909,0x08FF,0x0809,0x090D,0x0C0C,0x0B0A,0x0306,0x0806,
   0x0D14,0x0A08,0x0401,0x0D0A,0x060C,0x090B,0x0103,0x0500,0x0712,0x1013,
   0x0905,0x0604,0x070B,0x1410,0x0D07,0x0401,0x040A,0x0808,0x0805,0x0B04,
   0x0304,0x030C,0x0808,0x0B08,0x0E05,0x000D,0x0604,0x0D0F,0x0D07,0x030A,
   0x0A08,0x0B0C,0x0F0D,0x060D,0x0A0A,0x0C0D,0x0F0B,0x0106,0x0407,0x0809,
   0x100A,0x0304,0x0100,0x040A,0x0408,0x070B,0x04FB,0x0608,0x0A09,0x0807,
   0x0306,0x080A,0x0B0C,0x0507,0x0705,0x060D,0x120D,0x0709,0x0707,0x0002,
   0x0D16,0x0F08,0x090A,0x0504,0x060C,0x100E,0x100A,0x0807,0x0306,0x100A,
   0x0C10,0x0C06,0x0107,0x0900,0x030F,0x1008,0xFF01,0x0601,0x040B,0x0C08,
   0x0407,0x0506,0x0504,0x0909,0x090A,0x0709,0x0305,0x0809,0x0507,0x0F07,
   0x0802,0x050A,0x0808,0x090C,0x0E0C,0x0704,0x0702,0x060D,0x0F03,0x0C0D,
   0x0005,0x0808,0x0D0B,0x110E,0x030A,0x0402,0x0808,0x0F09,0x060D,0x0605,
   0x0703,0x0A0D,0x0906,0x050A,0x0908,0x080A,0x0B0C,0x0600,0x0409,0x0608,
   0x0C0B,0x0C09,0x0508,0x0405,0x090E,0x0E0C,0x0708,0x0B06,0x080D,0x0B09,
   0x0407,0x0C01,0x0810,0x0C0C,0x0806,0x0304,0x0B0A,0x0C0E,0x0909,0x0604,
   0x0609,0x080C,0x0E0B,0x0C03,0x040A,0x0B0C,0x060B,0x0E08,0x0705,0x0506,
   0x0A0C,0x0E07,0x0507,0x0208,0x0409,0x0C07,0x0B06,0x0508,0x0203,0x0A0D,
   0x0D08,0x0607,0x0006,0x0A0D,0x100B,0x0306,0x0804,0x0609,0x0C0A,0x070D,
   0x03F9,0x040B,0x0C09,0x070B,0x0803,0x0804,0x060A,0x110F,0x0708,0x0904,
   0x090B,0x060A,0x0B0B,0x0C0B,0x0C0A,0x0708,0x0907,0x0806,0x0C0C,0x0D09,
   0x0608,0x0A08,0x0608,0x0A0C,0x0806,0x0504,0x0503,0x0606,0x0807,0x0806,
   0x0305,0x0308,0x0D0B,0x090A,0x0A07,0x0503,0x0807,0x0709,0x0C0B,0x0B06,
   0x080C,0x0903,0x0608,0x0B09,0x0C09,0x0A07,0x0808,0x0907,0x0506,0x080A,
   0x0B09,0x0808,0x0705,0x0605,0x080C,0x0A09,0x0607,0x0503,0x0608,0x0A0A,
   0x0909,0x0908,0x0304,0x0708,0x0A0A,0x0B0B,0x0709,0x0407,0x0808,0x0A0B,
   0x0B06,0x0808,0x0B0A,0x090C,0x0B05,0x0309,0x0607,0x0A0D,0x0F0B,0x0506,
   0x0406,0x060A,0x0C0E,0x0709,0x0306,0x0601,0x080D,0x0B07,0x060B,0x0806,
   0x0508,0x0709,0x0706,0x0B0A,0x0A06,0x0504,0xFF04,0x0609,0x0809,0x0C08,
   0x0407,0x0303,0x080D,0x0E0C,0x0607,0x0705,0x0709,0x0E10,0x0A0A,0x0C07,
   0x050A,0x0C0B,0x0808,0x090A,0x0605,0x0908,0x0705,0x0804,0x0609,0x060B,
   0x0807,0x0604,0x0607,0x090E,0x0908,0x0504,0x0605,0x070D,0x0E0A,0x0E0A,
   0x0804,0x0707,0x050B,0x090B,0x0C0B,0x0A08,0x0508,0x0706,0x090C,0x0C0A,
   0x0B0B,0x0709,0x0C08,0x070A,0x0807,0x0506,0x0906,0x0D0E,0x0809,0x0708,
   0x0401,0x0809,0x080A,0x0C0B,0x0907,0x0806,0x0707,0x0807,0x0708,0x0608,
   0x090A,0x0708,0x0A03,0x0903,0x0608,0x080A,0x0B0A,0x0909,0x0506,0x0808,
   0x090C,0x0F07,0x0509,0x0806,0x0706,0x0A07,0x0806,0x0809,0x0A09,0x0A0A,
   0x0708,0x0708,0x0C0B,0x0B0C,0x0906,0x0506,0x050A,0x0D0C,0x0C0A,0x0705,
   0x0306,0x0A0A,0x0A0C,0x0A09,0x0905,0x0405,0x0609,0x0A0A,0x0A06,0x0906,
   0x0405,0x0909,0x0B09,0x0608,0x0407,0x0808,0x080C,0x0B07,0x0808,0x0807,
   0x0808,0x0B0C,0x0708,0x0809,0x0606,0x0807,0x0909,0x080A,0x0605,0x0607,
   0x0704,0x090C,0x0907,0x0808,0x0B08,0x060B,0x0607,0x0807,0x090A,0x0907,
   0x090A,0x0906,0x0608,0x0709,0x0A0A,0x0A0B,0x0B08,0x0707,0x0507,0x090A,
   0x0A0B,0x0907,0x0705,0x0704,0x080B,0x0A09,0x0A07,0x0803,0x0608,0x0809,
   0x0A0B,0x0906,0x0706,0x0506,0x090C,0x0B09,0x0709,0x0606,0x0808,0x0C0B,
   0x090A,0x0808,0x0808,0x090A,0x070C,0x0708,0x0A08,0x0808,0x0A07,0x0807,
   0x0908,0x0808,0x0808,0x0605,0x0706,0x0707,0x0808,0x0703,0x0405,0x0606,
   0x0609,0x0A07,0x0806,0x0506,0x0708,0x0809,0x0B08,0x0608,0x0607,0x0808,
   0x0907,0x0806,0x0809,0x0908,0x0A0A,0x0708,0x0308,0x0808,0x090A,0x0C0B,
   0x0C09,0x0809,0x0908,0x0A0B,0x0B07,0x090A,0x0B08,0x080A,0x0709,0x0609,
   0x0A09,0x0809,0x080A,0x0906,0x090A,0x0908,0x0808,0x0709,0x0909,0x0A09,
   0x080A,0x0A07,0x090A,0x0809,0x0908,0x0809,0x0707,0x0706,0x0808,0x0808,
   0x0A07,0x0603,0x0607,0x0608,0x0807,0x0806,0x0507,0x0807,0x0809,0x0908,
   0x0709,0x0607,0x0808,0x0A07,0x0707,0x0809,0x0908,0x080A,0x0709,0x0B08,
   0x0A0A,0x0B0A,0x0B0A,0x0C09,0x080B,0x0A0A,0x0A0B,0x0707,0x0908,0x0909,
   0x0B0C,0x0B09,0x0609,0x0A0B,0x0A0A,0x0C0B,0x0907,0x0808,0x0B0A,0x0C0C,
   0x0708,0x0608,0x0A0A,0x090A,0x0B07,0x0807,0x0808,0x0808,0x0A07,0x0705,
   0x0706,0x0707,0x0708,0x0607,0x0603,0x0405,0x0505,0x0606,0x0306,0x0304,
   0x0605,0x0506,0x0705,0x0305,0x0606,0x0606,0x0807,0x0506,0x0406,0x0506,
   0x0806,0x0705,0x0305,0x0604,0x0606,0x0608,0x0503,0x0606,0x0808,0x060A,
   0x0806,0x0806,0x0606,0x0709,0x0705,0x0609,0x0809,0x0808,0x0A0B,0x0907,
   0x090C,0x090B,0x0D0A,0x070C,0x0B09,0x080A,0x0B0B,0x0D0B,0x090B,0x0808,
   0x0D0A,0x0A0C,0x0709,0x0908,0x0B0A,0x0A0C,0x0B0B,0x0C09,0x0A0B,0x0B0C,
   0x0C0D,0x0B0A,0x0908,0x090A,0x090A,0x0B0A,0x0B09,0x080B,0x0A09,0x0B0A,
   0x0C0A,0x090B,0x0C0B,0x0A0A,0x070C,0x0708,0x0A08,0x0A09,0x0A09,0x0809,
   0x0808,0x0908,0x080C,0x0705,0x0908,0x0A08,0x080A,0x0708,0x0707,0x0809,
   0x090A,0x0807,0x0906,0x0908,0x0808,0x0909,0x0708,0x0708,0x0807,0x0808,
   0x0A07,0x0509,0x0606,0x0808,0x0809,0x0706,0x0504,0x0706,0x0507,0x0707,
   0x0603,0x0607,0x0506,0x0807,0x0806,0x0809,0x0708,0x0808,0x0708,0x0708,
   0x0809,0x0908,0x0A07,0x0807,0x0508,0x0808,0x0808,0x0708,0x0605,0x0808,
   0x0808,0x0907,0x0403,0x0406,0x0608,0x0807,0x0705,0x0306,0x0506,0x0808,
   0x0708,0x0605,0x0607,0x0708,0x0809,0x0507,0x0807,0x0808,0x080A,0x0709,
   0x0608,0x0707,0x080A,0x0A07,0x0709,0x0808,0x0809,0x090A,0x0708,0x0908,
   0x0808,0x080A,0x0A08,0x0608,0x0808,0x0808,0x080A,0x0906,0x090A,0x0A08,
   0x0909,0x0B09,0x0909,0x0A0A,0x0B0A,0x0C0B,0x0C06,0x080A,0x0909,0x0A0A,
   0x0708,0x0908,0x0909,0x0A09,0x0B0B,0x0909,0x080A,0x0A09,0x0A0B,0x0707,  
},

BB[]=
{
   0x0000,0x7634,0x0202,0x0101,0x0202,0x0201,0x0102,0x0202,0x0101,0x0202,
   0x0101,0x0202,0x0201,0x0101,0x0201,0x0101,0x0102,0x0101,0x0102,0x0101,
   0x0101,0x0101,0x0101,0x0101,0x0100,0x0101,0x0101,0x0001,0x0101,0x0000,
   0x0101,0x0100,0x0001,0x0101,0x0000,0x0101,0x0000,0x0101,0x0100,0x0001,
   0x0101,0x0000,0x0101,0x0100,0x0001,0x0100,0x0000,0x0101,0x0100,0x0101,
   0x0100,0x0001,0x0101,0x0000,0x0101,0x0100,0x0001,0x0101,0x0000,0x0101,
   0x0100,0x0101,0x0101,0x0101,0x0101,0x0101,0x0101,0x0101,0x0101,0x0101,
   0x0101,0x0101,0x0101,0x0101,0x0101,0x0101,0x0101,0x0101,0x0102,0x0101,
   0x0102,0x0101,0x0101,0x0202,0x0101,0x0202,0x0201,0x0102,0x0202,0x0201,
   0x0202,0x0201,0x0202,0x0202,0x0202,0x0202,0x0202,0x0203,0x0302,0x0202,
   0x0302,0x0202,0x0303,0x0302,0x0203,0x0303,0x0203,0x0303,0x0303,0x0303,
   0x0303,0x0203,0x0303,0x0303,0x0303,0x0303,0x0303,0x0403,0x0303,0x0404,
   0x0303,0x0404,0x0404,0x0406,0x0B09,0x0B0D,0x0B10,0x181D,0x2324,0x1E19,
   0x1616,0x1C24,0x2725,0x231F,0x1D1F,0x2123,0x2422,0x1E1B,0x1917,0x1617,
   0x191B,0x1C1A,0x1818,0x191A,0x1D1E,0x1D1D,0x1D1E,0x2022,0x2322,0x201F,
   0x2124,0x272A,0x2A28,0x2422,0x2123,0x2628,0x2725,0x2320,0x1F1F,0x2021,
   0x2222,0x2221,0x1F1E,0x1D1E,0x2123,0x2524,0x2221,0x2223,0x2528,0x2929,
   0x2828,0x2828,0x2929,0x2828,0x2827,0x2624,0x2322,0x2120,0x1F1E,0x1D1B,
   0x1918,0x1717,0x1512,0x100F,0x0D0B,0x0908,0x0503,0x01FF,0xFCFA,0xF5F0,
   0xECE8,0xE5E1,0xDCD7,0xD1CD,0xC8C4,0xC1BE,0xBAB4,0xB0AC,0xA8A5,0xA29F,
   0x9E9B,0x9792,0x8F8C,0x8B8A,0x8783,0x8286,0x8C95,0x9B9A,0x928F,0x939E,
   0xACB5,0xB1A6,0x9FA0,0xADBE,0xC9C7,0xBFB8,0xB9C7,0xD8E2,0xE3DC,0xD3D2,
   0xDAE1,0xE4E1,0xD9D3,0xD1D4,0xD6D7,0xD5D2,0xD2D5,0xD6D5,0xD2CE,0xCCCD,
   0xCECC,0xC7C2,0xBCBA,0xBCBD,0xBCB9,0xB3AE,0xADAD,0xADAC,0xA9A6,0xA4A2,
   0xA09F,0x9D9B,0x9998,0x9796,0x9594,0x9495,0x9596,0x9798,0x9A9D,0xA0A2,
   0xA5A8,0xABAF,0xB4B8,0xBDC2,0xC5CA,0xCFD4,0xD9DC,0xE1E6,0xEBF0,0xF4F8,
   0xFD01,0x0307,0x0A0E,0x1219,0x222B,0x3437,0x373C,0x4551,0x5E66,0x6664,
   0x666A,0x767F,0x7F7F,0x7F7F,0x7F7F,0x7F7F,0x7F7F,0x7F7F,0x7F7F,0x7F7F,
   0x7F7F,0x7F7F,0x7F7F,0x7F7F,0x7F7F,0x7F7F,0x7F7F,0x7F7F,0x7F7F,0x7F7F,
   0x7F7F,0x7F7F,0x7F7F,0x7F7F,0x7F7F,0x7F7B,0x7775,0x7576,0x7673,0x6D67,
   0x635F,0x5D5B,0x5955,0x504A,0x4440,0x3D3A,0x3733,0x2D29,0x2522,0x1E1A,
   0x1613,0x110F,0x0D0A,0x0703,0x00FF,0xFFFD,0xFBF8,0xF4F4,0xF3EF,0xEEEC,
   0xEAE9,0xEBEA,0xE7E3,0xDFE0,0xE2E4,0xE7E6,0xE3E4,0xEAF1,0xF5F3,0xEDEA,
   0xEBF2,0xF9FB,0xF6ED,0xE9EC,0xF4FE,0x00FC,0xF5F2,0xF3F9,0xFDFE,0xFAF5,
   0xF0ED,0xEEEF,0xEEEB,0xE7E3,0xE1DF,0xDFE0,0xE2E1,0xDEDB,0xD7D7,0xDADD,
   0xDEDD,0xDBD8,0xD8DC,0xE2E9,0xEFEF,0xECEB,0xEDF3,0xFA00,0x01FF,0xFBFA,
   0xFE06,0x0D0D,0x0A05,0x0307,0x0E14,0x1510,0x0904,0x0508,0x0A08,0x01FA,
   0xF6F5,0xF5F4,0xF3F0,0xECE9,0xE8E8,0xE7E5,0xE0DC,0xDAD7,0xD4D0,0xCCC9,
   0xC5C2,0xBFBC,0xB9B3,0xAEAD,0xB0B3,0xB5B3,0xACA9,0xACB2,0xBBBE,0xB9B1,
   0xACAD,0xB6BF,0xC0B9,0xB1AD,0xB2BC,0xC6C8,0xC3BE,0xBCC0,0xC9CF,0xCFCC,
   0xC9CA,0xD0D7,0xD9D6,0xD3D2,0xD6DE,0xE4E4,0xE1E0,0xE1E7,0xF0F5,0xF6F5,
   0xF4F7,0xFF0A,0x1218,0x1B1C,0x1F26,0x2D35,0x3C3E,0x3C3B,0x3D41,0x464A,
   0x4B4A,0x4948,0x4A4C,0x4E4C,0x4A48,0x4644,0x423D,0x3835,0x332F,0x2923,
   0x1E1A,0x1613,0x110F,0x0A04,0x00FF,0xFFFE,0xFAF5,0xF1EE,0xEDEB,0xE9E7,
   0xE2DF,0xDBDB,0xDCDA,0xD7D5,0xD1CF,0xCECE,0xD2D8,0xDBDE,0xDCD8,0xDCE4,
   0xEFF9,0xF9F4,0xEFEE,0xF804,0x0C0C,0x03FD,0xFE05,0x1119,0x1814,0x1113,
   0x1D26,0x2927,0x2220,0x2429,0x2B28,0x2220,0x2125,0x2826,0x2220,0x2024,
   0x2726,0x2422,0x2327,0x2C2F,0x2C2A,0x2C32,0x393D,0x3D39,0x383A,0x4046,
   0x4946,0x413E,0x3F44,0x4949,0x4541,0x3E3E,0x4143,0x423F,0x3A35,0x3130,
   0x2F2D,0x2923,0x1E1B,0x1816,0x1412,0x0F0B,0x0704,0x0404,0x0300,0xFEFB,
   0xF9F7,0xF6F5,0xF3F0,0xECE8,0xE7E7,0xE6E4,0xE1DE,0xDBD8,0xD5D6,0xDADE,
   0xDFDD,0xD8D6,0xD9E1,0xEBEE,0xE9E2,0xDCDE,0xE8F1,0xF3EC,0xE2DF,0xE4EF,
   0xFAFD,0xF8F1,0xEFF5,0x0008,0x0800,0xF9F7,0xFA00,0x02FF,0xF9F4,0xF2F4,
   0xF8F9,0xF8F5,0xF3F4,0xF7FA,0xFDFE,0xFCFC,0xFE00,0x0509,0x0B0C,0x0C0D,
   0x1217,0x1B1D,0x1D1E,0x2022,0x2629,0x2A2A,0x2A2A,0x2C2D,0x2E2D,0x2D2C,
   0x2B2A,0x2825,0x2322,0x201E,0x1C18,0x1412,0x1212,0x120E,0x0905,0x0506,
   0x0606,0x0400,0xFDFC,0xFDFE,0xFEFC,0xF9F5,0xF3F3,0xF4F3,0xF1EE,0xEBE8,
   0xE7E5,0xE4E2,0xDFDF,0xE0E0,0xE2E1,0xDEDD,0xE1E6,0xEAE8,0xE4E1,0xE0E6,
   0xEEF3,0xF5F2,0xEDEE,0xF600,0x0A0C,0x0703,0x0309,0x1319,0x1914,0x0D0B,
   0x0E14,0x1716,0x110B,0x090A,0x0C0D,0x0C0A,0x0908,0x0808,0x0706,0x0709,
   0x0D0E,0x0C0A,0x0A0D,0x1419,0x1A18,0x1515,0x1920,0x2527,0x2320,0x2024,
   0x2A2D,0x2C29,0x2525,0x2729,0x2927,0x221C,0x1A1A,0x1A18,0x1410,0x0D0A,
   0x0909,0x0705,0x0400,0xFEFD,0xFDFC,0xFAF8,0xF7F6,0xF4F4,0xF3F3,0xF2F0,
   0xEEEB,0xEAE9,0xE8E6,0xE4E2,0xDFDD,0xDAD8,0xD5D4,0xD7D7,0xD5D5,0xD2D0,
   0xD2D6,0xD9D9,0xD6D6,0xD7DB,0xE1E4,0xE3E3,0xE4E8,0xEFF3,0xF7F8,0xF6F9,
   0xFE02,0x0606,0x0403,0x0406,0x0908,0x0705,0x0303,0x0303,0x01FE,0xFCFE,
   0x0002,0xFFFA,0xF8FA,0xFF03,0x0300,0xFEFC,0xFF05,0x0B0D,0x0B08,0x080C,
   0x1318,0x1A1A,0x1919,0x1B1F,0x2325,0x2320,0x1F1F,0x2121,0x1F1D,0x1A18,
   0x1614,0x1211,0x0E0C,0x0A08,0x0502,0x0200,0xFFFE,0xFBF8,0xF6F6,0xF6F5,
   0xF3F3,0xF2F1,0xF0F0,0xF1F0,0xEFEE,0xECEC,0xEBEA,0xE9E9,0xE6E4,0xE2E1,
   0xDFDD,0xDCDD,0xDEDD,0xDCDB,0xDAD8,0xDADE,0xE3E4,0xE5E4,0xE4E6,0xEAEF,
   0xF6F8,0xF6F5,0xF6FB,0x0208,0x0A09,0x0707,0x0B11,0x1517,0x1511,0x0F10,
   0x1315,0x1411,0x0E0B,0x0A0B,0x0D0E,0x0D0A,0x0605,0x0709,0x0B0B,0x0908,
   0x0708,0x0B0F,0x1111,0x0F0F,0x1114,0x171A,0x1B1C,0x1B1B,0x1C1F,0x2222,
   0x221F,0x1E1E,0x1D1C,0x1C1B,0x1916,0x1311,0x1011,0x110E,0x0B09,0x0706,
   0x0607,0x0604,0x00FF,0xFF00,0x0000,0xFFFE,0xFDFD,0xFDFE,0xFEFF,0xFDFB,
   0xFAF9,0xF9F8,0xF7F5,0xF3F1,0xF0EF,0xEEED,0xEBE7,0xE3E1,0xE0E0,0xE0E0,
   0xE1E1,0xE0E0,0xE2E4,0xE7EC,0xEEEE,0xEDEE,0xF0F2,0xF7FC,0xFDFB,0xFBFD,
   0x0106,0x0B0E,0x0E0C,0x0C0F,0x1216,0x1714,0x110F,0x0F0F,0x0F11,0x1210,
   0x0F0E,0x0D0F,0x1113,0x1413,0x1110,0x1011,0x1518,0x1918,0x1717,0x1A1F,
   0x2325,0x2524,0x2324,0x272A,0x2B2B,0x2826,0x2526,0x2625,0x2321,0x1F1D,
   0x1B1A,0x1917,0x1613,0x110E,0x0D0C,0x0A09,0x0705,0x0201,0x0101,0x0000,
   0x00FF,0xFEFD,0xFDFF,0xFEFF,0xFDFC,0xFBFA,0xFBFA,0xF9F7,0xF6F4,0xF3F2,
   0xF0F0,0xEEEC,0xECEB,0xEAE8,0xE5E5,0xE6E5,0xE4E4,0xE5E8,0xEBED,0xEEEE,
   0xEEEF,0xF2F7,0xFBFC,0xF9F8,0xF9FD,0x0004,0x0607,0x0708,0x090C,0x1013,
   0x1413,0x1212,0x1111,0x1010,0x0F0F,0x0D0B,0x0B0C,0x0C0D,0x0E0E,0x0D0A,
   0x090A,0x0B0C,0x0B09,0x0808,0x090A,0x0C0E,0x0E0E,0x0E0D,0x0E0F,0x100F,
   0x0E0D,0x0B0A,0x0907,0x0706,0x0504,0x0201,0x00FF,0xFFFF,0xFDFB,0xF8F6,
   0xF5F5,0xF5F3,0xF2F1,0xF2F1,0xF1F1,0xF2F2,0xF1F1,0xF1F1,0xF1F1,0xF2F3,
   0xF3F2,0xF1F0,0xF0F2,0xF3F4,0xF2F2,0xF2F2,0xF2F2,0xF2F2,0xF0EE,0xEEF0,
   0xF2F2,0xF2F3,0xF3F3,0xF4F6,0xF9F9,0xF9F8,0xFAFD,0x0002,0x0404,0x0404,
   0x060A,0x0E10,0x100F,0x0E10,0x1315,0x1617,0x1615,0x1516,0x1719,0x1817,
   0x1513,0x1313,0x1415,0x1515,0x1413,0x1213,0x1516,0x1717,0x1514,0x1416,
   0x181A,0x1B1A,0x1919,0x1C1F,0x2223,0x2321,0x2225,0x2628,0x2725,0x2220,
   0x2022,0x2324,0x2321,0x1F1E,0x1E1D,0x1E1C,0x1B19,0x1716,0x1414,0x1313,
   0x1210,0x0E0D,0x0B0C,0x0B0B,0x0907,0x0400,0xFFFE,0xFEFC,0xF9F6,0xF3F2,
   0xF0EF,0xEDEA,0xE7E5,0xE2E0,0xDFDD,0xDBD8,0xD5D3,0xD2D1,0xD2D3,0xD2D0,
   0xCECE,0xCED0,0xD1D1,0xCFCE,0xCCCB,0xCDD1,0xD4D6,0xD6D5,0xD6D9,0xDDE1,
   0xE4E4,0xE3E3,0xE5E8,0xEBEC,0xECEC,0xEDEF,0xF1F4,0xF7F9,0xFBFB,0xFAF9,
   0xFAFB,0xFE00,0xFFFF,0xFDFD,0xFF03,0x0608,0x0806,0x0607,0x0A0B,0x0B0B,
   0x0A0A,0x0B0B,0x0D0F,0x100F,0x1011,0x1111,0x1010,0x1011,0x100F,0x0D0D,
   0x0C0D,0x0E0E,0x0E0C,0x0908,0x0A0A,0x0A08,0x0503,0x0202,0x0302,0x01FF,
   0xFFFE,0xFFFF,0xFFFE,0xFCFB,0xFBFC,0xFBFC,0xFCFC,0xFBFA,0xFAFC,0xFDFE,
   0xFFFC,0xFCFC,0xFDFE,0xFFFF,0xFFFF,0x0002,0x0505,0x0403,0x0305,0x0709,
   0x0908,0x0503,0x0204,0x0606,0x0505,0x080B,0x0E10,0x1010,0x1112,0x1517,
   0x1715,0x1413,0x1517,0x1919,0x1919,0x1B1D,0x1E1E,0x1D1C,0x1B19,0x1714,
   0x110F,0x0E0D,0x0D0D,0x0D0C,0x0B0A,0x0A0A,0x0909,0x0807,0x0401,0x0000,
   0x0103,0x0607,0x0809,0x090B,0x0D0F,0x0F0D,0x0B09,0x080A,0x0C0E,0x0F0E,
   0x0D0D,0x0E0F,0x110F,0x0F0E,0x0B0A,0x0808,0x0B0C,0x0A09,0x0705,0x0606,
   0x0403,0x0200,0xFEFE,0xFEFE,0xFCF8,0xF7F7,0xF8F9,0xF7F5,0xF2F0,0xEFEF,
   0xEFEE,0xEBE7,0xE4E1,0xDFDF,0xDEDE,0xDEDB,0xD9D6,0xD5D6,0xD7D7,0xD4CF,
   0xCAC8,0xCBD3,0xDAE0,0xE0DC,0xDADB,0xE2EC,0xF3F4,0xF1EF,0xEFF4,0xFB02,
   0x0708,0x080A,0x0D11,0x1312,0x1314,0x1514,0x1310,0x1010,0x1215,0x1716,
   0x1411,0x1112,0x1414,0x1210,0x1011,0x1112,0x1517,0x191B,0x1E24,0x292C,
   0x2D2D,0x2E32,0x363A,0x3E3E,0x3D3B,0x3C40,0x4446,0x4440,0x3B38,0x3635,
   0x3533,0x302B,0x251F,0x1D1C,0x1A17,0x110B,0x0501,0xFFFF,0xFEF9,0xF4EF,
   0xEDED,0xEFED,0xEAE6,0xE2E1,0xE0E0,0xE0DF,0xDDDB,0xDBDB,0xDBD9,0xD7D6,
   0xD6D4,0xD4D0,0xCDCB,0xCBC9,0xCACA,0xC9C6,0xC4C8,0xD1DC,0xE5E8,0xE4E1,
   0xE2E8,0xF2FC,0xFEFD,0xFBFB,0x020C,0x151B,0x1D1F,0x2223,0x2422,0x2020,
   0x2223,0x2422,0x1D19,0x1719,0x1D1F,0x1B14,0x0D08,0x0604,0x0200,0xFEFB,
   0xF9F8,0xF9FA,0xFCFF,0x0001,0x0406,0x070A,0x0A09,0x0A0D,0x1319,0x1D1E,
   0x1E1F,0x2224,0x2727,0x2523,0x201D,0x1B19,0x1716,0x1513,0x0E09,0x0300,
   0xFFFE,0xFBF6,0xF0E9,0xE5E4,0xE4E4,0xE3E0,0xDCD9,0xD7D9,0xDBDC,0xDCDB,
   0xD9D8,0xD9DC,0xDFE1,0xE0DD,0xDBDB,0xDDDF,0xE0DE,0xDEDB,0xDBDB,0xDAD8,
   0xD3CE,0xCFD8,0xE4F1,0xF6F1,0xE8E6,0xE9F5,0x0207,0x04FF,0xFBFE,0x0813,
   0x1A1B,0x1C1E,0x2021,0x201C,0x1A1B,0x1E21,0x1F18,0x0F0A,0x0B0F,0x1310,
   0x0A01,0xFCF8,0xF6F6,0xF5F3,0xF1EE,0xEBE7,0xE4E3,0xE5E9,0xEEF3,0xF7FA,
   0xFD01,0x0407,0x0C13,0x191E,0x1F20,0x2225,0x2A2F,0x3334,0x3434,0x3333,
   0x3434,0x3231,0x302E,0x2C28,0x2320,0x1F1D,0x1B17,0x110C,0x0804,0x0201,
   0xFFFC,0xF7F2,0xEFED,0xECEA,0xE9E9,0xE7E5,0xE4E3,0xE2E0,0xDDD8,0xD7D7,
   0xD5D4,0xD1CC,0xCBC7,0xC4C2,0xBEB6,0xB2B4,0xBBC6,0xCFCC,0xC1BB,0xBBC4,
   0xD3DD,0xDDD9,0xD2D2,0xDBE8,0xF1F3,0xF2F3,0xF6FB,0xFFFD,0xFCFC,0xFE04,
   0x0809,0x0705,0x0507,0x0B0C,0x0B07,0x0402,0x0202,0x00FF,0xFFFF,0xFF00,
   0x0102,0x0101,0x0002,0x050B,0x121A,0x2128,0x2E33,0x393F,0x474E,0x5558,
   0x5A5B,0x5C60,0x676E,0x7374,0x706E,0x6E70,0x7272,0x6D67,0x605B,0x5958,
   0x5550,0x4943,0x3F3D,0x3933,0x2B24,0x1E1A,0x1815,0x130E,0x0A07,0x080A,
   0x0A08,0x0502,0x0100,0xFF00,0xFDFC,0xFAF7,0xF9FB,0xF9F6,0xF3ED,0xE9EC,
   0xF3FB,0x0303,0xFAF0,0xEDF1,0xFF0B,0x100C,0x03FD,0xFE06,0x1113,0x110D,
   0x0C0F,0x1312,0x0E09,0x080C,0x1010,0x0900,0xF9F6,0xF9FB,0xF9F2,0xE7E0,
   0xDDDD,0xDBD5,0xCEC6,0xC0BC,0xBBB8,0xB7B4,0xB0AD,0xABAC,0xADB0,0xB2B5,
   0xBABE,0xC5CC,0xD0D3,0xD7D9,0xDFE8,0xEFF3,0xF4F3,0xF5F9,0xFF04,0x0708,
   0x0807,0x0606,0x0505,0x0300,0xFEFC,0xF6F0,0xEBE9,0xE7E5,0xE1DB,0xD5D2,
   0xCFCE,0xCDCD,0xCAC8,0xC6C5,0xC6C6,0xC5C4,0xC4C5,0xC6C8,0xCACB,0xCFCF,
   0xCED0,0xD1D2,0xD5D4,0xD0CD,0xCFD6,0xE0EC,0xF1E9,0xE2E0,0xE7F9,0x090D,
   0x07FE,0xF9FD,0x0B19,0x1F1D,0x1918,0x2029,0x3030,0x2C2A,0x2D31,0x3330,
   0x2C28,0x272C,0x2E2E,0x2B26,0x2324,0x2423,0x1E19,0x130E,0x0B0A,0x0707,
   0x0807,0x0707,0x090B,0x0E10,0x1014,0x1B24,0x2E33,0x3534,0x353B,0x4754,
   0x5A5A,0x5857,0x5A61,0x676A,0x6966,0x6363,0x6361,0x5C56,0x5251,0x504B,
   0x433A,0x322E,0x2B28,0x2119,0x120C,0x0806,0x03FF,0xFBF7,0xF5F5,0xF4F0,
   0xECE9,0xE7E6,0xE6E5,0xE4E4,0xE3E2,0xE3E4,0xE4E4,0xE2DD,0xDBDB,0xDEE3,
   0xE9EB,0xE8E7,0xEAF0,0xFC04,0x0200,0xFEFF,0x0710,0x1212,0x1010,0x1720,
   0x2729,0x2826,0x272B,0x2D2B,0x2622,0x2123,0x2523,0x1E18,0x1412,0x1415,
   0x120C,0x05FE,0xF9F5,0xF3F1,0xF0EF,0xEBE6,0xE3E2,0xE5EA,0xEDEC,0xEAED,
   0xF2FB,0x060B,0x0A07,0x070D,0x1A24,0x2622,0x1C1A,0x1E27,0x2E2E,0x2923,
   0x1F20,0x2424,0x211A,0x120E,0x0C09,0x0703,0xFFFA,0xF4EF,0xEAE6,0xE3DF,
   0xDDDA,0xD6D2,0xD0D1,0xD3D4,0xD4D3,0xD2D0,0xD0D0,0xD1D2,0xD2D2,0xD3D0,
   0xD1D2,0xD2D4,0xD5D2,0xD1D3,0xD7DE,0xE9EE,0xEEEF,0xEFF1,0xF8FE,0x0003,
   0x0405,0x070B,0x0F12,0x1519,0x1D23,0x2729,0x2826,0x2323,0x2423,0x2221,
   0x1E1A,0x1714,0x1312,0x100D,0x0A07,0x02FD,0xF7F2,0xEDEA,0xE8E7,0xE6E4,
   0xDFDB,0xDBDE,0xE3E9,0xEEEF,0xF0F2,0xF6FD,0x060F,0x1213,0x1418,0x2029,
   0x2E30,0x3134,0x373D,0x4244,0x4341,0x4043,0x4748,0x4540,0x3A36,0x3432,
   0x2E2B,0x2721,0x1D1A,0x1613,0x0F0B,0x0705,0x02FF,0xFCF9,0xF7F6,0xF4F2,
   0xF1EF,0xEDEB,0xE8E6,0xE5E4,0xE4E5,0xE4E3,0xE0DE,0xDCD9,0xD7D7,0xDCE4,
   0xEEF7,0xF6F3,0xEFF1,0xF904,0x0A0C,0x0906,0x060C,0x1419,0x1B1C,0x1F25,
   0x2C30,0x302C,0x2A2A,0x2C2E,0x2E2B,0x2520,0x1D1D,0x1D1C,0x1A18,0x1410,
   0x0B05,0x02FF,0xFCF8,0xF3EF,0xEBE7,0xE4E4,0xE5E8,0xE9EB,0xECED,0xEEF0,
   0xF4FB,0x0108,0x0A0A,0x0D10,0x151A,0x1F22,0x2325,0x2627,0x2928,0x2726,
   0x2627,0x2725,0x211C,0x1815,0x110E,0x0B08,0x03FF,0xFCF9,0xF6F2,0xEDE9,
   0xE7E6,0xE5E2,0xDDD9,0xD5D3,0xD2D3,0xD3D0,0xCDC9,0xC6C7,0xC8C8,0xC9C8,
   0xC9C7,0xC6C4,0xC1BE,0xBEC3,0xCCD6,0xDFDF,0xDDDD,0xE1EB,0xF8FF,0x01FF,
   0xFF00,0x060D,0x1213,0x1416,0x1C24,0x292B,0x2B29,0x292B,0x2D2E,0x2D2A,
   0x2520,0x1D1A,0x1716,0x1513,0x100C,0x0703,0x01FE,0xFBF7,0xF3EF,0xECE8,
   0xE5E2,0xE2E2,0xE3E6,0xE9EA,0xEBEC,0xEFF6,0xFD03,0x0709,0x090B,0x0D11,
   0x161B,0x1C1D,0x1E21,0x2426,0x2828,0x292C,0x2D2E,0x2D2B,0x2724,0x2221,
   0x1F1D,0x1914,0x110E,0x0B09,0x0706,0x0503,0x0100,0xFEFC,0xF9F7,0xF5F2,
   0xF0EE,0xEAE6,0xE3E0,0xDFDF,0xDFE0,0xDEDC,0xD8D5,0xD5D7,0xD8DA,0xDEE1,
   0xE6EB,0xEDF3,0xF6F9,0xFE04,0x0A0F,0x1111,0x1215,0x1B1F,0x2327,0x292A,
   0x2E31,0x3335,0x3434,0x3538,0x3836,0x322C,0x2927,0x2626,0x2420,0x1A16,
   0x1312,0x110E,0x0A07,0x0401,0xFEFA,0xF7F5,0xF4F3,0xF4F4,0xF5F5,0xF6F9,
   0xFBFD,0xFF00,0x0409,0x0E0F,0x100F,0x1013,0x181C,0x1F20,0x1E1E,0x1F22,
   0x2525,0x2321,0x201F,0x1F1C,0x1915,0x110C,0x0907,0x0604,0xFFFB,0xF5F2,
   0xF2F3,0xF2F1,0xEEE9,0xE4E2,0xE1E0,0xDDD9,0xD3D0,0xCDCC,0xCAC8,0xC7C7,
   0xC6C5,0xC6C7,0xC8CA,0xCACB,0xCCD0,0xD5DC,0xE5EB,0xEDED,0xEFF4,0xFE07,
   0x0E0F,0x0E0E,0x1117,0x1F26,0x2828,0x292C,0x3236,0x3737,0x3534,0x3434,
   0x3432,0x2E29,0x2420,0x1D1A,0x1614,0x120F,0x0B08,0x0402,0x01FF,0xFEFC,
   0xF9F6,0xF3F1,0xF0F0,0xF0F0,0xF2F5,0xF7F9,0xF8F9,0xFC02,0x080E,0x1112,
   0x1111,0x1318,0x1C1F,0x201F,0x1E1E,0x1F20,0x2021,0x2222,0x211F,0x1C19,
   0x1613,0x100D,0x0A05,0xFFFD,0xFAF9,0xF6F2,0xEEEC,0xEAE9,0xE6E3,0xDFDA,
   0xD5D2,0xD0CF,0xCCC8,0xC4C1,0xBFBE,0xBBBB,0xBABB,0xBCBE,0xBEBE,0xBCBA,
   0xB8BB,0xBFC5,0xCACC,0xCDCE,0xD1D5,0xDBE1,0xE6E9,0xEBEE,0xF1F5,0xF8FA,
   0xFCFE,0x0104,0x0607,0x0605,0x0506,0x080A,0x0905,0x00FD,0xFBFB,0xFBFA,
   0xF6F1,0xECEA,0xE9E8,0xE7E4,0xE1DF,0xE0E1,0xE2E1,0xDFDE,0xDFE2,0xE5E8,
   0xE8E7,0xE8EA,0xEFF4,0xF9FD,0x0106,0x0B0F,0x1317,0x1B1F,0x2225,0x2626,
   0x2626,0x282A,0x2B2B,0x2A2C,0x2F31,0x312E,0x2C2A,0x2828,0x2827,0x241F,
   0x1A17,0x1515,0x1514,0x1312,0x100C,0x0908,0x0808,0x0704,0x00FC,0xF7F4,
   0xF2F0,0xF0F0,0xEFF1,0xF1F2,0xF3F4,0xF6F9,0xFAF9,0xF9FB,0x0007,0x0C0E,
   0x0D0E,0x121B,0x252D,0x2F2E,0x2E31,0x373E,0x4041,0x3F3F,0x4143,0x4443,
   0x4240,0x3F3F,0x3D39,0x3531,0x2D2B,0x2721,0x1A14,0x0F0C,0x0A06,0x02FE,
   0xFBF9,0xF8F8,0xF8F6,0xF5F2,0xF0F0,0xF0EF,0xEFEE,0xEDEC,0xECEE,0xF3F9,
   0xFD01,0x0407,0x0C11,0x1418,0x1A1B,0x1B1C,0x1D1D,0x1C19,0x1819,0x1B1D,
   0x1E1D,0x1D1C,0x1A1A,0x1C1D,0x1C18,0x130F,0x0C0B,0x0A08,0x0500,0xFCF8,
   0xF6F7,0xF8F6,0xF3EE,0xEAE6,0xE3E1,0xDEDA,0xD6D1,0xD0D0,0xCFCE,0xCDCB,
   0xCCCD,0xCECD,0xCCCA,0xC9C9,0xCACB,0xCED2,0xD6D9,0xDBDD,0xDFE3,0xEAF1,
   0xF5F8,0xF8F9,0xFBFF,0x0102,0x0202,0x0203,0x0505,0x0402,0x00FF,0xFFFF,
   0xFEFC,0xFAF9,0xF6F3,0xEFED,0xECED,0xEEED,0xEBE9,0xE8E9,0xEDF2,0xF5F6,
   0xF5F3,0xF3F6,0xF9FC,0xFCFA,0xF9F7,0xF9FE,0x030A,0x0E12,0x161A,0x1F23,
   0x272A,0x2D2E,0x2D2E,0x2E2E,0x2E2C,0x2B2B,0x2C2E,0x3234,0x3738,0x3737,
   0x383A,0x3B39,0x3530,0x2B27,0x2423,0x2323,0x201C,0x1916,0x1413,0x1210,
   0x0D08,0x0300,0xFFFF,0xFFFD,0xF8F5,0xF2F3,0xF5F6,0xF7F6,0xF5F5,0xF5F7,
   0xF9F8,0xF6F5,0xF5F7,0xFBFF,0x0205,0x0809,0x0B0F,0x1316,0x1817,0x1616,
   0x1514,0x1210,0x0E0D,0x0D0C,0x0A06,0x02FF,0xFFFF,0xFEFB,0xF6F2,0xEEEB,
   0xE8E6,0xE4E3,0xE2E1,0xDFDE,0xDDDD,0xDFE2,0xE4E5,0xE3E1,0xE1E3,0xE4E3,
   0xE1E0,0xE1E2,0xE2E2,0xE1E2,0xE5E9,0xEFF4,0xF6F6,0xF6F9,0xFE02,0x0303,
   0x0202,0x0202,0x0305,0x0607,0x090A,0x0C0E,0x1011,0x1214,0x1413,0x1212,
   0x120F,0x0A05,0x00FF,0xFFFD,0xFBF6,0xF0EB,0xE7E5,0xE4E4,0xE1DF,0xDDDB,
   0xD9D7,0xD5D5,0xD8DB,0xDEDE,0xDDDA,0xDADC,0xE1E6,0xEAEB,0xEAEA,0xECF1,
   0xF6FA,0xFCFF,0x0106,0x0A0B,0x0A09,0x080A,0x0E12,0x120F,0x0C0A,0x0C0D,
   0x0D0C,0x0A08,0x0605,0x0402,0x00FF,0xFF00,0x0000,0x0001,0x0203,0x0405,
   0x0507,0x0A0C,0x0C0B,0x0A08,0x0708,0x090A,0x0906,0x0301,0x0100,0x0000,
   0xFFFD,0xFAF8,0xF9FB,0xFDFF,0xFEFE,0xFF01,0x050A,0x0E11,0x1112,0x1518,
   0x1C1F,0x2020,0x2224,0x2629,0x2C2B,0x2A29,0x2728,0x2B2B,0x2924,0x1D17,
   0x110D,0x0B08,0x03FD,0xF6F0,0xEDEC,0xEEEE,0xEEED,0xECEC,0xEDEF,0xF1F2,
   0xF3F3,0xF4F5,0xF7F8,0xFAFD,0x0105,0x0A0E,0x1114,0x1718,0x191A,0x1A19,
   0x1715,0x1312,0x1112,0x1212,0x1211,0x1110,0x0F0E,0x0E0E,0x0E0D,0x0906,
   0x0507,0x090C,0x0C0B,0x0B0B,0x0E14,0x181B,0x1B19,0x1A1D,0x1F20,0x1E1B,
   0x1A19,0x1918,0x1612,0x0E0B,0x0909,0x0805,0x01FE,0xFCFA,0xF9F8,0xF5F2,
   0xEFEF,0xF0F3,0xF5F5,0xF5F6,0xFB03,0x0C12,0x1518,0x1C22,0x282D,0x2F2F,
   0x2E2F,0x3234,0x3430,0x2C2A,0x2B2C,0x2A25,0x1F1C,0x1A19,0x1610,0x0A04,
   0x00FF,0xFEFC,0xF8F6,0xF4F5,0xF7F8,0xF7F7,0xF8FA,0xFCFE,0x0002,0x0404,
   0x0507,0x0B0E,0x1214,0x1514,0x1414,0x1516,0x1512,0x0E0A,0x0807,0x0400,
   0xFBF6,0xF2F2,0xF2F4,0xF4F0,0xECEB,0xECF2,0xF7F9,0xF8F9,0xF9FB,0xFEFF,
   0x0001,0x0204,0x0607,0x0605,0x0507,0x0A0C,0x0B09,0x0706,0x0503,0x00FC,
   0xF6F1,0xECE8,0xE5E0,0xDCD9,0xD7D6,0xD5D4,0xD2D1,0xD0CF,0xCECE,0xCECE,
   0xCFD1,0xD4D7,0xDADB,0xDCDF,0xE5EB,0xF0F4,0xF7F8,0xFAFC,0xFF01,0x0201,
   0xFFFF,0xFFFF,0xFEFB,0xF9F7,0xF6F6,0xF6F4,0xF2F0,0xEDED,0xEEEF,0xF1F2,
   0xF2F3,0xF4F4,0xF5F7,0xFAFC,0xFDFE,0xFF01,0x0306,0x080A,0x0C0F,0x1113,
   0x1412,0x0F0E,0x0F12,0x1311,0x0D07,0x0403,0x0303,0x01FD,0xF8F4,0xF3F3,
   0xF3EF,0xEAE7,0xE8EC,0xF1F5,0xF5F3,0xF2F3,0xF8FE,0x0203,0x01FF,0x0001,
   0x0201,0x0103,0x0508,0x0A0A,0x0807,0x0708,0x0A0B,0x0B08,0x0401,0x0001,
   0x0101,0x0100,0xFFFE,0xFEFF,0x0101,0x0203,0x0506,0x0604,0x0202,0x0406,
   0x0708,0x0706,0x0506,0x090C,0x0C0A,0x0808,0x0A0C,0x0C0B,0x090A,0x0C0F,
   0x1213,0x1414,0x161A,0x1D1F,0x1E1D,0x1D1F,0x2120,0x1E1B,0x1B1B,0x1F23,
   0x2727,0x2625,0x272C,0x3133,0x3331,0x2D2B,0x2A2B,0x2C2C,0x2824,0x211F,
   0x2020,0x1F1E,0x1A18,0x191A,0x1C1D,0x1B18,0x1617,0x1A1B,0x1A16,0x1210,
   0x0F0F,0x0E0B,0x0806,0x0504,0x02FF,0xFDFC,0xFDFF,0x01FF,0xFBF6,0xF4F5,
   0xF7FA,0xFBFA,0xF9F9,0xF9FA,0xFCFE,0xFF02,0x0304,0x0201,0x0103,0x080A,
   0x0B0B,0x0A0A,0x0A0B,0x0D0E,0x0D0A,0x0604,0x0200,0xFEFB,0xF7F3,0xEDE9,
   0xE6E3,0xDFDC,0xD9D9,0xD9D8,0xD6D4,0xD5D6,0xDADD,0xDFDF,0xDEDF,0xE0E4,
   0xE9EC,0xEDEF,0xF1F4,0xF9FD,0x0107,0x0B0F,0x1213,0x1415,0x1617,0x191A,
   0x1716,0x1718,0x1A1B,0x1917,0x1718,0x1817,0x130E,0x0A08,0x090A,0x0B08,
   0x0300,0x0003,0x0607,0x0604,0x0303,0x0302,0x00FF,0xFEFE,0xFDFD,0xFBF7,
   0xF5F4,0xF4F3,0xF1EC,0xE8E6,0xE5E4,0xE2E0,0xDDDB,0xD9D8,0xD8D6,0xD5D3,
   0xD3D4,0xD5D6,0xD8D8,0xDBDD,0xDFE2,0xE6EB,0xEEF0,0xF1F3,0xF6F9,0xFCFF,
   0x0000,0x0103,0x0609,0x0A08,0x0503,0x0102,0x0202,0xFFFD,0xF9F6,0xF5F6,
   0xF6F7,0xF6F5,0xF5F5,0xF4F5,0xF6F9,0xFCFC,0xFCFD,0xFDFF,0x0102,0x0506,
   0x0709,0x0A0C,0x0E10,0x1214,0x1516,0x1715,0x1413,0x1211,0x1011,0x1212,
   0x100B,0x0806,0x070A,0x0B0C,0x0906,0x0506,0x090B,0x0B09,0x0809,0x0C0F,
   0x100F,0x0E0E,0x0F11,0x1314,0x1311,0x1010,0x1212,0x110F,0x0F0F,0x0F0E,
   0x0E0E,0x0D0D,0x0C0B,0x0C0B,0x0B0B,0x0B09,0x0705,0x0406,0x0706,0x0503,
   0x0304,0x0608,0x0A0C,0x0D0C,0x0C0D,0x0D0E,0x0E0F,0x0F0D,0x0A06,0x0404,
   0x0505,0x0503,0x0100,0xFEFD,0xFCFC,0xFCFE,0x0001,0x0100,0xFEFE,0xFF01,
   0x0304,0x0302,0x0202,0x0305,0x0708,0x0A0B,0x0D11,0x1418,0x1C1E,0x1F21,
   0x2225,0x292B,0x2B2A,0x292A,0x2C2C,0x2C29,0x2725,0x2424,0x2423,0x211F,
   0x1D1C,0x1D1C,0x1A18,0x1819,0x1919,0x1715,0x1312,0x0F0E,0x0C09,0x0604,
   0x0201,0xFFFD,0xFAF8,0xF8F7,0xF6F4,0xF2F1,0xF0ED,0xEBEA,0xE8E8,0xE7E7,
   0xE5E3,0xE1E0,0xE3E6,0xE8E8,0xE7E8,0xEAED,0xF2F6,0xF9FB,0xFBFD,0xFF02,
   0x0305,0x0607,0x0808,0x080A,0x0C10,0x1213,0x1414,0x1415,0x1618,0x1919,
   0x1919,0x1818,0x1817,0x1817,0x1817,0x1515,0x1516,0x1716,0x1413,0x1210,
   0x1010,0x1111,0x100F,0x0E0D,0x0D0D,0x0E0F,0x100F,0x0E0D,0x0E0F,0x0F0C,
   0x0806,0x0505,0x0403,0x01FF,0xFEFE,0xFEFF,0xFFFD,0xFBFC,0xFEFF,0xFDFA,
   0xF6F5,0xF6F7,0xF7F4,0xF0EC,0xEBEB,0xECEC,0xE9E5,0xE2E1,0xE2E3,0xE3E3,
   0xE2E1,0xE1E1,0xE3E4,0xE4E4,0xE3E2,0xE2E1,0xE2E3,0xE4E4,0xE3E3,0xE5E8,
   0xEBED,0xF0F2,0xF4F5,0xF7F9,0xFAFC,0xFEFF,0x00FF,0xFFFD,0xFCFE,0xFF00,
   0xFFFC,0xF9F7,0xF7F8,0xF7F6,0xF4F2,0xF1F1,0xF2F1,0xF0EE,0xEEEE,0xEEEC,
   0xE9E7,0xE6E6,0xE6E5,0xE4E3,0xE2E2,0xE3E4,0xE5E4,0xE3E3,0xE5E6,0xE7E7,
   0xE8E9,0xEBEE,0xF0F1,0xF2F2,0xF2F3,0xF5F8,0xF9FA,0xFBFC,0xFDFF,0x0003,
   0x0507,0x0809,0x0B0E,0x100F,0x0D0B,0x0A0C,0x0E0E,0x0C08,0x0401,0x0205,
   0x0705,0x01FC,0xFAFB,0xFCFE,0xFDFC,0xFAFA,0xFCFE,0xFF00,0xFFFF,0xFF00,
   0x0001,0x0203,0x0506,0x0606,0x070A,0x0F14,0x181B,0x1C1C,0x1D1E,0x2023,
   0x2425,0x2524,0x2425,0x282A,0x2D2D,0x2C2B,0x2B2B,0x2C2C,0x2B2A,0x2827,
   0x2626,0x2624,0x2220,0x1F1F,0x1E1C,0x1916,0x1514,0x1313,0x1312,0x100D,
   0x0C0A,0x0908,0x0606,0x0706,0x0504,0x0404,0x0504,0x0506,0x0605,0x0302,
   0x0305,0x0708,0x0909,0x0808,0x090B,0x0D0D,0x0C0B,0x0B0B,0x0B0A,0x0806,
   0x0504,0x0302,0xFFFC,0xF8F6,0xF6F6,0xF5F3,0xEFED,0xEAE9,0xE8E7,0xE6E4,
   0xE3E4,0xE5E7,0xE8E8,0xE7E6,0xE7E9,0xE8ED,0xEDED,0xECEB,0xEAEC,0xEEF1,
   0xF5F8,0xF9F9,0xF9F9,0xFAFE,0x0102,0x0404,0x0304,0x060A,0x0D10,0x1211,
   0x1112,0x1315,0x1717,0x1818,0x1818,0x1919,0x1816,0x1515,0x1514,0x120D,
   0x0B09,0x0908,0x0706,0x0402,0x0101,0x0201,0xFFFC,0xFAFA,0xFBFB,0xFBFB,
   0xFAFA,0xFBFD,0xFF01,0x0201,0x0102,0x0305,0x0709,0x0B0D,0x0D0D,0x0F11,
   0x1314,0x1414,0x1413,0x1313,0x1211,0x100F,0x0F0D,0x0905,0x0101,0x0202,
   0xFFFB,0xF6F2,0xF1F0,0xEFEC,0xE7E3,0xE2E3,0xE5E6,0xE5E2,0xE1E2,0xE4E6,
   0xE7E7,0xE6E5,0xE5E5,0xE7EA,0xEBED,0xEFF1,0xF3F5,0xF6F8,0xFAFE,0x0004,
   0x0708,0x090B,0x0E12,0x171A,0x1A19,0x1A1C,0x2023,0x2525,0x2524,0x2525,
   0x2626,0x2522,0x201F,0x1E1C,0x1A17,0x1512,0x0E0A,0x0705,0x0300,0xFEFC,
   0xFAF8,0xF4F2,0xF0EF,0xEFEF,0xEFEE,0xEDEB,0xEBED,0xF1F2,0xF2F1,0xF0F1,
   0xF5F9,0xFCFE,0xFFFE,0xFF00,0x0405,0x0606,0x0608,0x0A0C,0x0C0B,0x0A0B,
   0x0D0E,0x0F0C,0x0805,0x0304,0x0503,0x00FD,0xFBFA,0xF8F6,0xF3F0,0xEEED,
   0xEDED,0xECEA,0xE6E5,0xE6E7,0xE9EA,0xEAEB,0xEBEA,0xEAEC,0xEFF2,0xF4F5,
   0xF5F5,0xF6F8,0xFAFD,0xFF01,0x0202,0x0406,0x080A,0x0C10,0x1213,0x1415,
   0x1719,0x1B1D,0x1E1F,0x1F1E,0x1F21,0x2223,0x211F,0x2022,0x2425,0x2523,
   0x201E,0x1C1C,0x1C1A,0x1613,0x100E,0x0C0A,0x0706,0x0504,0x0303,0x0302,
   0x0100,0xFFFF,0xFEFC,0xFBFA,0xF9F9,0xFBFD,0xFF00,0x0101,0x0102,0x0304,
   0x0404,0x0505,0x0403,0x0201,0x0202,0x0303,0x02FF,0xFDFC,0xFCFD,0xFEFC,
   0xFAF7,0xF6F4,0xF3F0,0xECEA,0xE9E8,0xE9EA,0xE8E6,0xE5E5,0xE8EC,0xEDEE,
   0xEDED,0xEEEE,0xF1F4,0xF7F9,0xF9FA,0xFDFE,0xFF00,0x0104,0x0506,0x0607,
   0x0808,0x0808,0x0808,0x0909,0x090A,0x0A0A,0x0B0B,0x0C0C,0x0D0D,0x0F10,
   0x100F,0x0E0E,0x0F11,0x1212,0x1210,0x0D0C,0x0D0D,0x0E0C,0x0A08,0x0504,
   0x0201,0x0000,0x00FF,0xFEFD,0xFBFA,0xFAFB,0xFCFD,0xFBFA,0xF8F9,0xFAFC,
   0xFEFF,0xFFFF,0xFFFF,0x0204,0x0607,0x0707,0x0708,0x0909,0x0A0A,0x0906,
   0x0401,0xFFFF,0xFEFE,0xFDFB,0xF9F7,0xF7F7,0xF7F6,0xF4F2,0xF0EE,0xECEA,
   0xE9EA,0xEBEA,0xE9E9,0xE9E9,0xEBEC,0xEFF0,0xEEED,0xEFF1,0xF3F4,0xF5F6,
   0xF7F7,0xF6F6,0xF6F7,0xF7F8,0xF7F7,0xF7F7,0xF7F9,0xFCFF,0xFF00,0x0002,
   0x0508,0x0B0D,0x0E0E,0x0E0F,0x1316,0x1716,0x1516,0x191C,0x2021,0x2120,
   0x2021,0x2426,0x2624,0x2321,0x2020,0x2020,0x2120,0x1F1E,0x1D1C,0x1C1C,
   0x1C1D,0x1E1E,0x1E1F,0x2022,0x2326,0x282A,0x2A2B,0x2C2E,0x3030,0x2E2B,
   0x2929,0x2928,0x2826,0x2523,0x201E,0x1B19,0x1614,0x110F,0x0C07,0x02FE,
   0xFCFA,0xF9F6,0xF4F1,0xEEEC,0xEBEA,0xEBEA,0xE9E7,0xE6E6,0xE6E6,0xE7E9,
   0xEAE9,0xE9EB,0xEDF0,0xF1F2,0xF3F3,0xF3F3,0xF2F1,0xF1F0,0xF0F0,0xF0F0,
   0xEEED,0xEDED,0xEEEF,0xEFEE,0xEDED,0xEDEF,0xF1F2,0xF1F0,0xEFEF,0xF0F2,
   0xF4F5,0xF5F5,0xF4F5,0xF8FA,0xFCFC,0xFBF9,0xFAFB,0xFDFE,0xFFFD,0xFCFA,
   0xF9FB,0xFDFE,0xFFFF,0xFFFF,0xFF00,0x0306,0x0707,0x0606,0x090C,0x1011,
   0x1212,0x1315,0x181B,0x1D1C,0x1B1B,0x1C1C,0x1C1C,0x1C1D,0x1D1B,0x1917,
   0x1718,0x1818,0x1614,0x100C,0x0A08,0x0704,0x01FF,0xFFFE,0xFCFA,0xF8FA,
   0xFBFC,0xFCFB,0xF9F7,0xF7F8,0xFAFC,0xFCFB,0xFCFD,0xFF00,0x0103,0x0506,
   0x0604,0x0201,0xFFFE,0xFDFD,0xFBF8,0xF4F1,0xF0F0,0xF0EF,0xEDEA,0xE7E6,
   0xE6E7,0xE6E4,0xE1DD,0xDBDA,0xDBDB,0xDBDB,0xDBDB,0xDCDE,0xE0E1,0xE3E5,
   0xE7EA,0xECED,0xEEEF,0xEFF0,0xF2F7,0xF9FB,0xFDFC,0xFA00,0x0308,0x0A0B,
   0x0B0C,0x0D10,0x1316,0x1718,0x1819,0x1C1F,0x2123,0x2628,0x2827,0x2626,
   0x282A,0x2C2C,0x2C2B,0x2B2D,0x2E30,0x312F,0x2D2C,0x2D2D,0x2B28,0x2523,
   0x2120,0x1F1E,0x1D1A,0x1817,0x1817,0x1614,0x1313,0x1314,0x1516,0x1616,
   0x1718,0x1B1E,0x2020,0x2021,0x2325,0x2829,0x2927,0x2524,0x2424,0x2422,
   0x1F1C,0x1A17,0x1514,0x1311,0x100F,0x0E0B,0x0805,0x0303,0x0201,0xFFFE,
   0xFBF9,0xFAFA,0xFBFA,0xF9FA,0xFAFC,0xFF00,0xFFFF,0xFF00,0x0204,0x0506,
   0x0708,0x0A0C,0x0D0E,0x1011,0x1214,0x1615,0x1415,0x171A,0x1C1B,0x1A1A,
   0x1D20,0x2222,0x201E,0x1C1C,0x1D1C,0x1914,0x0F0C,0x0B0A,0x0703,0xFDF8,
   0xF5F2,0xEFED,0xEAEB,0xEDEE,0xEDE6,0xDCD8,0xD9DE,0xE1DC,0xD0C4,0xC0C4,
   0xCED5,0xD1C8,0xBEBA,0xBFC9,0xCDC9,0xC0B7,0xB4B7,0xBBBB,0xB9B5,0xB0AE,
   0xB0B2,0xB4B4,0xB1AE,0xABA8,0xA8AA,0xACAD,0xAAA5,0xA1A0,0xA5AC,0xB1B2,
   0xAFAB,0xA9AB,0xB0B4,0xB7B6,0xB2B0,0xB0B1,0xB3B6,0xB7B9,0xBBBB,0xBBBB,
   0xBDBF,0xC1C2,0xC3C4,0xC4C5,0xC7C9,0xCCCD,0xCCCD,0xD1D5,0xD9DB,0xDADB,
   0xDDE1,0xE7EE,0xF2F4,0xF5F6,0xFC02,0x080B,0x0E0F,0x1215,0x181C,0x1F20,
   0x2123,0x2527,0x2928,0x2829,0x292A,0x2B2D,0x2E2E,0x2D2C,0x2B2B,0x2C2D,
   0x2C2A,0x2623,0x2121,0x201F,0x1E1B,0x1816,0x1514,0x151A,0x1F25,0x2724,
   0x2429,0x3039,0x3D39,0x322F,0x333B,0x4444,0x3D37,0x3438,0x4249,0x4742,
   0x3C3A,0x3D3E,0x3E3C,0x3834,0x3332,0x3331,0x2E2A,0x2623,0x2426,0x2524,
   0x211A,0x1715,0x1519,0x1916,0x120F,0x0C0B,0x0B0C,0x0E0F,0x0E0C,0x0C0D,
   0x0E10,0x1011,0x1314,0x1517,0x1817,0x1515,0x181C,0x2021,0x201F,0x2125,
   0x2A2E,0x3030,0x3031,0x3438,0x393A,0x3A3A,0x3B3E,0x3F3E,0x3E3D,0x3C3D,
   0x3E3F,0x4040,0x3D3A,0x3836,0x3635,0x332E,0x2924,0x2221,0x1F1C,0x1712,
   0x0F0E,0x0D0C,0x0A08,0x0706,0x0707,0x0705,0x0200,0xFFFF,0xFFFE,0xFBF8,
   0xF6F4,0xF2F4,0xF8FC,0x0000,0xFDFE,0x0309,0x0F10,0x0A06,0x060B,0x1317,
   0x130D,0x090A,0x1219,0x1B16,0x100C,0x0C0F,0x1110,0x0D07,0x01FE,0xFEFF,
   0xFFFB,0xF5F0,0xEEEE,0xEEEF,0xEDE8,0xE5E2,0xE1E3,0xE4E2,0xE1E0,0xDFE0,
   0xE0E0,0xE2E4,0xE5E6,0xE7E8,0xECF2,0xF6FA,0xFBFA,0xF9FB,0xFE02,0x03FF,
   0xFAF7,0xF8FC,0xFEFB,0xF6F2,0xF0F3,0xF7F8,0xF4ED,0xE7E6,0xE7E6,0xE3DE,
   0xD9D7,0xD6D6,0xD4D1,0xCFD0,0xD0D1,0xD1CD,0xCAC9,0xCBCF,0xD2D1,0xCFCF,
   0xD0D3,0xD6D9,0xDAD8,0xD6D5,0xD7D9,0xD8D5,0xD1CD,0xCDCE,0xCFCF,0xCCC6,
   0xC1BE,0xBBBA,0xB9B7,0xB4B1,0xADAB,0xA9A8,0xACB3,0xB5B8,0xB8B3,0xB5BF,
   0xC9CF,0xD1CC,0xC9CC,0xD5DE,0xE3E0,0xDBDB,0xE1EA,0xF3F5,0xF2F1,0xF4F8,
   0xFF04,0x0401,0xFFFF,0x0105,0x0706,0x0504,0x060A,0x0E11,0x1416,0x1618,
   0x1B1E,0x2226,0x2829,0x2A2D,0x3034,0x3A3F,0x4141,0x4040,0x4349,0x4E52,
   0x5250,0x4C49,0x4B50,0x5455,0x524D,0x4949,0x4A4D,0x4D4B,0x4541,0x3F40,
   0x4344,0x3F3A,0x3737,0x3A40,0x413E,0x3B37,0x3638,0x3B3C,0x3A35,0x312F,
   0x2D2C,0x2B2A,0x2724,0x211D,0x1B19,0x1612,0x0D09,0x0503,0x0100,0xFEFA,
   0xF5F1,0xEFEF,0xEEEC,0xE7E2,0xDFDE,0xDEDE,0xDDDC,0xD8D3,0xD2D2,0xD1D0,
   0xCCC7,0xCBD2,0xD5DD,0xE0DD,0xE2EC,0xF6FF,0x0403,0x0307,0x0D15,0x1816,
   0x1516,0x1B23,0x292B,0x2B2B,0x2E32,0x373D,0x3E3B,0x3731,0x2E2C,0x2A28,
   0x241C,0x140E,0x0B0B,0x0C0B,0x0602,0x0001,0x0406,0x0602,0xFEFD,0xFF04,
   0x0706,0x01FE,0xFF04,0x0A0E,0x1112,0x1214,0x171A,0x1F22,0x2424,0x2322,
   0x2120,0x1F1E,0x1B17,0x1616,0x1818,0x1511,0x0F10,0x1315,0x1411,0x0E0A,
   0x0809,0x0A0A,0x0807,0x0708,0x0A0A,0x0908,0x0809,0x0908,0x0501,0xFEFB,
   0xFBFB,0xF9F5,0xF1EE,0xEEEE,0xECE9,0xE6E3,0xE1E1,0xE0E0,0xDFDD,0xDBDB,
   0xDCDD,0xDEDE,0xDEDE,0xDFE1,0xE2E4,0xE7E9,0xE9EC,0xEDEF,0xF5FC,0xFF06,
   0x0A09,0x0E17,0x1E24,0x2624,0x2326,0x2A2D,0x2C27,0x221F,0x1E1F,0x1F1C,
   0x1611,0x0E0C,0x0C0A,0x0500,0xFCF7,0xF4F1,0xEDEB,0xE7E2,0xDFDE,0xE0E4,
   0xE6E6,0xE6E6,0xEBF4,0xFD03,0x0401,0xFF01,0x070E,0x110D,0x0A0B,0x0F15,
   0x1A1A,0x191C,0x2126,0x2A2A,0x241F,0x1D1D,0x1E1C,0x1711,0x0B08,0x0807,
   0x0604,0x0301,0xFFFF,0xFFFE,0xFDFA,0xF7F6,0xF4F4,0xF6F7,0xF6F5,0xF4F5,
   0xF9FD,0xFF00,0xFF00,0x0102,0x0405,0x0504,0x0303,0x0304,0x0403,0x0406,
   0x0809,0x0A0A,0x0B0C,0x0C0D,0x0E10,0x100F,0x0F0F,0x1011,0x1111,0x100F,
   0x0E0D,0x0C0C,0x0B08,0x0500,0xFDFB,0xF6F3,0xF4F5,0xF3F3,0xF0ED,0xF2FB,
   0x0003,0x02FD,0xFBFE,0x0208,0x0903,0xFCF8,0xF9FE,0x0203,0x00FE,0xFEFE,
   0x0002,0x02FE,0xF8F3,0xF1F3,0xF3EF,0xEAE3,0xE0E3,0xE9ED,0xEEE9,0xE3E2,
   0xE6EE,0xF3F0,0xE8E1,0xE0E4,0xEAED,0xEDE7,0xE4E6,0xEDF5,0xF8F6,0xF1EE,
   0xEFF3,0xF6F3,0xEEE7,0xE3E2,0xE4E6,0xE6E3,0xE0E0,0xE4EB,0xF1F2,0xF0EE,
   0xF0F4,0xFAFF,0x00FE,0xFCFF,0x0610,0x191E,0x1F21,0x262D,0x353C,0x4142,
   0x4140,0x4143,0x4544,0x423F,0x3D3B,0x3A39,0x3735,0x322F,0x2C2A,0x2823,
   0x1D17,0x1411,0x0E09,0x0500,0xFFFE,0xFDFD,0xFCF9,0xF6F4,0xF4F5,0xF5F2,
   0xEEEB,0xEAEA,0xEAE9,0xE6E1,0xDDDB,0xDDE3,0xE7E7,0xE6E3,0xE3EB,0xF3F6,
   0xF5F1,0xEAEA,0xEFF5,0xF4EE,0xE5DD,0xDFE6,0xECF0,0xEBE1,0xDAD7,0xD7DE,
   0xE5E3,0xDFD9,0xD3D3,0xD8DA,0xD9D7,0xD1CE,0xD0D5,0xD9DA,0xD8D6,0xD8DD,
   0xE4EC,0xF1F2,0xF6F7,0xFA01,0x0A10,0x1313,0x1217,0x1E23,0x2626,0x2526,
   0x2A30,0x3537,0x332F,0x2E33,0x3A3E,0x3D37,0x3230,0x3336,0x3633,0x2E29,
   0x2729,0x2C2E,0x2C29,0x272A,0x2F33,0x3738,0x3735,0x3535,0x3738,0x3532,
   0x2E2B,0x2B2B,0x2A29,0x2928,0x2727,0x2727,0x2523,0x2121,0x2120,0x1D1A,
   0x1714,0x1313,0x1313,0x110F,0x0D0B,0x0C0D,0x0D0A,0x0703,0xFFFC,0xFAF8,
   0xF3EE,0xE6E1,0xDCD8,0xD2CA,0xC2BB,0xBABE,0xBFBE,0xBBB5,0xB2B8,0xBFC3,
   0xC0B7,0xACAA,0xAFB2,0xB2AC,0xA3A0,0xA4AB,0xB0B3,0xB2AF,0xB3BC,0xC5CA,
   0xCBC8,0xC6CA,0xD2DA,0xDFDF,0xDDDC,0xE0E8,0xF3FD,0x0000,0x0207,0x101A,
   0x1F21,0x2223,0x2322,0x2221,0x201E,0x1C19,0x140D,0x0705,0x0506,0x03FD,
   0xF6F0,0xEDEB,0xE8E4,0xDFD9,0xD4D2,0xD1D0,0xCECB,0xCACC,0xD0D3,0xD5D4,
   0xD3D4,0xD6D9,0xDBDC,0xDCDB,0xDBDD,0xE0E2,0xE4E5,0xE7E9,0xEBEB,0xE9E8,
   0xE8E9,0xEBEC,0xECEB,0xEAEA,0xECEF,0xF3F4,0xF5F6,0xF7F8,0xF9FA,0xFAFA,
   0xF9F8,0xF6F7,0xFAFC,0xFDFD,0xFCF9,0xFAFE,0x0207,0x0804,0xFFFF,0x0005,
   0x0909,0x0503,0x0306,0x0C12,0x110F,0x0D0C,0x111C,0x282F,0x363B,0x3C41,
   0x4B56,0x5F64,0x6360,0x5E5F,0x6162,0x625F,0x5D5B,0x5A59,0x5B5C,0x5D5B,
   0x5753,0x4F4C,0x4945,0x3F37,0x312D,0x2C2B,0x2926,0x2529,0x2E35,0x3938,
   0x3839,0x3C3F,0x403A,0x3229,0x2320,0x1E1C,0x1713,0x0F0E,0x0E0F,0x0E0B,
   0x0905,0x0201,0xFFFB,0xF6F1,0xEEEE,0xEFF0,0xF2F3,0xF4F6,0xF9FC,0xFEFF,
   0xFDF8,0xF4F2,0xF1EF,0xECE8,0xE3DE,0xDEE1,0xE6E9,0xE8E7,0xE6E9,0xF0F5,
   0xF8F7,0xF3F2,0xF4F7,0xFBFC,0xFAF8,0xF7F8,0xFCFF,0xFFFE,0xFCFA,0xF8F6,
   0xF5F5,0xF3F2,0xEFEF,0xF0F1,0xF5F8,0xFBFD,0xFDFE,0x0004,0x080B,0x0C0C,
   0x0D0F,0x1418,0x1C1E,0x2021,0x2022,0x2323,0x2321,0x1D1A,0x1B22,0x2A31,
   0x322D,0x2A2D,0x3640,0x423A,0x2E28,0x262A,0x2F2B,0x2119,0x1515,0x1A1D,
   0x1915,0x1110,0x1415,0x120D,0x0802,0xFFFF,0xFDFE,0x0101,0x0204,0x0609,
   0x0D0F,0x0D0A,0x0500,0xFFFD,0xF9F1,0xE9E3,0xE3E7,0xE9E6,0xE3DF,0xDFE3,
   0xE7E7,0xE5DE,0xD8D6,0xD7DB,0xDCD9,0xD5D3,0xD6DC,0xE3E8,0xEAEA,0xE8E6,
   0xE6E6,0xE5E1,0xDBD3,0xCCC6,0xC2C1,0xC3C3,0xC2C0,0xBFC3,0xCBD5,0xDEE3,
   0xE6E8,0xEBF2,0xF7FB,0xFDFB,0xFBFE,0x0103,0x0403,0x0203,0x0508,0x0909,
   0x0808,0x0808,0x090A,0x0B0B,0x0B0A,0x0807,0x0606,0x0603,0xFFFC,0xFAF9,
   0xF7F5,0xF2ED,0xEAE8,0xE5E3,0xE1DD,0xDAD6,0xD4D3,0xD0CC,0xC8C5,0xC3C2,
   0xC4CA,0xD3DB,0xE1E1,0xE1E5,0xEDF8,0x0102,0xFFF8,0xF3F4,0xFD03,0x04FD,
   0xF2EA,0xECF4,0xFBFC,0xF4E7,0xDDDB,0xDEE5,0xE9E4,0xDBD7,0xDCEA,0xFA05,
   0x0908,0x0A12,0x1D28,0x2B24,0x1A14,0x1318,0x1A16,0x0E07,0x0305,0x090C,
   0x0C08,0x0301,0x0307,0x0907,0x0401,0x0206,0x0D15,0x1A1E,0x2229,0x333E,
   0x464A,0x4A4A,0x4849,0x4A4A,0x4844,0x3F3C,0x3B3D,0x3F40,0x3E3C,0x3B3B,
   0x3A39,0x3836,0x3634,0x3232,0x3131,0x3233,0x3333,0x312D,0x2C2B,0x2824,
   0x1E18,0x1614,0x1211,0x0F0D,0x0D0D,0x0D0E,0x1010,0x1012,0x1518,0x1713,
   0x100F,0x1215,0x1612,0x0D07,0x0505,0x0603,0xFFF7,0xF1EE,0xEDEC,0xE7E1,
   0xDCDA,0xDBDE,0xE0E1,0xE2E3,0xE8F0,0xF7FF,0x0304,0x090C,0x0E10,0x0F0B,
   0x0704,0xFFFE,0xFBF7,0xF2EB,0xE5E3,0xE3E3,0xE1DF,0xDBD6,0xD6D7,0xDEE6,
   0xEBEE,0xF1F7,0x000B,0x151B,0x1E20,0x2428,0x2C2D,0x2A23,0x1D1A,0x1A1B,
   0x1914,0x0D09,0x080B,0x0E0E,0x0B06,0x0100,0x0306,0x0605,0x0201,0x0409,
   0x0E10,0x110F,0x0D0C,0x0C0C,0x0902,0xFBF4,0xF0ED,0xEBE7,0xE3DE,0xDBD9,
   0xDADD,0xE2E6,0xE8EA,0xEBEE,0xF500,0x0910,0x1312,0x1417,0x1F25,0x241F,
   0x160F,0x0C0C,0x0D0B,0x05FE,0xF7F6,0xF9FC,0xFEFC,0xF8F5,0xF6F8,0xFBFC,
   0xFAF8,0xF7F7,0xF9F9,0xF8F6,0xF4F2,0xF0ED,0xEBE8,0xE5E1,0xDCD8,0xD4D2,
   0xD0CF,0xD1D2,0xD1D0,0xCECE,0xD2D7,0xDCE0,0xE1E1,0xE9F6,0x0511,0x1816,
   0x171E,0x272F,0x3027,0x1A12,0x1012,0x1410,0x0902,0xFEFF,0x040A,0x0B08,
   0x0403,0x0912,0x1A1F,0x1F1F,0x232D,0x3841,0x4543,0x4142,0x4649,0x463D,
   0x322A,0x2522,0x1E18,0x1007,0x00FE,0x0004,0x0502,0xFFFD,0xFD00,0x060A,
   0x0B0A,0x0A0A,0x0F16,0x1B1B,0x1814,0x1110,0x0F0C,0x07FE,0xF4EB,0xE6E4,
   0xE1DC,0xD6D2,0xD1D2,0xD4D6,0xD7D9,0xDADC,0xDFE6,0xEDF5,0xFD01,0x0305,
   0x0608,0x0A09,0x03FB,0xF0E9,0xE5E3,0xE0DD,0xD9D7,0xD8DB,0xE1E6,0xEAEB,
   0xEDF0,0xF3F7,0xF9F9,0xF8F8,0xF9FA,0xFBFB,0xFAF9,0xF7F5,0xF2ED,0xE9E3,
   0xDFDC,0xD9D6,0xD3D1,0xD0D2,0xD3D1,0xCFCF,0xCFD1,0xD3D7,0xD8D9,0xDCE1,
   0xE8EF,0xF6FA,0xFAFD,0x030A,0x1011,0x0D09,0x0707,0x0908,0x04FC,0xF4F1,
   0xF5FB,0xFEFE,0xFCFA,0xFC03,0x0F19,0x1D1E,0x1C1F,0x2832,0x393B,0x3833,
   0x3235,0x383A,0x362E,0x2621,0x2123,0x231F,0x1812,0x0E0D,0x0D0E,0x0E0B,
   0x0807,0x090D,0x1012,0x1416,0x181A,0x1C1E,0x1F1E,0x1A16,0x1312,0x1110,
   0x0C09,0x0707,0x090C,0x1013,0x1618,0x1C23,0x282B,0x2E31,0x3439,0x3E42,
   0x4344,0x4343,0x4343,0x413E,0x3831,0x2C27,0x231E,0x1A16,0x1412,0x1111,
   0x1213,0x1414,0x1415,0x181B,0x1C1B,0x1916,0x1414,0x1616,0x130C,0x0601,
   0x0000,0x00FC,0xF7F3,0xEFED,0xECEB,0xE8E5,0xE2E0,0xE2E4,0xE4E9,0xF0F7,
   0xFE03,0x0306,0x0D14,0x1715,0x0E07,0x01FF,0xFFFF,0xF9F0,0xE8E4,0xE5E8,
   0xE9E7,0xE3DF,0xDBD9,0xD9DC,0xE0E0,0xDEDD,0xDFE7,0xF3FD,0x0304,0x00FF,
   0x0003,0x0604,0xFBEE,0xE5E1,0xE2E4,0xE4E2,0xDCD8,0xD7DC,0xE3EA,0xECE9,
   0xE6E6,0xEBF4,0xFE04,0x0709,0x0D14,0x1E28,0x2D2E,0x2B28,0x2727,0x2624,
   0x1F19,0x1411,0x1113,0x1515,0x1413,0x1213,0x1415,0x1616,0x1616,0x181C,
   0x2128,0x2F33,0x3739,0x3938,0x3735,0x2E26,0x1B12,0x0B07,0x0403,0x0100,
   0xFFFF,0x0106,0x090A,0x0907,0x0504,0x0509,0x0C0C,0x0B08,0x0505,0x0807,
   0x04FE,0xF5EC,0xE5E2,0xDEDA,0xD5CF,0xCBCA,0xCCCF,0xCFCE,0xCBCA,0xCAC9,
   0xC9C6,0xC4C3,0xC1C3,0xC7CA,0xCCCC,0xCED0,0xD5D8,0xD9D9,0xD6D2,0xD0D0,
   0xD3D7,0xD8D8,0xD6D4,0xD6D9,0xDCE0,0xE1E1,0xE0DF,0xE0E6,0xEDF2,0xF6F8,
   0xFBFF,0x060E,0x161C,0x1E1D,0x1C1D,0x2022,0x221F,0x1B17,0x1719,0x1B1C,
   0x1A17,0x1413,0x1518,0x1B1D,0x1D1A,0x191A,0x1E23,0x292C,0x2C2B,0x2B2D,
   0x2F30,0x302C,0x2721,0x1E1D,0x1C19,0x140F,0x0C0B,0x0B0B,0x0B0C,0x0C0D,
   0x1012,0x1211,0x100F,0x1012,0x1313,0x1111,0x1214,0x1616,0x1412,0x1010,
   0x1112,0x110F,0x0B09,0x090C,0x0E0E,0x0D0A,0x0807,0x0605,0x01FB,0xF4F0,
   0xEDEC,0xEBE7,0xE2DF,0xDFDF,0xE1E2,0xE1DF,0xDEDC,0xDDDF,0xDFDD,0xDCDA,
   0xDCDF,0xE1E7,0xEDF3,0xF8FB,0xFF06,0x1018,0x1D1E,0x1B17,0x1515,0x1818,
   0x140D,0x0605,0x070B,0x0E0D,0x0A07,0x0505,0x0910,0x161B,0x1D1F,0x2227,
   0x2F37,0x3E40,0x3E3A,0x3737,0x3838,0x322A,0x211A,0x1716,0x1614,0x1009,
   0x0402,0x0305,0x0502,0xFFFE,0xFF02,0x070D,0x1112,0x1212,0x151B,0x1E1C,
   0x1710,0x0903,0xFFFE,0xFBF6,0xF0EB,0xEBED,0xF1F2,0xF1EF,0xEDED,0xEFF3,
   0xF6F7,0xF6F3,0xF3F6,0xFD02,0x0507,0x0707,0x0809,0x0907,0x02FB,0xF5F2,
   0xF1F0,0xEEEA,0xE6E3,0xE3E4,0xE7E8,0xE7E5,0xE2E0,0xE1E3,0xE7EB,0xEEEF,
   0xF0F1,0xF5F9,0xFBFB,0xF9F6,0xF5F6,0xF8F9,0xFBFB,0xFCFE,0x0105,0x080A,
   0x0A0A,0x0B0C,0x0E10,0x0F0E,0x0D0B,0x0A0D,0x1013,0x1413,0x1111,0x1110,
   0x100F,0x0C09,0x0603,0x0201,0x0102,0x0507,0x0603,0xFFFE,0xFF01,0xFFFA,
   0xF2EC,0xEAEC,0xF0F4,0xF6F4,0xF2F0,0xF3F7,0xF9F7,0xF4F0,0xEDEE,0xEFF2,
   0xF4F3,0xF0EC,0xEBED,0xF1F2,0xF1ED,0xEAE8,0xE9EB,0xEDED,0xEDEC,0xEEF3,
   0xF9FC,0xFDFC,0xFBFE,0x0002,0x0303,0x0201,0x0203,0x0302,0x00FF,0x0104,
   0x0808,0x0502,0x0204,0x080C,0x0E0C,0x0908,0x090D,0x1112,0x1010,0x1114,
   0x1A1D,0x1D1D,0x1C1D,0x2226,0x2726,0x2322,0x252A,0x2D2D,0x2B27,0x2525,
   0x2627,0x2623,0x201D,0x1B18,0x1715,0x1515,0x120D,0x0703,0x0204,0x0403,
   0xFEF8,0xF1EF,0xEEED,0xEBE8,0xE4E2,0xE2E4,0xE8ED,0xF2F7,0xF8F6,0xF2EE,
   0xEDEC,0xE9E4,0xDDD6,0xD2D1,0xD2D4,0xD3D0,0xCCC9,0xC7C7,0xC7C6,0xC4C4,
   0xC7CC,0xD4DC,0xE3EA,0xEFF5,0xFC02,0x0505,0x02FF,0xFEFC,0xFBFC,0xFBFA,
   0xFAFB,0xFBFB,0xF9F6,0xF5F5,0xF4F1,0xEBE6,0xE5E7,0xECF3,0xF7F8,0xF9FB,
   0xFF05,0x0A0B,0x0905,0x0202,0x0305,0x0607,0x080A,0x0D10,0x1417,0x1717,
   0x191D,0x2328,0x2A2A,0x2B2E,0x343C,0x4246,0x4644,0x4243,0x484D,0x4D4B,
   0x453D,0x3935,0x312E,0x2A23,0x1C18,0x1312,0x1112,0x1313,0x1313,0x1417,
   0x1B1E,0x1E1E,0x1B1B,0x1D1D,0x1D19,0x140D,0x0906,0x0301,0xFBF4,0xEEEA,
   0xE7E5,0xE3E0,0xDBD5,0xD0CB,0xC8C7,0xC8CA,0xCDCF,0xD0CF,0xD0D4,0xDBE2,
   0xE7EA,0xECEE,0xF2F6,0xFC01,0x0405,0x0606,0x0505,0x0303,0x0609,0x0805,
   0x00FD,0xFDFE,0xFFFF,0xFDF8,0xF6F5,0xF7FC,0xFEFE,0xFDFC,0xFE01,0x0507,
   0x0A0C,0x1014,0x1B23,0x2A2D,0x2F2F,0x3136,0x3B3F,0x403D,0x3836,0x373B,
   0x4042,0x3F3A,0x3737,0x3839,0x3735,0x302D,0x2A28,0x2624,0x211D,0x1917,
   0x1411,0x0E0B,0x0906,0x0401,0x0001,0x0202,0x0201,0xFFFD,0xFBF8,0xF5F4,
   0xF2EE,0xEDEC,0xEAE9,0xE8E7,0xE8E9,0xE7E6,0xE4E2,0xDFDE,0xDCDA,0xD9D9,
   0xDDE2,0xE8E8,0xE3DB,0xD7D7,0xDCDF,0xDFDA,0xD3CE,0xCED3,0xDADD,0xDBD8,
   0xD4D2,0xD3D4,0xD3D2,0xD1D1,0xD1D0,0xCFCD,0xCDCF,0xD2D4,0xD7D8,0xD6D7,
   0xD8D8,0xDCE1,0xE6ED,0xF0EE,0xEBEA,0xECF3,0xF8FA,0xFBFB,0xFBFF,0x050A,
   0x0E12,0x1316,0x1C22,0x282F,0x3336,0x3839,0x3A3E,0x3F3F,0x3C37,0x3433,
   0x3434,0x3230,0x2B26,0x2220,0x1F1C,0x1914,0x0E0B,0x0909,0x0B0D,0x0E0D,
   0x0B09,0x0808,0x0908,0x0603,0xFEFB,0xF9F7,0xF7F5,0xEFEA,0xE6E4,0xE2E0,
   0xDAD5,0xD0CB,0xC8C5,0xC2C0,0xC2C7,0xCFD6,0xD7D3,0xD2D3,0xDBE6,0xECEB,
   0xE8E7,0xECF5,0xFF04,0x0503,0x0407,0x0D10,0x0D08,0x0505,0x0A0F,0x0F0C,
   0x0805,0x0406,0x0809,0x0806,0x0301,0x0202,0x0304,0x01FC,0xF6EF,0xECEC,
   0xEEEE,0xEEEC,0xEEF4,0xFC02,0x080B,0x0D0F,0x1116,0x1B1F,0x2020,0x2123,
   0x272A,0x2D2F,0x2E2C,0x2A29,0x2929,0x2926,0x2422,0x1F1D,0x1B17,0x1310,
   0x0C0B,0x0D10,0x1212,0x110F,0x0E0C,0x0B0B,0x0905,0x02FF,0xFF02,0x0302,
   0x0100,0xFDFC,0xFBF8,0xF9FB,0xFAFA,0xFBFA,0xFBFB,0xFAFA,0xFCFF,0x0106,
   0x0907,0x0300,0x0006,0x0D10,0x0D08,0x0301,0x0205,0x0505,0x0404,0x0405,
   0x0402,0xFFFE,0xFF01,0x0201,0xFFFF,0xFF02,0x0304,0x0405,0x0505,0x0608,
   0x090A,0x0C0C,0x0C0D,0x0C0B,0x0A0A,0x0A09,0x0706,0x0606,0x0607,0x090B,
   0x0E0F,0x1216,0x191C,0x1F1F,0x1F20,0x201F,0x1F1D,0x1A17,0x1515,0x1514,
   0x120F,0x0D0A,0x0806,0x0400,0xFDFA,0xF8F8,0xF8F7,0xF5F5,0xF5F7,0xF9FA,
   0xFAF8,0xF4F1,0xF0F1,0xF3F4,0xF0EB,0xE7E6,0xE6E6,0xE4E1,0xDEDB,0xDBD9,
   0xD5D1,0xCCC6,0xC4C7,0xCDD2,0xD8DC,0xDDE0,0xE4EB,0xF6FD,0xFFFD,0xFBFD,
   0x020A,0x0F10,0x0F10,0x151B,0x1F1F,0x1A11,0x0C0D,0x1113,0x1009,0x0201,
   0x060B,0x1011,0x0F0D,0x0D0F,0x1415,0x1513,0x1010,0x1213,0x1313,0x1312,
   0x1214,0x1719,0x1B1B,0x1C1F,0x2327,0x2A2A,0x2B2D,0x2F32,0x3639,0x3B3C,
   0x3B3B,0x3B3B,0x3B39,0x3736,0x3738,0x3534,0x2F2A,0x2724,0x211C,0x1611,
   0x0D0A,0x0907,0x0403,0x0201,0x0101,0x0104,0x0606,0x0401,0xFEFB,0xF7F3,
   0xEEE9,0xE4DF,0xDDDC,0xDCDA,0xD7D3,0xCFCC,0xC7C4,0xC3C3,0xC5C7,0xC8C6,
   0xC8C9,0xCBD2,0xD7D8,0xD8D7,0xD7DB,0xDEDF,0xDEDD,0xDDE0,0xE6E9,0xEAE7,
   0xE4E1,0xE0E1,0xE1DF,0xDEDD,0xDEDF,0xDFDE,0xE0E2,0xE6E8,0xE8E9,0xEBEF,
   0xF4F9,0xFC00,0x0205,0x090D,0x1014,0x181D,0x2225,0x2627,0x282B,0x2E31,
   0x3232,0x3231,0x3336,0x393B,0x3B39,0x3738,0x3838,0x3734,0x3230,0x2E2D,
   0x2D2C,0x2925,0x221F,0x1D1B,0x1714,0x1211,0x0F0D,0x0A07,0x0503,0x0100,
   0xFFFC,0xF9F7,0xF8FB,0xFDFC,0xFAF8,0xF7F9,0xFBFC,0xFDFE,0xFCFC,0xFBFA,
   0xF8F5,0xEEE9,0xE8E8,0xE9EB,0xE9E6,0xE6E7,0xEAEF,0xF3F5,0xF6F6,0xF7F9,
   0xFCFE,0xFFFF,0xFFFF,0xFFFF,0xFFFF,0xFFFE,0xFDFD,0xFCFC,0xFBF8,0xF5F3,
   0xEEEC,0xE9E6,0xE1DD,0xD9D7,0xD7D5,0xD3D0,0xCECE,0xD0D2,0xD4D3,0xD1D1,
   0xD3D8,0xE0E5,0xE7E8,0xE9EA,0xEDF2,0xF9FF,0x0406,0x090C,0x1217,0x1C1D,
   0x1D1D,0x1F23,0x262A,0x2A27,0x2628,0x2A2C,0x2B27,0x211D,0x1B1B,0x1B19,
   0x140E,0x0804,0x0302,0x00FC,0xF7F4,0xF2F2,0xF3F4,0xF4F5,0xF4F5,0xF7F8,
   0xF9F8,0xF7F7,0xF8FA,0xFAFA,0xFAFA,0xFAF8,0xF7F8,0xF9FC,0xFF02,0x0506,
   0x0505,0x070A,0x1015,0x1616,0x1616,0x191E,0x2327,0x2826,0x2729,0x2C2F,
   0x302F,0x2E2D,0x2D2D,0x2D2C,0x2B28,0x2522,0x2121,0x2224,0x2322,0x1E19,
   0x1819,0x1B1C,0x1B1A,0x191B,0x1D20,0x2224,0x2525,0x2628,0x2A2D,0x3133,
   0x3638,0x3634,0x312F,0x2D2B,0x2926,0x2321,0x1E1E,0x1F20,0x2121,0x2122,
   0x2223,0x2221,0x1F1D,0x1B18,0x1514,0x1311,0x0F0C,0x0906,0x0404,0x0403,
   0x01FD,0xF9F7,0xF7F7,0xF6F3,0xF0ED,0xEBEB,0xEEF1,0xF2F2,0xEFED,0xECEC,
   0xECEB,0xE8E6,0xE3E4,0xE6EA,0xECEA,0xE6E4,0xE5E9,0xECEE,0xEEED,0xECED,
   0xEFF3,0xF5F6,0xF5F5,0xF7FB,0xFEFF,0xFFFF,0xFEFE,0xFF00,0x0000,0xFFFD,
   0xFBFA,0xF9F9,0xF9F7,0xF4EF,0xEAE8,0xE7E8,0xE8E8,0xE7E9,0xECF0,0xF5FA,
   0xFDFF,0x0204,0x090E,0x1213,0x1414,0x171A,0x1A19,0x1714,0x1312,0x1313,
   0x1311,0x0D0B,0x0907,0x0604,0x0201,0xFFFE,0xFBF9,0xF9FA,0xFAF9,0xF7F4,
   0xF3F3,0xF3F3,0xF3F0,0xECEA,0xE8E7,0xE5E2,0xDEDB,0xD9D8,0xD7D6,0xD5D3,
   0xD2D1,0xD2D3,0xD3D2,0xD0CD,0xCCCB,0xCBCB,0xC9C6,0xC5C7,0xCBD0,0xD4D4,
   0xD3D3,0xD4D8,0xDBDE,0xDEDD,0xDBDC,0xDFE4,0xE7E9,0xEBEE,0xF4FC,0x0206,
   0x0808,0x090B,0x0F13,0x1413,0x110F,0x1011,0x1313,0x1110,0x0D0C,0x0B0C,
   0x0D0E,0x0D0D,0x0D0F,0x1113,0x1417,0x1919,0x1B1D,0x2024,0x2627,0x282A,
   0x2C2F,0x3132,0x3234,0x3537,0x3838,0x3634,0x3230,0x2F2D,0x2A27,0x2727,
   0x2625,0x2525,0x2627,0x2726,0x2421,0x1F1E,0x1C1A,0x1713,0x100E,0x0E0C,
   0x0A08,0x0606,0x0504,0x0300,0xFEFB,0xF8F6,0xF4F2,0xF1EF,0xEFF0,0xEFEE,
   0xEFF0,0xF0F1,0xF0EE,0xEEEF,0xF2F5,0xF6F5,0xF2EE,0xEEF2,0xF6F7,0xF5F0,
   0xEDED,0xEFF0,0xF0EE,0xEBE9,0xE9EA,0xEAE9,0xE6E5,0xE5E8,0xEAEB,0xE9E7,
   0xE5E3,0xE3E3,0xE2E0,0xDEDB,0xDBDC,0xDEE0,0xE0E1,0xE3E8,0xECF1,0xF5F9,
   0xFC01,0x060D,0x1317,0x1A1E,0x2124,0x2628,0x2A2C,0x2D2C,0x2C2C,0x2B2A,
   0x2927,0x2524,0x211F,0x1D1B,0x1B1C,0x1C1C,0x1D1F,0x2225,0x2829,0x2A2A,
   0x2B2E,0x3132,0x312E,0x2C2C,0x2C2C,0x2A26,0x231F,0x1D1B,0x1A16,0x100A,
   0x0401,0xFFFC,0xF8F4,0xF0EE,0xEFF1,0xF3F3,0xF1EF,0xEFF1,0xF3F3,0xF1EF,
   0xEFEF,0xEFEF,0xEFF1,0xF3F4,0xF5F6,0xF8FB,0xFEFF,0xFFFE,0xFDFC,0xFCFC,
   0xFCFA,0xF8F9,0xFBFF,0x00FF,0xFEFC,0xFBFA,0xF8F5,0xF0EB,0xE6E3,0xE1E0,
   0xDEDB,0xD8D7,0xD8DB,0xDDDD,0xDDDE,0xDFE0,0xE2E3,0xE4E4,0xE3E5,0xE7E9,
   0xEBED,0xEEF0,0xF3F6,0xF9FE,0x0000,0x00FF,0xFFFF,0x00FF,0xFDF9,0xF6F4,
   0xF5F7,0xF8F8,0xF7F7,0xFAFE,0x0103,0x0404,0x0608,0x0A0C,0x0C0A,0x0807,
   0x0809,0x0A0A,0x0A0B,0x0D0D,0x0E0E,0x0F0F,0x0D0B,0x0A09,0x0808,0x0709,
   0x0A0A,0x0B0B,0x0C0E,0x0E0E,0x0D0B,0x0908,0x080A,0x0E0F,0x0D0A,0x0809,
   0x0D10,0x100F,0x0C09,0x0809,0x0A0A,0x0805,0x0507,0x090B,0x0A09,0x0A0C,
   0x0D0D,0x0C0B,0x0B0A,0x0A09,0x0807,0x0503,0x0201,0x00FE,0xFCFB,0xFCFE,
   0xFF01,0x0100,0x0003,0x060A,0x0B09,0x0502,0x0204,0x0606,0x0401,0x0000,
   0x0203,0x0301,0xFFFF,0x0001,0x0200,0xFFFD,0xFCFE,0x0002,0x0404,0x0304,
   0x070A,0x0D0E,0x0E0C,0x0907,0x0504,0x02FF,0xFCF9,0xF8F8,0xF8F7,0xF4F2,
   0xF3F4,0xF5F6,0xF4F2,0xF0F1,0xF4F9,0xFBFC,0xFCFD,0x0106,0x0A0B,0x0C0B,
   0x0B0D,0x0E0F,0x0D09,0x0504,0x0609,0x0905,0x0201,0x0307,0x0B0C,0x0E0F,
   0x0F10,0x1315,0x1618,0x191A,0x1C1D,0x1D1F,0x2021,0x2220,0x2123,0x2626,
   0x2420,0x1D1C,0x1D1C,0x1C1B,0x1714,0x1314,0x1617,0x1819,0x1C1E,0x1F1F,
   0x2021,0x2323,0x211E,0x1A17,0x1514,0x1313,0x110F,0x1012,0x1518,0x1817,
   0x1615,0x1415,0x1413,0x110F,0x0E0F,0x1214,0x1515,0x1414,0x1514,0x1312,
   0x0F0C,0x0905,0x0300,0xFDFA,0xF7F4,0xF1EE,0xEBE9,0xE8E5,0xE1DE,0xDCDA,
   0xD8D5,0xD3D1,0xD1D0,0xCFCD,0xCBCB,0xCCCC,0xCDCE,0xCDCC,0xCCCD,0xCECE,
   0xCDCC,0xCED1,0xD4D7,0xD8D9,0xDBDD,0xDFE2,0xE4E6,0xE7E8,0xEAEB,0xECED,
   0xEEF0,0xF3F4,0xF4F4,0xF4F4,0xF4F3,0xF3F4,0xF5F4,0xF6F9,0xFBFE,0xFF02,
   0x0408,0x0B0C,0x0D0F,0x1011,0x1110,0x1011,0x1111,0x100F,0x0D0C,0x0B0C,
   0x0C0B,0x0804,0x00FF,0x0001,0x01FF,0xFDF9,0xF9FB,0x0003,0x0301,0xFF01,
   0x050A,0x0C0C,0x0B0B,0x0D11,0x1415,0x130F,0x0C0C,0x0E0E,0x0C09,0x0501,
   0xFEFD,0xFDFD,0xFDFD,0xFCFC,0xFE00,0x0408,0x0B0C,0x0C0A,0x0A0B,0x0D0E,
   0x0E0C,0x0906,0x0403,0x0202,0xFFFA,0xF5F1,0xF0EF,0xEEEA,0xE6E3,0xE2E4,
   0xE9ED,0xF1F3,0xF3F4,0xF7FA,0xFE01,0x0303,0x01FF,0xFF02,0x0406,0x0504,
   0x0406,0x090B,0x0D0E,0x0E0D,0x0F11,0x1315,0x1515,0x1719,0x1B1E,0x2022,
   0x2324,0x2426,0x2728,0x2825,0x2221,0x1F1D,0x1B17,0x120D,0x0A08,0x090A,
   0x0B0C,0x0C0F,0x1317,0x1B1E,0x2122,0x2223,0x2527,0x2929,0x2827,0x2829,
   0x2929,0x2927,0x2421,0x1E1C,0x1A18,0x140E,0x0B08,0x0707,0x0605,0x0302,
   0x0102,0x0404,0x0402,0x0101,0x0101,0x0101,0x00FF,0xFEFE,0xFEFF,0xFFFE,
   0xFCFC,0xFBFA,0xF8F6,0xF6F4,0xF3F1,0xEFEE,0xEEEE,0xEFF1,0xF1EF,0xEDED,
   0xEFF1,0xF2F0,0xECE9,0xE8E9,0xEBEE,0xEFEE,0xECEC,0xEEF2,0xF5F6,0xF6F8,
   0xFBFF,0x0308,0x0B0E,0x1215,0x191D,0x1F20,0x1F1E,0x1E1E,0x1E1E,0x1F1F,
   0x1D1A,0x1715,0x1514,0x120F,0x0C08,0x0604,0x02FF,0xFDF8,0xF5F3,0xF3F2,
   0xF1EF,0xEEEE,0xEFF1,0xF3F6,0xF7F6,0xF5F4,0xF3F3,0xF2F1,0xEFED,0xECEB,
   0xEDEF,0xF1F1,0xF0F0,0xF1F4,0xF7F9,0xFAFB,0xFCFC,0xFCFE,0xFFFF,0xFFFD,
   0xFBFB,0xFBFA,0xFBFB,0xFAF8,0xF5F4,0xF3F4,0xF2EE,0xEAE6,0xE6E5,0xE4E3,
   0xE2E0,0xE0E3,0xE8ED,0xF2F3,0xF5F7,0xFC01,0x0406,0x0606,0x0403,0x0101,
   0x0100,0xFFFD,0xFAF8,0xF6F5,0xF6F7,0xF7F7,0xF7F8,0xFAFD,0xFF00,0x0305,
   0x070A,0x0C0E,0x1114,0x1618,0x1B1E,0x2020,0x1F1D,0x1915,0x1211,0x100D,
   0x0904,0x0100,0x0103,0x0303,0x01FF,0xFDFC,0xFBF9,0xF6F3,0xEFED,0xECEC,
   0xEBEB,0xE9E8,0xE9EB,0xEFF1,0xF1EF,0xEFF0,0xF2F4,0xF6F7,0xF7F8,0xFB00,
   0x070C,0x0E10,0x1319,0x1F22,0x2220,0x1F1F,0x2020,0x1F1C,0x1712,0x0F0E,
   0x0E0C,0x0803,0xFFFD,0xFBFA,0xF9F8,0xF7F6,0xF5F8,0xFCFF,0x0203,0x0509,
   0x0E12,0x1619,0x1B1C,0x1D1E,0x1F21,0x2120,0x1F1E,0x1D1D,0x1C1A,0x1916,
   0x1412,0x1212,0x1312,0x0F0E,0x0F11,0x1416,0x1615,0x1516,0x181C,0x1E1D,
   0x1B19,0x191C,0x1D1E,0x1D1D,0x1D1D,0x1E1E,0x1D1E,0x1D1C,0x1C1C,0x1B19,
   0x1816,0x1513,0x0F0D,0x0C0A,0x0907,0x0300,0xFEFC,0xFBFA,0xF9F6,0xF2EE,
   0xEDEE,0xF0F1,0xF1F1,0xF0F2,0xF6FC,0xFF01,0x00FF,0x0003,0x0608,0x0807,
   0x0708,0x090C,0x0E0D,0x0A08,0x0606,0x0604,0x02FF,0xFCF9,0xF7F8,0xFAFB,
   0xFAF6,0xF4F4,0xF6F7,0xF6F3,0xEEEA,0xE9EC,0xEEF0,0xEEEB,0xE9EA,0xEEF1,
   0xF3F1,0xEDEB,0xEAEA,0xECEE,0xEFEF,0xEEEF,0xF2F6,0xF9FB,0xFE00,0x0205,
   0x0709,0x0B0B,0x0A0A,0x0B0F,0x1111,0x100F,0x0F10,0x1215,0x1616,0x1310,
   0x0E0F,0x0F0D,0x0B09,0x0807,0x0606,0x0505,0x0504,0x0405,0x0403,0x01FF,
   0xFEFD,0xFCFA,0xF8F5,0xF1EE,0xECEA,0xE9E6,0xE3E0,0xDEDE,0xDDDC,0xDBDB,
   0xDBDD,0xE0E2,0xE4E5,0xE5E6,0xE7EB,0xEEF0,0xF1F1,0xF1F2,0xF3F5,0xF6F6,
   0xF4F2,0xF1F1,0xF3F5,0xF5F6,0xF7F8,0xFBFF,0x0103,0x0403,0x0303,0x0507,
   0x0808,0x0808,0x090A,0x0C0F,0x1010,0x0F0F,0x0F10,0x1010,0x0F0E,0x0C0C,
   0x0C0B,0x0A08,0x0709,0x0B0D,0x0E0E,0x0E0F,0x1010,0x1112,0x1313,0x1210,
   0x1111,0x1212,0x110F,0x0D0B,0x0907,0x0705,0x0403,0x0507,0x0808,0x0707,
   0x0A0B,0x0D0D,0x0C0B,0x0A09,0x0909,0x0805,0x0201,0x00FF,0xFDFA,0xF8F8,
   0xF8F6,0xF5F4,0xF3F3,0xF2F2,0xF3F4,0xF5F5,0xF6F7,0xF9F8,0xF7F7,0xF8F9,
   0xF9F7,0xF5F3,0xF3F3,0xF4F4,0xF2EF,0xECEA,0xECED,0xEDE9,0xE6E4,0xE5E7,
   0xE9EA,0xEAE9,0xE9EA,0xEEF1,0xF4F6,0xF8FA,0xFCFF,0xFF00,0x0101,0x0202,
   0x0202,0x01FF,0xFFFE,0xFF00,0x00FF,0xFEFC,0xFCFD,0xFF01,0x0203,0x0203,
   0x0507,0x0A0C,0x0C0D,0x0D0C,0x0C0E,0x0E0E,0x0D0D,0x0E0F,0x0F0D,0x0C0C,
   0x0C0D,0x0D0C,0x0B0A,0x0806,0x0606,0x0504,0x0303,0x0303,0x0303,0x0303,
   0x0301,0x0000,0x00FF,0xFEFD,0xFCFD,0xFEFE,0xFF00,0x0000,0x0103,0x060A,
   0x0C0D,0x0E10,0x1213,0x1415,0x1617,0x1717,0x1718,0x1817,0x1613,0x1211,
   0x1111,0x100F,0x0C0A,0x0B0E,0x1111,0x100F,0x1113,0x1515,0x1514,0x1314,
   0x1516,0x1513,0x0F0D,0x0D0E,0x0E0C,0x0703,0x00FF,0x0002,0x0200,0xFDFB,
   0xFD00,0x0406,0x0505,0x0406,0x090B,0x0B0A,0x0707,0x090C,0x0D0C,0x0907,
   0x0607,0x090A,0x0906,0x0301,0x0000,0xFFFE,0xFBF7,0xF5F4,0xF4F3,0xF2F0,
   0xEEEE,0xEEEF,0xF0EE,0xECEB,0xEAEA,0xE9E9,0xE8E8,0xE7E6,0xE6E6,0xE7EA,
   0xEBEC,0xEDED,0xEFF1,0xF5F8,0xF9F9,0xFAFD,0x0105,0x0708,0x090A,0x0C0D,
   0x0D0C,0x0B09,0x0705,0x0301,0xFFFD,0xFDFE,0xFFFD,0xFAF9,0xFAFD,0xFFFF,
   0xFFFF,0xFF00,0x0103,0x0405,0x0709,0x0C0F,0x1112,0x1315,0x1718,0x1818,
   0x1716,0x1515,0x1516,0x1616,0x1513,0x1211,0x1111,0x1110,0x0E0E,0x0E0F,
   0x1212,0x1213,0x1517,0x191A,0x1919,0x191A,0x1B1C,0x1C1B,0x1A1A,0x1A1B,
   0x1B19,0x1817,0x1716,0x1511,0x0E0B,0x0806,0x0503,0x00FE,0xFCFA,0xF9F8,
   0xF7F6,0xF5F4,0xF2F1,0xF1F1,0xF2F2,0xF2F2,0xF2F3,0xF4F6,0xF7F7,0xF7F6,
   0xF7F9,0xFAFB,0xFBFB,0xFBFC,0xFDFE,0xFEFF,0xFEFC,0xFBFA,0xF9FA,0xFAF9,
   0xFAFA,0xFAF9,0xF9F8,0xF7F6,0xF5F5,0xF4F3,0xF2F1,0xF1F1,0xF1F0,0xEFEF,
   0xF1F1,0xF0EE,0xECEB,0xECEE,0xF0F0,0xEEEB,0xEBEC,0xEFF1,0xF1F0,0xF0F1,
   0xF3F5,0xF6F7,0xF8F9,0xFAFB,0xFCFE,0xFF00,0x0204,0x0607,0x090B,0x0D0E,
   0x0D0C,0x0C0C,0x0D0E,0x0D0D,0x0C0D,0x0F13,0x161A,0x1B1B,0x1C1C,0x1E1F,
   0x1F1E,0x1C1A,0x1918,0x1615,0x1412,0x100F,0x0F0E,0x0B08,0x0605,0x0505,
   0x0404,0x0404,0x0608,0x0A0B,0x0C0C,0x0D0F,0x1111,0x1213,0x1415,0x1616,
   0x1717,0x1716,0x1413,0x110F,0x0E0D,0x0B09,0x0705,0x0505,0x0505,0x0402,
   0x0203,0x0405,0x0605,0x0302,0x0203,0x0403,0x00FE,0xFDFE,0x0002,0x0201,
   0xFEFD,0xFEFF,0x00FF,0xFCF9,0xF8F9,0xFCFE,0xFEFC,0xFAF9,0xFAFD,0xFF00,
   0xFFFE,0xFE00,0x0306,0x0707,0x0706,0x0608,0x0B0C,0x0C09,0x0605,0x0505,
   0x0403,0x02FF,0xFDFB,0xFBFB,0xFBF9,0xF8F8,0xF8F8,0xF8F8,0xFAFB,0xFBFB,
   0xFDFE,0x0001,0x0204,0x0609,0x0B0D,0x0F10,0x1010,0x0F11,0x1112,0x1212,
   0x1213,0x1415,0x171A,0x1B1B,0x1B1C,0x1E20,0x2021,0x2122,0x2426,0x2829,
   0x2A29,0x2828,0x2828,0x2623,0x201E,0x1B18,0x1615,0x1415,0x1514,0x1414,
   0x1515,0x1514,0x1312,0x1010,0x0F0E,0x0D0C,0x0D0E,0x0F0E,0x0D0E,0x0E0E,
   0x0E0C,0x0B09,0x0604,0x0200,0xFFFD,0xFCFC,0xFEFF,0x00FF,0xFF00,0x0102,
   0x0304,0x0302,0x0101,0x0203,0x01FF,0xFDFB,0xF9F7,0xF5F4,0xF3F1,0xEEEC,
   0xEBEC,0xECEC,0xEBEA,0xE7E5,0xE3E4,0xE5E5,0xE2DE,0xDBDB,0xDDDE,0xDEDD,
   0xDBDB,0xDDE0,0xE2E2,0xE0DE,0xDEE2,0xE7E9,0xE8E7,0xE8EA,0xEDF1,0xF4F6,
   0xF7F7,0xF8FB,0xFFFF,0xFFFE,0xFDFD,0xFDFD,0xFF00,0x00FF,0xFF00,0x0204,
   0x0503,0x0202,0x0204,0x0403,0x0302,0x0204,0x0606,0x0605,0x0406,0x0808,
   0x0603,0x00FF,0xFF01,0x0202,0x00FF,0x0003,0x0709,0x0A09,0x0A0D,0x1012,
   0x1415,0x1516,0x1719,0x1B1B,0x1918,0x1717,0x1716,0x1514,0x110E,0x0B0A,
   0x0908,0x0603,0x00FF,0xFFFF,0xFEFD,0xFAF9,0xF8F8,0xF7F6,0xF2EF,0xEEED,
   0xECEA,0xE9E8,0xE9E9,0xE8E8,0xE8E8,0xE9EA,0xE9E8,0xE7E7,0xE6E6,0xE7E7,
   0xE6E5,0xE6E8,0xEAEB,0xECED,0xEFF1,0xF4F5,0xF7F9,0xFAFB,0xFCFD,0xFFFF,
   0xFFFF,0xFFFD,0xFCFB,0xFBFC,0xFCFA,0xF7F6,0xF6F6,0xF6F4,0xF1EE,0xEDEE,
   0xEFF1,0xF2F3,0xF3F5,0xFA00,0x0509,0x0A0B,0x0C0F,0x1113,0x1413,0x1110,
   0x1011,0x1213,0x1210,0x0F0E,0x0D0C,0x0B09,0x0705,0x0505,0x0709,0x0A0B,
   0x0D0F,0x1114,0x171A,0x1A19,0x1818,0x191A,0x1918,0x1614,0x1413,0x1311,
   0x100F,0x0E0D,0x0B08,0x0503,0x0100,0xFFFE,0xFDFE,0xFF00,0x0102,0x0201,
   0x0202,0x0202,0x01FF,0xFDFC,0xFDFF,0x0101,0x0102,0x0305,0x080B,0x0C0C,
   0x0D0D,0x0F10,0x0F0E,0x0D0D,0x0E0E,0x0D0D,0x0E0E,0x0F10,0x1010,0x100F,
   0x0E0E,0x0C0A,0x0808,0x090A,0x0B09,0x0707,0x0708,0x090A,0x0908,0x0503,
   0x0304,0x0404,0x0302,0x0201,0x0000,0x0000,0xFFFF,0xFF00,0x0203,0x0405,
   0x070A,0x0D0F,0x1214,0x1617,0x1819,0x1B1B,0x1A18,0x1717,0x1514,0x1414,
   0x1312,0x0F0E,0x0D0C,0x0B08,0x0603,0x00FF,0xFEFD,0xFCFA,0xF8F7,0xF6F6,
   0xF7F7,0xF8F8,0xF8F8,0xF8F8,0xF8F7,0xF6F5,0xF6F5,0xF4F3,0xF3F6,0xF8FA,
   0xFCFD,0xFEFF,0xFF01,0x0101,0xFFFF,0xFF01,0x0303,0x0200,0x0002,0x0304,
   0x0403,0x0100,0x0104,0x0506,0x0504,0x0405,0x0507,0x0808,0x0807,0x0608,
   0x0A0A,0x0906,0x0303,0x0405,0x0705,0x0300,0xFF00,0x0304,0x0300,0xFDFB,
   0xFBFC,0xFDFE,0xFDFC,0xFCFD,0x0005,0x0807,0x0606,0x070B,0x0E10,0x0F0D,
   0x0A0B,0x0D10,0x110E,0x0A07,0x0606,0x0503,0xFFFC,0xF9F8,0xF8F7,0xF7F6,
   0xF4F3,0xF4F5,0xF6F7,0xF6F5,0xF4F4,0xF4F5,0xF7F9,0xFAFB,0xFCFD,0xFFFE,
   0xFDFC,0xFBFA,0xF9F7,0xF5F3,0xF0EE,0xECEA,0xE9E6,0xE3E0,0xDEDE,0xDEDE,
   0xDDDC,0xDADA,0xDADC,0xDFE2,0xE2E1,0xE1E3,0xE5E7,0xEAEB,0xEBEB,0xEBEA,
   0xEAEB,0xEBEC,0xEDEF,0xF1F1,0xF1F2,0xF3F4,0xF3F3,0xF2F2,0xF3F4,0xF5F7,
   0xF8F9,0xFBFE,0x0001,0x0101,0xFF00,0xFF00,0x0203,0x0506,0x0709,0x0D11,
   0x1418,0x1B1E,0x2022,0x2324,0x2526,0x2627,0x2828,0x2724,0x2222,0x2323,
   0x211E,0x1B19,0x1715,0x1514,0x1210,0x0E0F,0x1113,0x1210,0x0F0F,0x0F10,
   0x1011,0x0F0D,0x0B0D,0x1012,0x110E,0x0B0A,0x0B0B,0x0B09,0x0705,0x0405,
   0x0607,0x0605,0x0405,0x0608,0x0908,0x0706,0x0607,0x0809,0x0907,0x0402,
   0x0406,0x0706,0x0300,0xFFFF,0x0000,0xFFFB,0xFAF9,0xFBFE,0x00FF,0xFFFE,
   0xFF00,0x0305,0x0606,0x0606,0x080A,0x0A0A,0x0907,0x0504,0x0201,0xFFFE,
   0xFDFC,0xFDFF,0xFFFF,0xFEFD,0xFDFE,0xFF01,0x0203,0x0303,0x0507,0x090B,
   0x0B0C,0x0C0C,0x0B0C,0x0D0E,0x0F10,0x1112,0x1212,0x1110,0x0E0C,0x0B0A,
   0x0807,0x0605,0x0404,0x0507,0x0705,0x0404,0x0507,0x0808,0x0705,0x0404,
   0x070A,0x0B09,0x0707,0x090B,0x0E0F,0x100F,0x0F10,0x1215,0x1615,0x1312,
   0x1315,0x1718,0x1817,0x1615,0x1617,0x1917,0x130F,0x0D0C,0x0C0D,0x0D0C,
   0x0A08,0x090D,0x1113,0x1311,0x0F10,0x1113,0x1413,0x1211,0x1214,0x1616,
   0x1412,0x1212,0x1210,0x0D0A,0x0705,0x0404,0x0301,0x00FF,0xFFFF,0xFFFE,
   0xFDFC,0xFDFF,0x0100,0xFDF8,0xF6F9,0xFE03,0x03FE,0xF8F7,0xFB00,0x0401,
   0xFAF3,0xEEED,0xF0F0,0xEBE3,0xDAD4,0xD3D3,0xD2CF,0xCAC6,0xC2C0,0xBFC1,
   0xC2C1,0xC0BF,0xBEBE,0xC0C3,0xC5C6,0xC6C5,0xC4C6,0xC9CD,0xCECE,0xCECD,
   0xCFD2,0xD5D8,0xD9D8,0xD7D8,0xDADD,0xDFE1,0xE1E0,0xE0E0,0xE1E3,0xE5E6,
   0xE5E3,0xE3E5,0xE8EA,0xEBEC,0xECEC,0xEEF0,0xF2F3,0xF4F3,0xF5F7,0xFAFC,
   0xFDFD,0xFEFF,0x0001,0x0304,0x0404,0x0404,0x0607,0x0605,0x0303,0x0303,
   0x0404,0x0607,0x0809,0x0B0D,0x0E0F,0x1011,0x1314,0x1515,0x1718,0x1919,
   0x191A,0x1B1C,0x1C1C,0x1C1B,0x1A17,0x1514,0x1312,0x100F,0x0A08,0x0809,
   0x0C0E,0x0B08,0x0708,0x0B0D,0x0C09,0x0606,0x070A,0x0C0C,0x0B0B,0x0B0C,
   0x0D0B,0x0A08,0x0807,0x0503,0x0100,0xFFFE,0xFDFD,0xFEFF,0xFFFF,0xFDFB,
   0xF9F9,0xFAFA,0xF8F5,0xF3F2,0xF3F4,0xF5F5,0xF4F4,0xF4F5,0xF6F7,0xF7F5,
   0xF4F4,0xF6F7,0xF9FA,0xFAFB,0xFCFD,0xFF02,0x0302,0x0101,0x0407,0x0808,
   0x0708,0x090B,0x0D0D,0x0C0B,0x0A0A,0x0B0E,0x0F0E,0x0E0F,0x1114,0x171B,
   0x1D1E,0x1F20,0x2327,0x2A2B,0x2B2B,0x2B2D,0x2F30,0x2F2E,0x2C2A,0x2826,
   0x2522,0x1F1C,0x1918,0x1614,0x1313,0x1414,0x1311,0x1112,0x1212,0x100E,
   0x0E10,0x1215,0x1715,0x1417,0x1A1E,0x1E1B,0x1817,0x191B,0x1D1A,0x1716,
   0x1719,0x1C1C,0x1917,0x1718,0x1818,0x1613,0x1111,0x0F0E,0x0D0C,0x0B08,
   0x0503,0x0200,0xFFFE,0xFCFA,0xF9F9,0xF9FA,0xFBFC,0xFCFD,0xFF01,0x0202,
   0x0304,0x0507,0x0809,0x0A08,0x0707,0x0708,0x0806,0x0403,0x0201,0xFFFF,
   0xFFFF,0xFDFC,0xFCFD,0xFF02,0x0507,0x0809,0x0A0C,0x0E11,0x110F,0x0E0E,
   0x0E0D,0x0B0B,0x0A09,0x0706,0x0504,0x0301,0xFFFC,0xF9F7,0xF4F4,0xF4F3,
   0xF1EF,0xEEEF,0xF1F3,0xF4F4,0xF4F4,0xF5F7,0xF8F9,0xF8F6,0xF4F4,0xF5F5,
   0xF3F2,0xF0EF,0xEEED,0xECEA,0xE7E7,0xE8E9,0xECEC,0xEAEA,0xEFF5,0xF9FB,
   0xF9F7,0xF9FD,0x0102,0xFFFC,0xFAFB,0xFF03,0x0401,0xFFFF,0xFF01,0x01FF,
   0xFDFA,0xF7F7,0xF7F8,0xF8F6,0xF4F3,0xF4F8,0xFBFD,0xFEFE,0xFDFE,0xFF02,
   0x0505,0x0402,0x0203,0x0609,0x0908,0x0808,0x0A0D,0x1114,0x1516,0x181B,
   0x1E20,0x2122,0x2222,0x2223,0x2526,0x2624,0x2222,0x2121,0x1F1E,0x1C19,
   0x1716,0x1414,0x130F,0x0C0A,0x0909,0x0909,0x0809,0x0808,0x090B,0x0D0F,
   0x0F0F,0x1010,0x0F0E,0x0E0E,0x0C0A,0x0806,0x0605,0x0301,0xFFFD,0xFBF9,
   0xF9F8,0xF6F3,0xF0EF,0xF0F1,0xF0ED,0xECEC,0xECED,0xEDEC,0xEBEA,0xEAED,
   0xF2F2,0xF3F1,0xEEF1,0xF6FA,0xFBFA,0xF7F7,0xFB00,0x0609,0x0705,0x050A,
   0x1117,0x1814,0x1110,0x1115,0x1715,0x100A,0x0606,0x0707,0x04FF,0xFAF7,
   0xF8FA,0xFCFC,0xFBFA,0xFAFD,0x0207,0x0A0C,0x0C0E,0x1217,0x1B1D,0x1D1C,
   0x1A1A,0x1C1D,0x1D1B,0x1817,0x1718,0x1817,0x1411,0x0D0B,0x0A09,0x0603,
   0x00FF,0xFF01,0x0203,0x0303,0x0406,0x090B,0x0B0B,0x0909,0x0A0B,0x0B0B,
   0x0A0A,0x0A0A,0x0909,0x0809,0x0A0B,0x0B0B,0x0B0B,0x0C0E,0x1010,0x100F,
   0x0F10,0x100F,0x0F0D,0x0B09,0x0808,0x0807,0x0501,0xFFFF,0xFFFF,0xFDFB,
   0xF9F8,0xF8F8,0xFAFA,0xF8F8,0xF8FA,0xFDFE,0xFDFF,0x0204,0x070A,0x090A,
   0x0E0F,0x1215,0x1515,0x1515,0x1617,0x1514,0x1313,0x1313,0x1211,0x1213,
   0x1313,0x1415,0x1413,0x1211,0x100E,0x0B08,0x0504,0x0303,0x0302,0x0202,
   0x0305,0x0605,0x0403,0x0302,0x0200,0xFFFE,0xFDFD,0xFF00,0x0002,0x0304,
   0x070A,0x0A09,0x0706,0x0504,0x0200,0xFEFB,0xF7F4,0xF1F0,0xEFEE,0xECEC,
   0xEBEA,0xE9E9,0xEAEB,0xECEC,0xEDEF,0xF2F5,0xF6F8,0xFAFC,0xFE00,0x0203,
   0x0302,0x0304,0x0505,0x0301,0x00FF,0x0000,0xFFFF,0xFFFE,0xFDFD,0xFDFE,
   0xFFFF,0xFFFF,0x0002,0x0405,0x0607,0x0707,0x0809,0x0A0A,0x0909,0x0909,
   0x0908,0x0807,0x0400,0xFDFB,0xFAFB,0xFCFC,0xFDFD,0xFCFF,0x0509,0x0C0C,
   0x0B0B,0x0E11,0x1210,0x0D09,0x0706,0x0706,0x03FE,0xF9F6,0xF5F5,0xF4F2,
   0xF0F0,0xEFEF,0xF1F3,0xF5F7,0xF7F8,0xF9FB,0xFDFF,0xFFFF,0xFEFD,0xFE00,
   0x0201,0xFFFB,0xF8F8,0xF9F9,0xF7F4,0xF1EF,0xF0F2,0xF5F6,0xF5F5,0xF6F7,
   0xF9FA,0xF8F6,0xF5F3,0xF2F1,0xF0EE,0xEBEA,0xE9E9,0xE9E8,0xE6E4,0xE4E5,
   0xE5E5,0xE5E5,0xE6E8,0xECF0,0xF3F6,0xF9FC,0x0106,0x0A0D,0x0F11,0x1112,
   0x1111,0x110F,0x0D0B,0x0908,0x0603,0x0200,0x00FF,0xFFFF,0xFFFE,0xFEFF,
   0x0003,0x0507,0x090C,0x1014,0x1618,0x191B,0x1D1F,0x1F1E,0x1C1A,0x1715,
   0x1310,0x0C06,0x00FC,0xF9F7,0xF8F9,0xF8F9,0xF7F5,0xF8FD,0x0103,0x0200,
   0x0002,0x0609,0x0A09,0x0604,0x0609,0x0D0C,0x0703,0x00FF,0x0102,0x00FD,
   0xF9F5,0xF5F6,0xF8F7,0xF6F4,0xF5F7,0xFAFB,0xFCFB,0xFBFC,0xFDFF,0xFFFE,
   0xFBFA,0xFAFB,0xFEFD,0xFCFA,0xF8F8,0xF9F9,0xF8F6,0xF3F1,0xF1F3,0xF5F6,
   0xF7F7,0xF9FC,0xFF01,0x0304,0x0304,0x0406,0x0808,0x0808,0x0808,0x0809,
   0x0909,0x0807,0x080A,0x0B0C,0x0C0C,0x0D10,0x1112,0x1414,0x1415,0x1617,
   0x1A1A,0x1A1A,0x1A19,0x1817,0x1615,0x1311,0x0E0D,0x0C0C,0x0B09,0x0808,
   0x0808,0x0807,0x0706,0x0606,0x0708,0x0807,0x0605,0x0607,0x0605,0x0402,
   0x01FF,0xFCF9,0xF4F0,0xECEA,0xEBEB,0xE9E6,0xE2E1,0xE5EA,0xECED,0xECE9,
   0xE9EC,0xF1F5,0xF5F1,0xEEEF,0xF2F6,0xF9FA,0xF7F7,0xF8F9,0xFBFD,0xFBF7,
   0xF4F1,0xF0F1,0xF0EE,0xEDEC,0xEBEE,0xF2F6,0xFAFC,0xFCFD,0x0003,0x0507,
   0x0707,0x0605,0x0606,0x0503,0xFFFD,0xFCFB,0xF9F7,0xF5F2,0xF1F1,0xF3F4,
   0xF5F3,0xF2F2,0xF3F5,0xF5F4,0xF3F3,0xF4F5,0xF6F7,0xF7F6,0xF5F4,0xF6F7,
   0xF6F5,0xF2F0,0xEFF0,0xF0F0,0xF0F0,0xEFF0,0xF3F6,0xF8F9,0xF9FB,0xFE01,
   0x0405,0x0606,0x0708,0x0A0C,0x0C0B,0x0909,0x0909,0x0907,0x0402,0x00FF,
   0xFEFD,0xFDFD,0xFCFB,0xFBFC,0xFEFF,0x0001,0x0101,0x0204,0x0507,0x0706,
   0x0606,0x0706,0x0401,0xFEFC,0xF8F4,0xF3F5,0xF6F8,0xF9F9,0xFBFF,0x040A,
   0x0F10,0x0F0F,0x1014,0x1819,0x1716,0x171A,0x1D1F,0x1F1E,0x1C1A,0x1A1B,
   0x1A18,0x140F,0x0B09,0x0807,0x0707,0x0707,0x0A0D,0x1115,0x181A,0x1C1E,
   0x2020,0x1E1C,0x1A19,0x1816,0x1514,0x1210,0x1010,0x100E,0x0B09,0x0705,
   0x0200,0xFFFE,0xFDFD,0xFDFF,0xFF00,0x0204,0x0709,0x0A0B,0x0C0C,0x0C0A,
   0x0909,0x0705,0x02FF,0xFEFD,0xFCFB,0xFBFB,0xFDFE,0x0002,0x0406,0x0607,
   0x080B,0x0C0C,0x0C0D,0x0E10,0x1112,0x1313,0x1212,0x1210,0x0F0C,0x0806,
   0x0505,0x0402,0x00FF,0xFFFE,0xFDFD,0xFEFE,0xFDFC,0xFCFC,0xFCFB,0xFBFC,
   0xFEFF,0xFFFF,0xFFFE,0xFDFC,0xFAFA,0xF8F5,0xF2F2,0xF5F7,0xF9F9,0xF7F7,
   0xFAFF,0x0306,0x0501,0x0104,0x090E,0x0D08,0x0404,0x060B,0x0E0C,0x0907,
   0x0507,0x0909,0x0600,0xFBF8,0xF7F8,0xF8F9,0xF8F8,0xFBFF,0x050B,0x0E0E,
   0x0D0D,0x0F12,0x1413,0x110E,0x0B0B,0x0D0E,0x0D0A,0x0401,0x0000,0x00FF,
   0xFBF7,0xF5F3,0xF4F6,0xF6F5,0xF3F3,0xF5F8,0xFAFB,0xFCFC,0xFDFD,0xFDFD,
   0xFDFB,0xFAF9,0xF9F8,0xF6F5,0xF5F6,0xF7F7,0xF7F7,0xF8FA,0xFBFD,0xFF02,
   0x0406,0x080A,0x0C0D,0x0F10,0x1011,0x1010,0x1010,0x110F,0x0E0D,0x0E0E,
   0x0D0B,0x0908,0x0606,0x0505,0x0505,0x0505,0x0708,0x0909,0x0909,0x0A0A,
   0x0908,0x0807,0x0604,0x0302,0xFFFD,0xF9F5,0xF2EF,0xEAE5,0xE2E0,0xE1E5,
   0xE8EA,0xEAEB,0xF0F7,0x0006,0x0704,0x0305,0x0B10,0x120F,0x0B08,0x090D,
   0x1113,0x120E,0x0A09,0x0B0E,0x0E0B,0x0702,0x0002,0x070B,0x0C0A,0x080A,
   0x1018,0x1C1D,0x1916,0x1416,0x181A,0x1712,0x0E0B,0x0D0E,0x0E0D,0x0906,
   0x0402,0x0100,0xFFFD,0xFBFA,0xFAFD,0xFF01,0x0203,0x0405,0x070B,0x0D0D,
   0x0B08,0x0706,0x0503,0x01FF,0xFEFB,0xF9F7,0xF7F7,0xF7F6,0xF6F5,0xF6F7,
   0xF9FD,0x0001,0x0305,0x080D,0x1012,0x1212,0x1111,0x1212,0x110F,0x0D0B,
   0x0A0B,0x0B0A,0x0807,0x0504,0x0303,0x0202,0x0000,0x0000,0xFFFF,0xFEFD,
   0xFEFE,0xFEFD,0xFDFD,0xFCFC,0xFCFC,0xFDFC,0xFBFA,0xFAF9,0xF7F6,0xF4F3,
   0xF3F2,0xF0EF,0xEFF2,0xF5F8,0xFBFD,0xFF02,0x0609,0x0B0B,0x0806,0x0708,
   0x0807,0x0401,0x0000,0x0102,0x0201,0xFFFE,0xFDFE,0xFF01,0x0202,0x0305,
   0x080B,0x0E11,0x1111,0x1213,0x1617,0x1612,0x0F0C,0x0B0A,0x0A08,0x0400,
   0xFEFD,0xFEFE,0xFDFB,0xF9F8,0xF9FB,0xFDFE,0xFEFF,0xFF03,0x070B,0x0C0D,
   0x0D0D,0x0D0E,0x0E0F,0x0D0A,0x0705,0x0403,0x0200,0xFFFC,0xFAF9,0xFAFC,
   0xFFFF,0xFFFF,0x0005,0x0B0F,0x1214,0x1313,0x1518,0x1A19,0x1612,0x0F0F,
   0x0E0D,0x0A07,0x0402,0xFFFF,0xFEFC,0xF9F5,0xF3F3,0xF3F2,0xF2F1,0xF1F1,
   0xF2F3,0xF5F6,0xF6F5,0xF4F3,0xF4F4,0xF3F2,0xF1F1,0xF0F0,0xF0EF,0xEEED,
   0xECEA,0xE8E6,0xE5E4,0xE4E5,0xE6E6,0xE7EC,0xF3FA,0xFF01,0x0103,0x070B,
   0x0E0D,0x0903,0xFFFF,0x0001,0xFEFA,0xF6F5,0xF5F8,0xF8F7,0xF5F4,0xF3F5,
   0xF8FA,0xFDFE,0x0003,0x080D,0x1115,0x1718,0x191A,0x1B1B,0x1916,0x1210,
   0x0E0C,0x0906,0x0301,0x00FF,0x0001,0x00FF,0xFEFE,0xFF02,0x0406,0x070A,
   0x0D10,0x1418,0x1A1B,0x1B1B,0x1B1A,0x1815,0x120F,0x0C09,0x0705,0x0300,
   0xFDFB,0xFAF9,0xF8F7,0xF6F7,0xF7F8,0xF9FB,0xFF02,0x0406,0x0809,0x0B0C,
   0x0B0B,0x0906,0x0200,0xFFFE,0xFCF9,0xF7F7,0xF8F9,0xFAFB,0xFCFD,0xFDFE,
   0xFF00,0xFFFF,0xFEFD,0xFDFC,0xFAF8,0xF7F5,0xF5F3,0xF2F0,0xEFED,0xECEB,
   0xEBEC,0xECEB,0xEBEB,0xEAEA,0xEAEA,0xECED,0xEFF0,0xF2F5,0xF8FB,0xFE01,
   0x0304,0x0406,0x0A0D,0x0E0D,0x0B0B,0x0B0C,0x0D0C,0x0907,0x0607,0x090B,
   0x0B0A,0x090A,0x0C11,0x1417,0x191A,0x1B1D,0x2023,0x2625,0x2220,0x1E1E,
   0x1E1D,0x1A17,0x1310,0x0E0F,0x0F0D,0x0905,0x0302,0x0203,0x0404,0x0303,
   0x0407,0x0C0E,0x1010,0x1113,0x1416,0x1717,0x1614,0x1110,0x0F0E,0x0D0B,
   0x0907,0x0403,0x0202,0x0201,0x00FF,0x0002,0x0303,0x0405,0x0505,0x0506,
   0x0707,0x0504,0x0304,0x0404,0x0404,0x0403,0x0203,0x0303,0x01FF,0xFEFE,
   0xFDFC,0xFCFC,0xFCFD,0xFDFE,0xFFFF,0x0000,0x0000,0x0000,0xFFFF,0xFFFF,
   0xFEFD,0xFDFD,0xFDFC,0xFAF8,0xF8F8,0xF8F9,0xF8F9,0xFC01,0x070D,0x1112,
   0x1216,0x1A1F,0x211E,0x1A16,0x1516,0x1817,0x1511,0x0D0D,0x0F11,0x1110,
   0x0B08,0x0605,0x0607,0x0807,0x0707,0x0B11,0x171B,0x1C1C,0x1D1E,0x1F1F,
   0x1E1B,0x1612,0x0F0E,0x0E0E,0x0D0C,0x0B0A,0x0908,0x0909,0x0704,0x01FF,
   0xFFFF,0xFFFF,0xFF00,0x0002,0x0506,0x0706,0x0403,0x02FF,0xFDF9,0xF6F4,
   0xF3F1,0xF0F0,0xEFEF,0xEEEE,0xEEED,0xECEC,0xECEE,0xEFF1,0xF2F6,0xFB01,
   0x0508,0x0A0C,0x0D0E,0x0E0E,0x0D0A,0x0705,0x0505,0x0606,0x0605,0x0505,
   0x0506,0x0707,0x0503,0x0203,0x0403,0x0302,0x0100,0xFFFF,0xFFFD,0xFAF7,
   0xF5F3,0xF1F0,0xEFEE,0xEDED,0xECEB,0xEAEA,0xE9E7,0xE5E3,0xE1E1,0xE0E1,
   0xE1E1,0xE2E4,0xE7EB,0xEFF2,0xF3F5,0xF7F9,0xFCFD,0xFDFC,0xFBFC,0xFDFF,
   0x00FF,0xFEFD,0xFEFF,0x00FF,0xFEFC,0xFBFA,0xFBFC,0xFEFF,0xFF00,0x0205,
   0x0809,0x0A0A,0x0B0A,0x0A09,0x0908,0x0707,0x0606,0x0505,0x0405,0x0504,
   0x0200,0x0000,0x0102,0x0305,0x0607,0x080A,0x0C0E,0x0F10,0x1214,0x1516,
   0x1617,0x1818,0x1817,0x1615,0x1413,0x1314,0x1312,0x1112,0x1416,0x1614,
   0x1414,0x1517,0x1817,0x1614,0x1415,0x1718,0x1715,0x1414,0x1516,0x1614,
   0x1310,0x0E0D,0x0B0A,0x0704,0x01FF,0xFFFF,0xFEFD,0xFCFC,0xFCFC,0xFCFC,
   0xFCFC,0xFCFB,0xFBFB,0xFBFA,0xF9F8,0xF7F6,0xF5F5,0xF5F4,0xF2F0,0xEEEE,
   0xEFEF,0xEFEE,0xEDED,0xEFF2,0xF5F7,0xF7F5,0xF4F5,0xF7F8,0xF8F7,0xF6F5,
   0xF5F7,0xF8F8,0xF7F6,0xF4F3,0xF4F4,0xF5F5,0xF6F6,0xF6F8,0xFAFE,0x0103,
   0x0507,0x0809,0x0909,0x0908,0x0707,0x0709,0x0B0C,0x0C0D,0x0C0B,0x0A0B,
   0x0C0D,0x0C0B,0x0909,0x0A0B,0x0C0D,0x0E0F,0x1011,0x1416,0x1614,0x1210,
   0x100F,0x0E0C,0x0B0B,0x0A09,0x090A,0x0A09,0x0706,0x0504,0x0201,0x0102,
   0x0203,0x0306,0x090B,0x0D0E,0x0F10,0x1111,0x1112,0x1110,0x0F0F,0x1010,
   0x0F0D,0x0B0A,0x0806,0x0402,0x01FF,0xFFFE,0xFDFD,0xFEFF,0x0102,0x0201,
   0x00FF,0x00FF,0xFDF9,0xF5F4,0xF4F4,0xF4F3,0xF1F0,0xF0F0,0xF2F1,0xEEEB,
   0xE8E7,0xE8E9,0xE8E7,0xE6E6,0xE7EB,0xEEF1,0xF3F4,0xF6F9,0xFCFF,0x0000,
   0xFF00,0x0000,0x0203,0x0507,0x0809,0x0A0A,0x0A0A,0x0A09,0x0806,0x0505,
   0x0506,0x0607,0x0707,0x0808,0x0909,0x0909,0x0807,0x0707,0x0707,0x0706,
   0x0402,0x0203,0x0404,0x0201,0x0101,0x0102,0x0305,0x0607,0x0809,0x0B0D,
   0x0E0F,0x1111,0x1010,0x1012,0x1211,0x0F0E,0x0D0C,0x0B0A,0x090A,0x0B0B,
   0x0C0D,0x0D0D,0x0C0A,0x0909,0x0808,0x0707,0x0604,0x0202,0x0304,0x0402,
   0x00FF,0xFFFF,0xFFFE,0xFCF9,0xF7F6,0xF6F6,0xF5F3,0xF1F0,0xEFF0,0xF0F0,
   0xF0F0,0xEFEF,0xEFF2,0xF3F4,0xF4F4,0xF3F4,0xF4F4,0xF4F4,0xF4F3,0xF2F0,
   0xF0EE,0xEDEB,0xEBEB,0xEAEA,0xEAEC,0xEEF1,0xF3F5,0xF5F3,0xF1F0,0xF2F3,
   0xF2EF,0xECEA,0xEBED,0xEFF1,0xF1EF,0xEDEB,0xEAEB,0xEBEB,0xECED,0xEFF2,
   0xF4F7,0xFBFD,0xFEFF,0x0001,0x0203,0x0304,0x0404,0x0304,0x0508,0x0908,
   0x0706,0x0606,0x0605,0x0402,0xFFFF,0xFF02,0x0406,0x0607,0x080A,0x0C0F,
   0x1010,0x0D0A,0x0809,0x0A0B,0x0B0A,0x0807,0x0606,0x0809,0x0805,0x0202,
   0x0305,0x0708,0x090A,0x0C0F,0x1317,0x1918,0x1719,0x1C1F,0x2221,0x2020,
   0x1F1F,0x2021,0x201E,0x1C1A,0x1A1B,0x1B1B,0x1A1A,0x1A1A,0x1B1D,0x1F22,
   0x2323,0x2222,0x2323,0x2221,0x1E1B,0x1714,0x110E,0x0C09,0x0603,0x00FE,
   0xFCF9,0xF7F5,0xF2EE,0xECEC,0xEDEE,0xEEEF,0xEFF0,0xF1F4,0xF8FB,0xFDFD,
   0xFDFF,0x0104,0x0505,0x0506,0x0607,0x0707,0x0706,0x0505,0x0402,0x00FF,
   0xFEFD,0xFCFA,0xF9F9,0xFAFB,0xFDFE,0xFFFF,0xFEFD,0xFDFD,0xFCFB,0xFAF8,
   0xF8F7,0xF8F9,0xFAFB,0xFAF8,0xF7F8,0xF8F8,0xF7F6,0xF5F5,0xF6F8,0xFAFB,
   0xFCFC,0xFE00,0x0204,0x0405,0x0506,0x0606,0x0809,0x0909,0x0909,0x0A0B,
   0x0B0A,0x0B0B,0x0A09,0x0A0B,0x0D0D,0x0D0E,0x0E0F,0x100F,0x1011,0x1212,
   0x1213,0x1415,0x1515,0x1514,0x1414,0x1414,0x1412,0x1110,0x1011,0x1111,
   0x100E,0x0D0B,0x0A0A,0x0B0C,0x0B0A,0x0908,0x0808,0x0807,0x0604,0x0201,
   0x0101,0x0100,0x0001,0x0102,0x0201,0x0101,0x0000,0xFFFF,0xFFFE,0xFDFE,
   0xFEFF,0x0102,0x0202,0x0101,0x0203,0x0301,0x00FF,0xFFFF,0xFEFD,0xFBF8,
   0xF6F5,0xF5F5,0xF6F6,0xF6F5,0xF6F6,0xF7F8,0xF8F9,0xF8F7,0xF7F9,0xFAFC,
   0xFCFC,0xFCFC,0xFAF9,0xF9FA,0xFAF8,0xF6F3,0xF3F3,0xF3F4,0xF5F6,0xF4F3,
   0xF3F5,0xF7F8,0xF8F7,0xF7F7,0xF9FB,0xFDFF,0xFFFD,0xFCFC,0xFDFE,0xFDFC,
   0xF9F7,0xF5F4,0xF4F5,0xF5F5,0xF5F5,0xF6F8,0xF9FC,0xFEFF,0x0102,0x0407,
   0x0A0D,0x0F10,0x1112,0x1212,0x1211,0x100E,0x0C0C,0x0C0C,0x0A07,0x0503,
   0x0201,0x00FF,0xFFFF,0xFFFF,0x0001,0x0203,0x0303,0x0201,0xFFFF,0x0001,
   0x01FF,0xFEFD,0xFCFC,0xFBF8,0xF6F3,0xF1F0,0xF1F3,0xF4F4,0xF3F4,0xF6F9,
   0xFAFA,0xF9F9,0xFAFC,0xFF03,0x0506,0x0708,0x0B0E,0x0E0C,0x0A08,0x0808,
   0x090B,0x0B09,0x0706,0x0608,0x0909,0x0707,0x0708,0x0A0D,0x0F0F,0x0D0C,
   0x0B0B,0x0B0B,0x0907,0x0605,0x0405,0x0605,0x0402,0x0101,0x0101,0x00FF,
   0xFFFF,0xFFFF,0x0102,0x0303,0x0304,0x0607,0x090C,0x0F11,0x1212,0x1315,
   0x1718,0x1918,0x1716,0x1515,0x1414,0x1210,0x1010,0x1112,0x1314,0x1516,
   0x1616,0x1616,0x1616,0x1616,0x1616,0x1517,0x181A,0x1A1B,0x1A1A,0x1919,
   0x1919,0x1919,0x1817,0x1616,0x1615,0x1413,0x1210,0x0F0F,0x1010,0x0F0C,
   0x0908,0x0706,0x0401,0xFFFC,0xFBFA,0xFAFA,0xFBFA,0xF9FA,0xFAFA,0xF9F6,
   0xF3F2,0xF2F2,0xF3F2,0xF1EF,0xEEF0,0xF2F3,0xF3F2,0xF2F2,0xF3F2,0xF1F0,
   0xEEED,0xEDEC,0xECEE,0xEEEE,0xEFF1,0xF2F4,0xF4F4,0xF5F5,0xF6F7,0xF9FA,
   0xFAFB,0xFBFE,0xFF01,0x0101,0x0101,0x0101,0x0000,0xFFFE,0xFDFD,0xFCFA,
   0xF8F7,0xF7F8,0xF8F7,0xF7F7,0xF7F6,0xF6F7,0xF8F7,0xF7F7,0xF9FB,0xFCFC,
   0xFCFD,0xFF00,0x0000,0x0100,0x0000,0x0103,0x0404,0x0303,0x0404,0x0505,
   0x0504,0x0202,0x0306,0x0908,0x0706,0x0506,0x0809,0x0A09,0x0706,0x0708,
   0x0908,0x0603,0x0100,0x0101,0x0101,0x0101,0x0102,0x0303,0x01FF,0xFFFE,
   0xFDFD,0xFCFB,0xFAF7,0xF5F2,0xF0EF,0xEDEB,0xEAE9,0xE9E8,0xE8E8,0xE9EA,
   0xEBEB,0xEBEB,0xEBEC,0xEEEF,0xF0F0,0xF0F2,0xF5F9,0xFDFE,0xFEFE,0xFEFF,
   0x0000,0x00FF,0xFEFD,0xFCFB,0xF9F6,0xF5F4,0xF5F5,0xF5F5,0xF5F6,0xF7F7,
   0xF9FA,0xFAFA,0xF9F9,0xFAFC,0xFEFF,0xFFFE,0xFDFE,0xFFFF,0x00FF,0xFDFB,
   0xFBFC,0xFEFE,0xFDFD,0xFCFC,0xFDFF,0x0102,0x0202,0x0508,0x0C0D,0x0E0F,
   0x1112,0x1416,0x1818,0x1717,0x1819,0x1A19,0x1715,0x1413,0x1312,0x1212,
   0x1111,0x1111,0x1111,0x1112,0x1213,0x1314,0x1516,0x1616,0x1514,0x1413,
   0x1211,0x1010,0x0F0D,0x0D0C,0x0C0B,0x0A08,0x0707,0x0809,0x0A0A,0x0A0A,
   0x0A0B,0x0C0D,0x0C0A,0x0908,0x0707,0x0604,0x0200,0xFFFF,0xFFFE,0xFCFA,
   0xF8F8,0xF8F9,0xF8F6,0xF4F2,0xF1F1,0xF1F2,0xF2F1,0xEFEF,0xEFF0,0xF1F1,
   0xF1F1,0xF0F0,0xEFF1,0xF1F2,0xF2F2,0xF3F5,0xF6F7,0xF8F8,0xF8F8,0xF9FB,
   0xFDFE,0xFF00,0x0103,0x0404,0x0405,0x0505,0x0505,0x0605,0x0504,0x0404,
   0x0403,0x0303,0x0303,0x0405,0x0709,0x090A,0x0C0D,0x0E0F,0x1112,0x1414,
   0x1415,0x1718,0x1919,0x191A,0x1B1A,0x1A1B,0x1C1E,0x1F1F,0x1F1E,0x1D1D,
   0x1E1F,0x201F,0x1F1F,0x2022,0x2222,0x2222,0x2222,0x2120,0x1F1E,0x1C1A,
   0x1818,0x1816,0x1513,0x110F,0x0F0F,0x0F0F,0x0D0B,0x0908,0x0809,0x0807,
   0x0607,0x0708,0x0707,0x0503,0x0202,0x0100,0xFFFD,0xFCFC,0xFCFB,0xF9F7,
   0xF5F3,0xF2F1,0xF0EE,0xEDEB,0xEBEC,0xEDED,0xEDED,0xEDEE,0xEEEE,0xEFEF,
   0xEFEF,0xEFF0,0xF1F0,0xEFEF,0xEEED,0xEBEA,0xE9E9,0xE9E7,0xE6E6,0xE7E8,
   0xE8E9,0xEAEB,0xECEC,0xEDEF,0xF1F2,0xF2F4,0xF5F6,0xF5F5,0xF5F6,0xF7F7,
   0xF7F8,0xF9FA,0xFBFC,0xFEFF,0xFFFF,0xFF01,0x0203,0x0304,0x0607,0x080A,
   0x0C0E,0x0F10,0x1113,0x1414,0x1415,0x1515,0x1413,0x1313,0x1210,0x0E0C,
   0x0B0A,0x0806,0x0503,0x0100,0x0000,0x0101,0x0203,0x0405,0x0606,0x0707,
   0x0606,0x0607,0x0808,0x0706,0x0504,0x0302,0x0202,0x01FF,0xFEFE,0xFEFF,
   0xFFFF,0xFEFE,0xFEFE,0xFF00,0x0000,0xFFFF,0xFF00,0xFFFE,0xFCFB,0xF9F8,
   0xF8F8,0xF8F7,0xF7F6,0xF6F8,0xF9F9,0xF8F8,0xF8F8,0xF7F8,0xF8F8,0xF7F5,
   0xF4F4,0xF5F4,0xF3F3,0xF3F3,0xF3F3,0xF3F4,0xF4F4,0xF4F5,0xF6F6,0xF6F7,
   0xF8F9,0xFAFB,0xFDFF,0x0001,0x0203,0x0507,0x0708,0x090A,0x0B0B,0x0B0B,
   0x0C0C,0x0C0B,0x0B0A,0x0A0A,0x0A0B,0x0B0B,0x0B0C,0x0E10,0x1112,0x1314,
   0x1516,0x1819,0x1919,0x1A1A,0x1A1A,0x1A1A,0x1A1B,0x1B1B,0x1A1A,0x1919,
   0x1918,0x1817,0x1717,0x1818,0x1818,0x1818,0x191A,0x1A19,0x1919,0x1A1A,
   0x1A1A,0x1919,0x1817,0x1717,0x1615,0x1413,0x1312,0x1110,0x0F0F,0x0E0D,
   0x0D0E,0x0E0E,0x0E0F,0x1111,0x1110,0x1010,0x0F0D,0x0C0B,0x0B0A,0x0806,
   0x0503,0x0200,0x00FF,0xFFFD,0xFBF9,0xF9FA,0xFAFB,0xFBFB,0xFBFB,0xFBFC,
   0xFCFB,0xFAF9,0xF9FA,0xFAF9,0xF8F8,0xF7F7,0xF7F7,0xF7F7,0xF5F4,0xF4F4,
   0xF3F1,0xF0F0,0xF0EF,0xEFEF,0xF1F2,0xF3F4,0xF6F8,0xFAFA,0xFBFC,0xFCFC,
   0xFBFB,0xFCFB,0xFBFA,0xF9F9,0xFAFA,0xFBFC,0xFDFD,0xFCFB,0xFCFD,0xFDFD,
UWORD __chip land[]=
{
   0x0000,0x337F,0x7F5D,0x3B7F,0xCD80,0x80D8,0x8080,0xB8A2,0xA5D4,0xE3DC,
   0xEDE6,0xFBF5,0xFCF5,0xF804,0x0A0F,0x1C16,0x2A36,0x424F,0x5C56,0x6258,
   0x5964,0x5C62,0x6262,0x5E56,0x544E,0x4B43,0x3832,0x3727,0x2316,0x1212,
   0x0702,0xFAF4,0xE8E6,0xD6D6,0xCFC3,0xBFAA,0xAAA7,0xA297,0x9295,0x9285,
   0x8784,0x8582,0x8789,0x95A2,0xA4A9,0xA8AF,0xB3BA,0xC6CE,0xD2DC,0xE2E6,
   0xEAF2,0xFA06,0x131B,0x262B,0x3542,0x494E,0x5658,0x6366,0x686F,0x7274,
   0x787A,0x7576,0x7272,0x6D6A,0x6768,0x6457,0x5349,0x4545,0x3C36,0x2E2B,
   0x251C,0x140E,0x0802,0xF5F2,0xEAE6,0xDFD5,0xD4CB,0xC8C2,0xBEB7,0xB4B2,
   0xA8A8,0xA5A6,0xA8AF,0xB3B6,0xB8BE,0xC1C2,0xC6CD,0xCED4,0xD8DE,0xE5EA,
   0xEFF3,0xF7FA,0x0209,0x1418,0x1F24,0x2E34,0x363A,0x3C42,0x4343,0x4444,
   0x423F,0x3C3A,0x3A38,0x3732,0x2E29,0x2422,0x1813,0x0F0C,0x06FE,0xF8F6,
   0xF2EA,0xE8E3,0xDEDA,0xD9D5,0xD3CF,0xC8C8,0xC5BF,0xBBB8,0xB9B6,0xB6B4,
   0xB3B4,0xB4B4,0xB4B5,0xB4B4,0xB6B6,0xB5B8,0xBBC2,0xC7CC,0xD4DA,0xE2E8,
   0xEFF4,0xF7FA,0x060D,0x151A,0x242A,0x3236,0x3A3F,0x4247,0x4952,0x555A,
   0x6165,0x686B,0x6E72,0x7274,0x7372,0x726F,0x6A68,0x6764,0x625A,0x5753,
   0x524C,0x4642,0x3A34,0x2C26,0x1F16,0x0F08,0x04FF,0xF5F2,0xE8E4,0xDED6,
   0xD3CC,0xC8C4,0xC2BF,0xBAB8,0xB6B3,0xAFAB,0xA8A6,0xA5A4,0xA4A4,0xA5A5,
   0xA8AA,0xACAF,0xB2B6,0xB8BE,0xC2C4,0xC6C9,0xCDD2,0xD6DA,0xE2E6,0xECF4,
   0xF8FF,0x040A,0x1216,0x191A,0x2326,0x2B32,0x3537,0x3A42,0x4344,0x4546,
   0x4647,0x4747,0x4648,0x494A,0x4B4A,0x4B49,0x4947,0x4444,0x423A,0x3634,
   0x2F29,0x2522,0x1B16,0x130E,0x0805,0x02FC,0xF6F2,0xECE7,0xE2DD,0xD7D3,
   0xCEC8,0xC6C2,0xBFBC,0xB9B6,0xB4B3,0xAFAD,0xACAA,0xABAB,0xAAAA,0xABAC,
   0xAFAF,0xB2B3,0xB4B5,0xB6B8,0xBABC,0xBFC2,0xC6C9,0xCCD3,0xD6DA,0xDFE4,
   0xE8EE,0xF2F6,0xFAFF,0x0308,0x0C12,0x1517,0x1A22,0x2629,0x2F33,0x383E,
   0x4246,0x494E,0x5355,0x585A,0x5A5C,0x5F60,0x6464,0x6666,0x6666,0x6664,
   0x6463,0x625F,0x5A58,0x5652,0x4F4A,0x4845,0x423E,0x3835,0x2F2A,0x2622,
   0x1B16,0x120B,0x0602,0xFBF5,0xF2EC,0xE7E3,0xDED9,0xD6D3,0xCFCA,0xC8C5,
   0xC3BF,0xB9B7,0xB4B3,0xAFAB,0xAAA8,0xA7A6,0xA6A5,0xA5A6,0xA8A8,0xA8A8,
   0xAAAA,0xADAF,0xB2B4,0xB6B9,0xBEC2,0xC5C8,0xCCD2,0xD4D8,0xDADF,0xE2E7,
   0xEAEF,0xF3F7,0xFA02,0x0508,0x0C12,0x1518,0x1D22,0x2428,0x2A2E,0x3234,
   0x3738,0x3C3E,0x3F42,0x4445,0x4546,0x4848,0x494A,0x4B4C,0x4E4E,0x4F4E,
   0x524F,0x4F4E,0x4E4C,0x4C4A,0x4846,0x4442,0x3F3A,0x3836,0x3432,0x2E2A,
   0x2624,0x221B,0x1614,0x0E08,0x05FF,0xF9F6,0xF2EE,0xE8E6,0xE3DF,0xDAD7,
   0xD4D3,0xCECA,0xC8C6,0xC3BF,0xBBBA,0xB8B6,0xB4B3,0xB2B2,0xAFAD,0xACAE,
   0xADAE,0xAAA6,0xACAC,0xABAE,0xAFB2,0xB3B4,0xB6B6,0xB8BA,0xBCBF,0xBEC2,
   0xC4C6,0xC7C9,0xCDCF,0xD3D6,0xD9DE,0xE2E5,0xE7EA,0xEFF2,0xF5F9,0xFE02,
   0x060A,0x0E14,0x161A,0x1F22,0x262A,0x2E32,0x3536,0x3A3C,0x3F42,0x4446,
   0x4648,0x4A4A,0x4C4E,0x4D4E,0x4F50,0x5252,0x5252,0x524F,0x4E4E,0x4E4C,
   0x4C4A,0x4A48,0x4646,0x4443,0x423E,0x3A38,0x3635,0x3432,0x2F2C,0x2A28,
   0x2725,0x2322,0x1F1A,0x1817,0x1413,0x0E0C,0x0806,0x0402,0xFEF8,0xF5F2,
   0xEFEA,0xE8E5,0xE4DF,0xDBD8,0xD7D4,0xD2CE,0xCAC8,0xC6C4,0xC2BF,0xBBBA,
   0xB9B7,0xB5B5,0xB4B4,0xB4B4,0xB4B4,0xB5B5,0xB6B6,0xB8B8,0xBABB,0xBCBE,
   0xBFC2,0xC4C5,0xC6C8,0xCACB,0xCDCF,0xD2D4,0xD5D7,0xD9DB,0xDEE2,0xE4E6,
   0xE8EB,0xEFEE,0xECF5,0xF6F6,0xFAFE,0xFF02,0x0506,0x0809,0x0B0E,0x0F12,
   0x1516,0x191B,0x1F22,0x2628,0x2A2C,0x3234,0x3536,0x3A3B,0x3E41,0x4444,
   0x4646,0x484A,0x4A4C,0x4E4E,0x4D4E,0x4E4E,0x4E4E,0x4D4C,0x4C4B,0x4A49,
   0x4846,0x4644,0x4442,0x3E3A,0x3937,0x3534,0x322E,0x2A28,0x2624,0x231E,
   0x1A18,0x1613,0x0F0C,0x0906,0x0402,0xFEF9,0xF6F5,0xF2EF,0xEAE8,0xE7E4,
   0xE2DF,0xDBD9,0xD8D6,0xD4D3,0xD2CF,0xCCCC,0xCAC9,0xC8C8,0xC6C5,0xC4C3,
   0xC2C2,0xBFBC,0xBCBB,0xBABA,0xB8B8,0xB8B8,0xB7B6,0xB7B6,0xB7B6,0xB6B7,
   0xB8B8,0xBABA,0xBCBE,0xBEC2,0xC3C4,0xC6C8,0xC9CA,0xCECF,0xD2D4,0xD6D8,
   0xDBDD,0xE2E4,0xE6E8,0xEBEE,0xF2F5,0xF6F8,0xFD02,0x0506,0x0A0E,0x1214,
   0x1618,0x1A1D,0x2224,0x2626,0x282A,0x2C2F,0x2F32,0x3435,0x3637,0x383A,
   0x3B3B,0x3C3F,0x3E3F,0x3E41,0x4242,0x4242,0x4242,0x3F3D,0x3E3C,0x3C3C,
   0x3C3C,0x3C3A,0x3A3A,0x3939,0x3838,0x3838,0x3736,0x3635,0x3434,0x3433,
   0x322F,0x2C2C,0x2B2A,0x2826,0x2524,0x2222,0x1C1A,0x1817,0x1514,0x0F0E,
   0x0C0A,0x0806,0x0403,0x02FE,0xFAF8,0xF7F5,0xF4F3,0xF2EE,0xEBE9,0xE8E6,
   0xE4E3,0xE2DF,0xDBDA,0xDAD7,0xD6D6,0xD5D4,0xD2D2,0xCFCD,0xCCCB,0xCAC9,
   0xC8C8,0xC7C6,0xC6C6,0xC6C5,0xC6C5,0xC4C4,0xC4C4,0xC5C5,0xC5C6,0xC6C7,
   0xC7C8,0xC8CA,0xCACC,0xCECE,0xCFCF,0xD2D3,0xD4D5,0xD6D7,0xD8DB,0xDADD,
   0xDEE2,0xE3E4,0xE5E6,0xE7E8,0xEAEC,0xEEEF,0xF2F4,0xF5F6,0xF8F9,0xFAFD,
   0xFF02,0x0406,0x0608,0x0A0B,0x0C0E,0x0F12,0x1415,0x1618,0x191A,0x1D1E,
   0x2223,0x2324,0x2526,0x2628,0x2A2A,0x2B2B,0x2C2E,0x2E32,0x3232,0x3332,
   0x3434,0x3434,0x3434,0x3535,0x3636,0x3636,0x3737,0x3636,0x3838,0x3736,
   0x3636,0x3636,0x3535,0x3434,0x3433,0x3332,0x2E2D,0x2C2A,0x2828,0x2625,
   0x2423,0x221F,0x1B1A,0x1918,0x1714,0x1413,0x0F0E,0x0C0A,0x0A08,0x0605,
   0x0402,0xFFFC,0xFAF8,0xF8F6,0xF4F4,0xF2EF,0xECEC,0xEAE8,0xE7E5,0xE4E4,
   0xE2E2,0xDFDC,0xDBD9,0xD8D7,0xD6D6,0xD5D4,0xD4D3,0xD2D2,0xCFCE,0xCFCD,
   0xCDCC,0xCCCC,0xCBCA,0xCBCB,0xCCCC,0xCCCC,0xCCCC,0xCCCD,0xCECF,0xCFCF,
   0xCED2,0xD2D2,0xD2D4,0xD4D4,0xD4D4,0xD5D5,0xD6D6,0xD8D9,0xDADA,0xDCDB,
   0xDCDF,0xDEE2,0xE2E3,0xE4E5,0xE6E7,0xE7E8,0xECED,0xEDEF,0xEFF2,0xF4F5,
   0xF6F8,0xFAFB,0xFCFF,0xFF02,0x0506,0x0708,0x0A0B,0x0C0E,0x0F12,0x1415,
   0x1516,0x1718,0x1A1A,0x1B1E,0x1F1E,0x2223,0x2324,0x2526,0x2626,0x2828,
   0x2A2A,0x2A2B,0x2C2E,0x2E2E,0x2E2F,0x2F2F,0x3132,0x3232,0x3232,0x3232,
   0x3232,0x3232,0x2F2E,0x2E2E,0x2E2D,0x2C2B,0x2A2B,0x2A2A,0x2A29,0x2928,
   0x2928,0x2726,0x2625,0x2524,0x2423,0x2222,0x221F,0x1C1C,0x1A1A,0x1818,
   0x1616,0x1514,0x1414,0x0F0D,0x0E0C,0x0B0A,0x0A08,0x0807,0x0604,0x0404,
   0x0302,0xFFFC,0xFBFA,0xF8F7,0xF6F6,0xF4F4,0xF3F2,0xEFED,0xEDEB,0xEAEA,
   0xE8E7,0xE5E5,0xE4E4,0xE2E2,0xDFDD,0xDEDC,0xDBD9,0xD9D8,0xD8D7,0xD6D5,
   0xD5D4,0xD4D4,0xD3D2,0xD2D4,0xD4D2,0xCFCF,0xCFCF,0xCFCF,0xCFCF,0xCFCF,
   0xCFCF,0xCFD2,0xD3D3,0xD3D3,0xD4D4,0xD5D4,0xD6D6,0xD7D8,0xDADA,0xDBDA,
   0xDEDF,0xDFE2,0xE3E4,0xE5E6,0xE6E8,0xE9EA,0xEAEC,0xEEEE,0xEFF2,0xF3F5,
   0xF6F6,0xF7F6,0xF8FA,0xFBFB,0xFDFE,0x0203,0x0304,0x0505,0x0608,0x0808,
   0x0A0A,0x0C0C,0x0D0E,0x0F0F,0x1213,0x1414,0x1515,0x1617,0x1618,0x191A,
   0x1A1B,0x1C1E,0x1E1E,0x2222,0x2323,0x2324,0x2524,0x2526,0x2626,0x2627,
   0x2728,0x2A2A,0x2A2A,0x2A2B,0x2B2B,0x2C2C,0x2D2C,0x2E2C,0x2D2C,0x2C2C,
   0x2C2C,0x2C2C,0x2B2A,0x2C2B,0x2A29,0x2A28,0x2828,0x2726,0x2626,0x2625,
   0x2524,0x2424,0x2423,0x2222,0x2222,0x1F1C,0x1C1C,0x1A19,0x1818,0x1716,
   0x1615,0x1413,0x120F,0x0D0D,0x0B0A,0x0808,0x0704,0x0403,0x02FF,0xFAFB,
   0xF9F8,0xF7F6,0xF6F4,0xF2F2,0xF2EE,0xECEB,0xEAE9,0xE8E7,0xE6E5,0xE4E3,
   0xE2DF,0xDCDE,0xDBDA,0xDAD9,0xD9D9,0xD7D7,0xD6D6,0xD6D6,0xD4D6,0xD6D5,
   0xD6D6,0xD6D6,0xD5D6,0xD6D6,0xD6D7,0xD7D8,0xD8D8,0xD8D8,0xD9DA,0xDADA,
   0xDBDC,0xDCDE,0xDEDE,0xDEE2,0xE2DF,0xE2E2,0xDFE2,0xE3E2,0xE3E4,0xE4E5,
   0xE5E5,0xE6E5,0xE6E6,0xE6E8,0xE8E7,0xE8EA,0xEAEA,0xEDEC,0xEEEE,0xECEF,
   0xF1F2,0xF2F4,0xF4F4,0xF5F5,0xF6F6,0xF7F6,0xF8F9,0xF9FA,0xFAFC,0xFCFE,
   0xFE02,0x0403,0x0404,0x0506,0x0706,0x0708,0x0A0A,0x0C0E,0x0E0F,0x0F12,
   0x1514,0x1516,0x1716,0x1819,0x191A,0x1B1B,0x1C1F,0x1E1E,0x2223,0x2323,
   0x2424,0x2424,0x2525,0x2525,0x2526,0x2626,0x2626,0x2626,0x2526,0x2626,
   0x2625,0x2525,0x2524,0x2424,0x2424,0x2424,0x2322,0x2222,0x2222,0x221F,
   0x1C1E,0x1D1B,0x1A1C,0x1C1A,0x1A1A,0x1A18,0x1918,0x1818,0x1716,0x1616,
   0x1616,0x1515,0x1414,0x1514,0x1313,0x1212,0x1312,0x1212,0x0F0E,0x0C0C,
   0x0C0A,0x0A0A,0x0908,0x0706,0x0605,0x0504,0x0403,0x0202,0xFFFD,0xFEFC,
   0xFDFB,0xFAF9,0xF8F8,0xF8F7,0xF5F6,0xF4F4,0xF4F3,0xF2F2,0xEFEE,0xEFED,
   0xEDEA,0xEAEA,0xEAE8,0xE8E7,0xE6E6,0xE6E6,0xE5E5,0xE4E5,0xE5E4,0xE3E3,
   0xE2E2,0xE2E2,0xE2E2,0xE2E2,0xE2E2,0xE2E2,0xE2E2,0xE2E2,0xE2E2,0xDFDF,
   0xDFE1,0xE2E2,0xE3E2,0xE3E4,0xE4E3,0xE4E4,0xE4E4,0xE4E4,0xE5E4,0xE5E5,
   0xE4E6,0xE6E6,0xE6E6,0xE6E6,0xE7E8,0xE8E8,0xE9E8,0xE9E9,0xEAEA,0xEBE9,
   0xEAEC,0xECEC,0xECED,0xEDEE,0xECEE,0xECEE,0xEEEE,0xEEEF,0xEFEF,0xF2F2,
   0xF3F3,0xF4F5,0xF5F4,0xF6F4,0xF6F7,0xF8F9,0xFAFB,0xFBFD,0xFEFF,0x0204,
   0x0305,0x0606,0x0708,0x0A0B,0x0C0F,0x0F12,0x1314,0x1415,0x1617,0x1819,
   0x191A,0x1B1C,0x1E1E,0x1E22,0x2222,0x2323,0x2224,0x2424,0x2424,0x2425,
   0x2424,0x2426,0x2525,0x2626,0x2626,0x2625,0x2626,0x2625,0x2525,0x2525,
   0x2425,0x2525,0x2425,0x2524,0x2524,0x2424,0x2523,0x2324,0x2323,0x2222,
   0x2222,0x2222,0x1F1E,0x1E1D,0x1D1C,0x1A1A,0x1C1A,0x1818,0x1816,0x1615,
   0x1414,0x1413,0x1212,0x120F,0x0C0C,0x0C0B,0x0A0A,0x0808,0x0807,0x0606,
   0x0504,0x0405,0x0303,0x0402,0x02FF,0xFCFE,0xFCFB,0xFAFA,0xF9F9,0xF9F8,
   0xF8F8,0xF7F6,0xF5F6,0xF5F4,0xF4F4,0xF4F3,0xF2F2,0xEFEE,0xEEEC,0xEEEB,
   0xEAEA,0xEAE9,0xE8E9,0xE8E8,0xE7E6,0xE6E6,0xE5E4,0xE4E5,0xE4E3,0xE2E2,
   0xE2E2,0xE2E2,0xE2DF,0xDEDE,0xDADC,0xDCDA,0xDADA,0xDAD9,0xDAD8,0xD9D9,
   0xD9D9,0xD8D8,0xD8D8,0xD8D8,0xD8D8,0xD9DA,0xD8DA,0xDADA,0xDADC,0xDDDE,
   0xDFDE,0xE2E2,0xE3E4,0xE4E6,0xE6E7,0xE8EA,0xEAEB,0xECEF,0xEDF2,0xF2F3,
   0xF3F4,0xF5F5,0xF6F8,0xFAF9,0xFAFB,0xFCFE,0xFEFF,0xFE02,0x0303,0x0404,
   0x0505,0x0606,0x0606,0x0706,0x0707,0x0707,0x0809,0x0908,0x0A0A,0x0A0A,
   0x0A0A,0x0A0A,0x0A09,0x090A,0x0A0A,0x090A,0x0A0A,0x0A0A,0x0A0A,0x0B0A,
   0x090A,0x0B0A,0x0B0B,0x0B0E,0x0E0E,0x0E0F,0x0F0F,0x0F12,0x1213,0x1212,
   0x1414,0x1515,0x1616,0x1718,0x1918,0x1A1A,0x1A1C,0x1C1D,0x1D1E,0x2222,
   0x2223,0x2323,0x2424,0x2524,0x2525,0x2526,0x2425,0x2524,0x2425,0x2426,
   0x2524,0x2525,0x2524,0x2425,0x2424,0x2223,0x2222,0x221F,0x1C1D,0x1C1E,
   0x1B18,0x1918,0x1817,0x1615,0x1514,0x1413,0x120F,0x0F0E,0x0C0C,0x0C0A,
   0x0908,0x0807,0x0505,0x0504,0x0402,0x0202,0xFEFC,0xFDFA,0xF9F8,0xF8F7,
   0xF7F6,0xF6F5,0xF5F4,0xF4F4,0xF3F2,0xF2F2,0xF2F2,0xEFED,0xEFEE,0xEEEE,
   0xECEC,0xECEC,0xEBEB,0xEAEA,0xEAE9,0xEAEA,0xE9E9,0xEBE9,0xEAEA,0xEAE8,
   0xEAE9,0xE9E8,0xE8E8,0xE8E7,0xE7E6,0xE7E7,0xE6E7,0xE6E6,0xE5E5,0xE5E4,
   0xE5E4,0xE4E4,0xE4E4,0xE3E3,0xE2E3,0xE5E4,0xE3E3,0xE3E3,0xE3E2,0xE3E2,
   0xE3E3,0xE3E4,0xE4E4,0xE4E5,0xE5E5,0xE4E6,0xE6E6,0xE6E6,0xE6E7,0xE7E8,
   0xEAEA,0xEAEA,0xEBEB,0xEBEA,0xEDED,0xEDEE,0xEFEE,0xF2F2,0xF3F4,0xF4F4,
   0xF5F6,0xF6F6,0xF7F8,0xF9FA,0xFAFB,0xFBFC,0xFEFF,0x0003,0x0203,0x0405,
   0x0504,0x0606,0x0606,0x0808,0x090A,0x0A0A,0x0B0D,0x0E0E,0x0F12,0x1212,
   0x1314,0x1414,0x1515,0x1515,0x1616,0x1617,0x1618,0x1818,0x1818,0x1817,
   0x1818,0x1716,0x1818,0x1716,0x1716,0x1617,0x1616,0x1516,0x1616,0x1515,
   0x1615,0x1415,0x1414,0x1414,0x1414,0x1414,0x1414,0x1414,0x1313,0x1213,
   0x1313,0x1213,0x1214,0x1414,0x1514,0x1414,0x1414,0x1415,0x1414,0x1414,
   0x1515,0x1415,0x1515,0x1515,0x1414,0x1415,0x1414,0x1414,0x1414,0x1414,
   0x1414,0x1414,0x1312,0x1312,0x1312,0x1212,0x1212,0x120F,0x0F0E,0x0E0F,
   0x0E0E,0x0E0C,0x0C0C,0x0C0A,0x0909,0x0909,0x0706,0x0606,0x0606,0x0504,
   0x0302,0x02FF,0xFCFC,0xFBFA,0xF9F8,0xF8F7,0xF6F5,0xF6F5,0xF3F4,0xF2F2,
   0xEFEE,0xEEED,0xECEC,0xEBE9,0xEAEA,0xEAEA,0xEAE8,0xE8E8,0xE8E8,0xE8E8,
   0xE8E8,0xE8E8,0xE8E9,0xEAE9,0xEAEA,0xEAEA,0xEBEA,0xEBEA,0xEAEB,0xEAEB,
   0xECEC,0xECED,0xECED,0xEEEE,0xECED,0xECEE,0xECEC,0xECEC,0xECED,0xECEE,
   0xECEE,0xECEE,0xEDEC,0xEDEC,0xECEC,0xECEC,0xECED,0xECEC,0xEDEC,0xEDEC,
   0xEEED,0xEEEE,0xEEEE,0xEFEF,0xEFEF,0xEFEF,0xF2F3,0xF2F4,0xF4F5,0xF6F6,
   0xF5F6,0xF5F7,0xF6F7,0xF8FA,0xFAFC,0xFBFB,0xFCFD,0xFEFE,0x0102,0x0304,
   0x0303,0x0405,0x0406,0x0606,0x0606,0x0606,0x0708,0x0808,0x0809,0x0908,
   0x0908,0x0808,0x080A,0x0A08,0x0909,0x0809,0x0909,0x0908,0x0909,0x0A0A,
   0x0B0A,0x0A0B,0x0A0C,0x0A0A,0x0B0C,0x0C0B,0x0A0C,0x0C0C,0x0D0D,0x0E0E,
   0x0F0D,0x0F0F,0x0E0F,0x0F12,0x1212,0x1212,0x1312,0x1313,0x1414,0x1414,
   0x1416,0x1616,0x1616,0x1617,0x1618,0x1819,0x191A,0x1A1A,0x1A1A,0x1B1A,
   0x1A1C,0x1C1C,0x1C1C,0x1B1C,0x1B1C,0x1E1C,0x1B1C,0x1C1C,0x1B1B,0x1B1B,
   0x191A,0x1A18,0x1918,0x1818,0x1817,0x1616,0x1617,0x1616,0x1616,0x1414,
   0x1414,0x1412,0x120F,0x0E0E,0x0E0D,0x0B0A,0x0A0A,0x0807,0x0606,0x0605,
   0x0404,0x0403,0x02FF,0xFDFC,0xFBFA,0xF9F9,0xF8F6,0xF5F5,0xF3F3,0xF3F2,
   0xF2EF,0xECEE,0xECEB,0xEAEA,0xEAEA,0xEAE8,0xE8E8,0xE8E7,0xE6E7,0xE6E7,
   0xE6E6,0xE6E6,0xE6E6,0xE6E6,0xE6E6,0xE6E6,0xE6E6,0xE6E7,0xE6E7,0xE7E8,
   0xE8E8,0xE8E9,0xEAE9,0xE9E9,0xEAEA,0xEAEA,0xEBEA,0xECEC,0xECEC,0xECED,
   0xECEE,0xEFEC,0xEEEE,0xEEEE,0xEEEE,0xEFEE,0xEFEF,0xEFEF,0xEFEF,0xF2F2,
   0xF2F2,0xF2F2,0xF2F3,0xF2F3,0xF3F3,0xF4F4,0xF4F5,0xF4F5,0xF6F6,0xF6F6,
   0xF6F6,0xF6F7,0xF8F8,0xF9F9,0xF9F9,0xFAFA,0xFAFC,0xFCFC,0xFEFC,0xFEFE,
   0xFEFF,0xFF00,0x0302,0x0303,0x0304,0x0404,0x0404,0x0405,0x0505,0x0606,
   0x0606,0x0606,0x0707,0x0708,0x0908,0x0808,0x0908,0x0909,0x0A0A,0x0A0A,
   0x0A0A,0x0A0B,0x0A0C,0x0C0C,0x0B0C,0x0C0C,0x0C0D,0x0C0D,0x0C0E,0x0E0E,
   0x0E0E,0x0F0E,0x0E0E,0x0E0E,0x0E0F,0x0E0F,0x0E0F,0x0E0F,0x0F0E,0x0F0F,
   0x0F0F,0x0E0F,0x0E0F,0x0E0E,0x0E0E,0x0E0E,0x0E0E,0x0E0D,0x0D0C,0x0E0D,
   0x0C0C,0x0C0D,0x0B0B,0x0B0B,0x0A0B,0x0A0A,0x0A0A,0x0A0A,0x0A0A,0x0A0A,
   0x0A0A,0x0808,0x0809,0x0808,0x0808,0x0808,0x0808,0x0706,0x0606,0x0606,
   0x0606,0x0605,0x0505,0x0504,0x0404,0x0504,0x0404,0x0404,0x0303,0x0202,
   0x0202,0x0202,0x0202,0x02FF,0xFDFF,0xFDFE,0xFEFE,0xFCFE,0xFCFE,0xFCFC,
   0xFCFD,0xFCFC,0xFCFC,0xFCFB,0xFAFA,0xFBFA,0xFAFA,0xFAFA,0xFAFA,0xFAFA,
   0xFAF9,0xFAF9,0xF9F8,0xF9F9,0xF8F8,0xF8F8,0xF8F8,0xF8F8,0xF8F8,0xF8F8,
   0xF8F8,0xF8F9,0xF8F8,0xF8F8,0xF8F8,0xF8F8,0xF8F8,0xF8F8,0xF9F8,0xF9F8,
   0xF8F9,0xF8F9,0xF8F8,0xF8F9,0xF8F9,0xF8F9,0xF8F9,0xF8FA,0xF9F8,0xF9F8,
   0xF9F9,0xF9F9,0xF9F9,0xF9FA,0xF9FA,0xFAF9,0xFAFA,0xFAFA,0xFAFA,0xFAFA,
   0xFAFA,0xFAFA,0xFAFA,0xFAFA,0xFBFA,0xFCFC,0xFBFB,0xFBFB,0xFBFB,0xFCFC,
   0xFCFC,0xFCFC,0xFCFD,0xFCFE,0xFEFE,0xFCFE,0xFDFE,0xFEFE,0xFEFE,0xFEFF,
   0xFEFF,0xFEFF,0x0003,0x0202,0x0202,0x0202,0x0202,0x0202,0x0202,0x0202,
   0x0202,0x0302,0x0202,0x0203,0x0303,0x0303,0x0303,0x0303,0x0304,0x0304,
   0x0404,0x0404,0x0404,0x0404,0x0404,0x0404,0x0404,0x0404,0x0404,0x0404,
   0x0404,0x0404,0x0404,0x0404,0x0404,0x0404,0x0404,0x0505,0x0404,0x0404,
   0x0404,0x0404,0x0404,0x0404,0x0404,0x0404,0x0404,0x0404,0x0404,0x0404,
   0x0404,0x0404,0x0404,0x0404,0x0404,0x0404,0x0404,0x0404,0x0404,0x0404,
   0x0404,0x0404,0x0404,0x0405,0x0504,0x0404,0x0404,0x0404,0x0404,0x0404,
   0x0404,0x0404,0x0504,0x0404,0x0404,0x0404,0x0404,0x0404,0x0404,0x0404,
   0x0404,0x0404,0x0404,0x0404,0x0404,0x0404,0x0404,0x0404,0x0404,0x0404,
   0x0404,0x0404,0x0404,0x0404,0x0404,0x0404,0x0404,0x0404,0x0404,0x0403,
},

boing[]=
{
   0x0000,0x0000,0xFBF7,0x00FF,0xF5F3,0xECE8,0xFD35,0x5D4A,0x03AD,0x8080,
   0x94DC,0x2B64,0x7F7F,0x4F07,0xC98B,0x8080,0xBEFF,0x3162,0x7F72,0x3C05,
   0xC78B,0x809A,0xD905,0x3564,0x6E44,0x1AF1,0xAD85,0x98C7,0xF11C,0x4866,
   0x6A48,0x0FE0,0xBCA3,0xA5D9,0x142D,0x3C62,0x680F,0x8980,0x8BE6,0x4A7F,
   0x7F73,0x29C2,0x8080,0x8080,0xC72B,0x7F7F,0x7F62,0x20C2,0x8080,0x80A5,
   0x095F,0x7F7F,0x7F3A,0xDE92,0x8080,0x8DE6,0x3573,0x7F7F,0x5309,0xB380,
   0x8080,0xC418,0x5779,0x7F62,0x26D1,0x8980,0x81A3,0xEA44,0x6C66,0x4A1E,
   0xEF13,0x4F0F,0xBE80,0x8080,0xB80D,0x6A7F,0x7F7F,0x4CEF,0x9880,0x8080,
   0xCF18,0x597F,0x7F60,0x24CB,0x8080,0x8087,0xDC22,0x537D,0x7F62,0x16D5,
   0xA380,0x8098,0xEA2F,0x516E,0x734C,0x03CB,0xADA0,0x98B6,0xFF3E,0x5966,
   0x5F24,0x9E80,0x80C4,0x297D,0x7F7F,0x48E6,0x9080,0x8080,0xB613,0x687F,
   0x7F73,0x31CB,0x8080,0x8090,0xF74D,0x7F7F,0x7F57,0x01BC,0x8080,0x80B6,
   0x0B5F,0x7F7F,0x7F40,0xD598,0x8380,0x80C9,0x144A,0x737D,0x5913,0xC792,
   0x8081,0xA7EA,0x2D60,0x6A39,0x052D,0x6039,0xE487,0x8080,0x80C2,0x2D7F,
   0x7F7F,0x7F3C,0xD380,0x8080,0x8BDE,0x397F,0x7F7F,0x6E20,0xB480,0x8080,
   0x9AEC,0x467F,0x7F7F,0x5718,0xB380,0x8087,0xC007,0x4D7F,0x7F73,0x3E0B,
   0xC480,0x8090,0xC2FD,0x4070,0x7F62,0xF180,0x80A0,0xE446,0x7F7F,0x6A27,
   0xD18E,0x8080,0x89D9,0x276C,0x7F7F,0x621E,0xCB89,0x8089,0xC003,0x4479,
   0x7F73,0x420D,0xB680,0x80AF,0xDC13,0x5B7F,0x7F5F,0x20E4,0x9E80,0x80BC,
   0xEF1E,0x557F,0x7744,0x09D3,0xA196,0xA9C9,0xF927,0x332D,0x3959,0x663E,
   0xEF87,0x8080,0x80C0,0x277B,0x7F7F,0x7F3C,0xD980,0x8080,0x92D5,0x2775,
   0x7F7F,0x6E20,0xC281,0x8080,0x87D5,0x1C64,0x7F7F,0x5F22,0xDC94,0x8080,
   0xADF9,0x3360,0x7F7D,0x4F13,0xD394,0x808E,0xBAFD,0x426E,0x7B4A,0xC980,
   0x80BA,0x1A70,0x7F7F,0x4AE4,0x8D80,0x8080,0xA905,0x5F7F,0x7F75,0x3CE8,
   0x8080,0x8092,0xE02F,0x6E7F,0x7F60,0x18CB,0x8380,0x80A5,0xF339,0x6E7F,
   0x7944,0x07C9,0x8180,0x92CB,0x0148,0x777D,0x6031,0xEDA7,0x8587,0x9ED1,
   0x0937,0x4F44,0x3C64,0x6822,0xC280,0x8080,0x8BE6,0x4D7F,0x7F7F,0x701A,
   0xB680,0x8080,0xA5F3,0x537F,0x7F7F,0x570D,0xB480,0x8080,0xA3FD,0x4A7F,
   0x7F7F,0x5B0F,0xC280,0x8080,0xA5FF,0x4070,0x7F7F,0x5109,0xBA80,0x8080,
   0xA3FF,0x4C77,0x7F40,0xC080,0x94DA,0x2F77,0x7F73,0x33E0,0x9A80,0x8080,
   0xBE18,0x6E7F,0x7F6A,0x2DD7,0x8780,0x80C0,0x013C,0x7B7F,0x793C,0x09C6,
   0x8080,0x8DC6,0x0F4C,0x6E7D,0x6A31,0xEFB6,0x8780,0x9ED1,0x0B4D,0x7266,
   0x4A27,0xEAA7,0x878B,0xA9E4,0x1E31,0x3E4A,0x6C7F,0x4DF9,0xA080,0x8080,
   0xB31E,0x777F,0x7F7F,0x44ED,0x8D80,0x8083,0xC620,0x7F7F,0x7F79,0x39DE,
   0x8980,0x8087,0xD71E,0x707F,0x7F64,0x3EF1,0x9680,0x80A1,0xE224,0x667F,
   0x7D51,0x24DE,0x9480,0x87A7,0xDC37,0x7D7F,0x4DC6,0x80AF,0xDE2F,0x7F7F,
   0x6024,0xD78B,0x8080,0x83DC,0x2466,0x7F7F,0x5D1C,0xC081,0x8087,0xBE1A,
   0x5F7F,0x7F68,0x29E0,0x9680,0x80A7,0xDA27,0x6C7F,0x7B4F,0x11CB,0x8E80,
   0x92C9,0xFF33,0x6472,0x5B2B,0xF3BC,0x969A,0xBCF1,0x2442,0x4A53,0x6C6C,
   0x2FDA,0x8080,0x8080,0xCD33,0x7F7F,0x7F7F,0x2DCD,0x8080,0x80A0,0xEC3C,
   0x7F7F,0x7F59,0x09AD,0x8080,0x80AF,0x0051,0x7F7F,0x794D,0x0BA9,0x8080,
   0x98CD,0x135D,0x7F7F,0x662D,0xEFAF,0x8180,0xADEA,0x2B66,0x7F51,0xDC8E,
   0x9ED7,0x3172,0x7962,0x26D7,0xA383,0x8090,0xE02D,0x757F,0x7044,0x09C2,
   0x9289,0xA1DE,0x244D,0x6A72,0x5118,0xE0AB,0x929E,0xBEF3,0x2B4F,0x6259,
   0x2BF5,0xCFAF,0x92A3,0xD505,0x3957,0x5946,0x20E6,0xBCAD,0xA9BE,0xE816,
   0x3739,0x3E59,0x6A3C,0xE88E,0x8080,0x83D5,0x357B,0x7F7F,0x7B2D,0xC980,
   0x8080,0x9AE6,0x3A7B,0x7F7F,0x5D0F,0xB880,0x8080,0xA7ED,0x3773,0x7F7F,
   0x550F,0xC483,0x8080,0xBAFB,0x3A6E,0x7F70,0x4D18,0xC98D,0x809A,0xC9FD,
   0x3368,0x7542,0xD180,0x90D1,0x2266,0x7F66,0x27D9,0x9880,0x8087,0xDA27,
   0x6A7F,0x7F60,0x27C4,0x8080,0x8ECD,0x1444,0x707F,0x6622,0xDEA3,0x818B,
   0xA5D3,0x1655,0x7575,0x511A,0xECC0,0x9285,0xA3DC,0x205B,0x6E60,0x4213,
   0xDEB4,0x98A0,0xCDFD,0x2237,0x3533,0x4F62,0x2FE2,0x9080,0x8087,0xD529,
   0x727F,0x7F7F,0x37E0,0x8D80,0x808B,0xD120,0x6E7F,0x7F64,0x1AC9,0x8580,
   0x809E,0xE42D,0x6E7F,0x7F4F,0x0BC7,0x9280,0x89BA,0xFB39,0x707F,0x6E3A,
   0xFDB8,0x9490,0xA0C9,0x0548,0x777F,0x31A9,0x80A5,0xEC40,0x797B,0x550D,
   0xC087,0x8080,0x98E4,0x3375,0x7F7F,0x48F9,0xB18B,0x85A3,0xE21E,0x577D,
   0x7B53,0x14C9,0x9083,0xA9C9,0xFF31,0x5B70,0x6C33,0xF3B3,0x8994,0xBEE8,
   0x113A,0x5359,0x461C,0xE6B1,0x94A3,0xD101,0x2935,0x2735,0x605F,0x1EC4,
   0x8080,0x80B1,0x0960,0x7F7F,0x7F4D,0xF79A,0x8080,0x80C7,0x1E6A,0x7F7F,
   0x6E22,0xD18B,0x8080,0xA1E4,0x2F73,0x7F7F,0x621C,0xD396,0x8081,0xB3EF,
   0x295B,0x756E,0x4609,0xC79A,0x92A9,0xD100,0x3366,0x721A,0x9E8D,0xC00B,
   0x5D7F,0x7D4C,0xF1AF,0x8080,0x80B8,0x0753,0x7F7F,0x6833,0xE8A3,0x8185,
   0xB1F9,0x3964,0x756A,0x3E01,0xBC85,0x8098,0xC400,0x3A64,0x7362,0x3500,
   0xC48D,0x8096,0xC2FF,0x3A66,0x6E5D,0x2FFB,0xCDA3,0x94AD,0xD7FF,0x293A,
   0x394A,0x6A5F,0x1EC7,0x8080,0x8092,0xE844,0x7F7F,0x7F6C,0x1EC4,0x8080,
   0x80A5,0xF344,0x7F7F,0x7F51,0x07BE,0x8080,0x80AF,0xF742,0x797F,0x7F57,
   0x13CD,0x8E80,0x83BC,0xF533,0x667B,0x724C,0x11D1,0x9A83,0x90C0,0xFB39,
   0x6C75,0x35C4,0x87A5,0xEA37,0x707B,0x5B14,0xCB90,0x8080,0x92DC,0x2B70,
   0x7F7F,0x5518,0xC68D,0x8087,0xC40F,0x4A79,0x7F62,0x31F1,0xA987,0x90B3,
   0xE61C,0x4C66,0x6246,0x1CE4,0xAD94,0xA0BE,0xED29,0x576A,0x5F35,0x03D3,
   0xA396,0xB1D7,0x032B,0x3739,0x556E,0x4CFD,0xA180,0x8080,0xB813,0x627F,
   0x7F7F,0x51F9,0x9480,0x8080,0xC71E,0x6A7F,0x7F6A,0x24D5,0x8D80,0x8098,
   0xE22D,0x6A7F,0x7F5B,0x18D3,0x9480,0x83B3,0xEF35,0x6A7F,0x7751,0x0FCD,
   0x8E80,0x8BC2,0x004D,0x7B68,0x07A0,0xA1E6,0x2968,0x7557,0x1CD9,0xA080,
   0x80A3,0xE224,0x607D,0x724D,0x16D5,0xA594,0xA0CF,0x093C,0x6877,0x5B2D,
   0xF7B4,0x8989,0xABDA,0x1344,0x686C,0x4A16,0xE2AB,0x8D92,0xB3E6,0x1C44,
   0x5B5B,0x3A0D,0xE4C0,0xADB6,0xD1F1,0x1326,0x242D,0x4C60,0x3CF3,0x9A80,
   0x8080,0xC61E,0x6C7F,0x7F7F,0x48EA,0x8580,0x8080,0xC620,0x687F,0x7F77,
   0x2DE0,0x8780,0x8087,0xC91C,0x607F,0x7F6E,0x2FEC,0xAB80,0x809E,0xD714,
   0x4D70,0x775F,0x2DF5,0xBA8E,0x819E,0xCB03,0x4477,0x7229,0xA990,0xC701,
   0x4A73,0x6C42,0xFBB6,0x8B80,0x81B6,0xFF42,0x7279,0x6031,0xF7BE,0x948D,
   0xABE4,0x2053,0x726E,0x4F22,0xE8AB,0x8D96,0xB8EF,0x224D,0x6259,0x330B,
   0xDCB3,0xA1AD,0xC9FB,0x2948,0x574D,0x2D05,0xDCBC,0xB3BE,0xDAFD,0x1A24,
   0x2435,0x5B64,0x35E2,0x8780,0x8083,0xD92F,0x757F,0x7F70,0x26C6,0x8080,
   0x80A3,0xF546,0x7F7F,0x7F4C,0x00AF,0x8080,0x80B3,0x0053,0x7F7F,0x7D42,
   0xFFB6,0x8180,0x96CB,0x0748,0x737D,0x6637,0xF9BA,0x8B80,0x9ACD,0x0D48,
   0x706C,0x27BE,0x92B1,0xEF33,0x6064,0x440B,0xD3A5,0x8081,0xB1F5,0x376C,
   0x725B,0x3705,0xCDA5,0x96AD,0xDA0D,0x3A5B,0x604C,0x26F7,0xC6AD,0xABC6,
   0xF11A,0x3C51,0x4C31,0x0FE6,0xBEA7,0xB1CB,0xF929,0x4A59,0x4F31,0x09E6,
   0xC0AD,0xAFC6,0xED18,0x373A,0x3C57,0x6E4A,0xFD9C,0x8080,0x80A5,0x076A,
   0x7F7F,0x7F62,0x05A3,0x8080,0x80B1,0x075B,0x7F7F,0x7F44,0xF19C,0x8080,
   0x80B1,0x0146,0x7D7F,0x7F4A,0x11C7,0x9480,0x80BA,0xEC44,0x667F,0x6C4A,
   0x05CD,0x9487,0xA3CF,0x093C,0x6868,0x3AE2,0x9E9C,0xC905,0x3C5B,0x5533,
   0x01D3,0xA38B,0x9CC9,0x053A,0x5F5F,0x4D24,0xF3C4,0xABA1,0xBEEF,0x1C44,
   0x5551,0x330B,0xDAB3,0xA5B1,0xCFF9,0x2040,0x4A44,0x2B07,0xE0C0,0xAFBC,
   0xDC05,0x2742,0x4A3C,0x1EFF,0xDCC4,0xBCC9,0xE403,0x1A20,0x0F13,0x3E64,
   0x4C01,0xA180,0x8080,0xB814,0x707F,0x7F7F,0x48E4,0x8080,0x8083,0xD337,
   0x7F7F,0x7F62,0x14C0,0x8080,0x80A3,0xF74C,0x7F7F,0x7F4D,0x01B6,0x8080,
   0x87C2,0x054A,0x7D7F,0x7239,0xF5A3,0x8080,0x96D5,0x1451,0x7273,0x4C0D,
   0xAD80,0x80A7,0xEA31,0x6072,0x6033,0x00C9,0x9E8E,0xA9D1,0x072D,0x423A,
   0x22FD,0xDCC0,0xBEDE,0x0533,0x5566,0x5337,0x05D5,0xA58E,0x96BA,0xEA16,
   0x4259,0x593A,0x14E6,0xBEA7,0xB6D7,0x0124,0x3940,0x2F11,0xF1D9,0xC7CD,
   0xE403,0x2435,0x2B11,0x031C,0x4640,0xFFA3,0x8080,0x80AF,0x0B62,0x7F7F,
   0x7F48,0xEA81,0x8080,0x85D9,0x357F,0x7F7F,0x55FD,0xA580,0x8081,0xCF1E,
   0x6A7F,0x7F5F,0x1ED5,0x9480,0x8EC0,0x0146,0x777F,0x7242,0x00B8,0x8580,
   0x9ED7,0x144F,0x6E6C,0x4C1A,0xE0A1,0x8087,0xB8FB,0x3E6E,0x7255,0x1EDC,
   0xA080,0x85B3,0xEF33,0x6677,0x6031,0xF3B3,0x8B87,0xA9E6,0x2655,0x685B,
   0x2FFD,0xC9A5,0xA5C6,0xF72B,0x5362,0x552F,0xFFCB,0xA9A3,0xB4D9,0x0733,
   0x4D4C,0x3109,0xE8CB,0xC0D3,0xF10F,0x2637,0x290B,0xDCC6,0xEF3C,0x6437,
   0xEA96,0x8080,0xB80B,0x5D7F,0x7F7D,0x37DA,0x8180,0x80A9,0xFF4F,0x7F7F,
   0x681E,0xC480,0x8080,0xBE11,0x5B7F,0x7F64,0x1CC6,0x8080,0x98D7,0x1E5F,
   0x7D75,0x4C0F,0xCF9C,0x8BA3,0xDA18,0x4F66,0x5D37,0x01CD,0xADAD,0xC2DC,
   0x0031,0x5962,0x4C1C,0xE0A5,0x8D9C,0xC701,0x3C5F,0x6246,0x11D7,0xA9A0,
   0xBAE8,0x1E4D,0x6655,0x2BF3,0xBCA0,0xA5C6,0xF92D,0x575F,0x4413,0xDEB8,
   0xADBC,0xE20F,0x3344,0x3A20,0xF9D3,0xBABC,0xD7FD,0x2237,0x331C,0x00E2,
   0xCDC9,0xD9F7,0x316E,0x753C,0xD980,0x8080,0xB618,0x727F,0x7F64,0x059E,
   0x8080,0x94ED,0x467F,0x7F6E,0x20C4,0x8080,0x83D1,0x296E,0x7F75,0x39E8,
   0x9680,0x80B6,0x0553,0x7F79,0x4C07,0xBE8B,0x89B1,0xED2D,0x5B64,0x4A14,
   0xDCAF,0x9CAD,0xE211,0x201E,0x2D35,0x2911,0xEDC4,0xABB1,0xD300,0x2B4A,
   0x4A33,0x0BDC,0xB6AB,0xC4F1,0x2244,0x5142,0x1EF3,0xCDBC,0xC6EA,0x1335,
   0x3E35,0x18F9,0xD9C9,0xCFEA,0x0B24,0x2D24,0x09F3,0xE2DE,0xE2F5,0x0B1E,
   0x241C,0x09F3,0xE4E2,0xEAF5,0x0003,0x0313,0x3E57,0x31DE,0x8980,0x80C2,
   0x1C6C,0x7F7F,0x48E8,0x8080,0x80BA,0x1C70,0x7F79,0x35D9,0x8780,0x85D3,
   0x2D72,0x7F6E,0x27D3,0x8E80,0x9AE2,0x316E,0x7D5B,0x18CB,0x928B,0xB6F9,
   0x3A64,0x5D35,0xF9BA,0x9AA7,0xD30B,0x3E53,0x3A03,0xD5CD,0xDEFB,0x1622,
   0x1803,0xEDDC,0xD7E4,0xFF16,0x2929,0x11F1,0xD9D1,0xDCF7,0x142B,0x3120,
   0x03E2,0xC9C7,0xDAF9,0x1629,0x2D20,0x05EA,0xD7D7,0xEC05,0x1A22,0x1400,
   0xEDE2,0xE2EF,0x0318,0x2727,0x1A05,0xEFE4,0xE4EF,0xFF07,0x0500,0x0F37,
   0x553A,0xE88E,0x8080,0xCD2F,0x7B7F,0x7527,0xC080,0x809A,0xFF62,0x7F7F,
   0x44E6,0x8780,0x80CD,0x2D75,0x7F62,0x13BA,0x8083,0xBC07,0x4668,0x5F2D,
   0xE4A7,0x96B8,0xF937,0x5B53,0x29F1,0xBEAB,0xC0EF,0x2446,0x4627,0xFFDA,
   0xC2BE,0xD907,0x3A53,0x3E0F,0xD7AF,0xABCF,0x0539,0x4D3C,0x0FD7,0xA7A7,
   0xD109,0x3C51,0x3C14,0xE4BA,0xB4D5,0x0129,0x392B,0x0DEF,0xD9DA,0xEF0B,
   0x262F,0x2407,0xEAD5,0xD7EC,0x0316,0x1A0B,0xF7E6,0xE4EC,0xF905,0x0D0D,
   0x00F5,0xEFEA,0xEA09,0x3E59,0x29D5,0x8980,0xAD03,0x577F,0x732F,0xD58D,
   0x80AF,0x0153,0x7F6E,0x29D3,0x928B,0xBE0F,0x5772,0x5514,0xCB98,0xA1DE,
   0x2453,0x5B39,0x01CF,0xB1BE,0xEA1E,0x4244,0x26F5,0xCBBE,0xD500,0x2431,
   0x2407,0xE8CF,0xD5F3,0x0907,0x0718,0x241E,0x07E4,0xC9C6,0xDE03,0x2231,
   0x290D,0xEDD5,0xCBDA,0xFB18,0x2924,0x0BF3,0xE6E6,0xF707,0x1111,0xFFED,
   0xE8ED,0xFF0F,0x1613,0x01F7,0xF7F7,0xFD01,0x0505,0x0300,0xFFFF,0xFF01,
   0x0709,0x07FF,0xF7F5,0xF7FB,0x0305,0xFFF7,0x032B,0x441A,0xC989,0x81BC,
   0x1668,0x7F5F,0xF994,0x8098,0xF146,0x7564,0x22CB,0x8D90,0xD120,0x5557,
   0x27E4,0xB3AF,0xD91A,0x4C51,0x27ED,0xC0C0,0xE61A,0x4048,0x29F9,0xD3C9,
   0xDE05,0x2931,0x20FD,0xDED3,0xE400,0x1A24,0x1A00,0xD9C6,0xDE09,0x2D37,
   0x18E4,0xBAB8,0xE016,0x3E42,0x22EF,0xC2B4,0xCF00,0x2B39,0x2400,0xE2DC,
   0xEF0B,0x1C16,0xFFE4,0xDAE6,0xFF16,0x2218,0x01ED,0xE8F3,0x030D,0x0BFF,
   0xF3F1,0xF501,0x0D0D,0x07FD,0xF5F5,0xFB01,0x0B0B,0x03FB,0xF5F3,0xF707,
   0x2740,0x27E2,0xA090,0xC218,0x6277,0x42DA,0x8983,0xCB2D,0x706C,0x27D1,
   0x949E,0xE637,0x5B42,0x01C0,0xABD7,0x1642,0x461E,0xE8C0,0xBEEA,0x2240,
   0x3509,0xD9C4,0xD905,0x2D31,0x13E8,0xCDD7,0xF716,0x2618,0xFBE0,0xDCEF,
   0x05FF,0xECFB,0x1626,0x1AF3,0xCDC2,0xDA0B,0x2F2F,0x11E6,0xCDD1,0xEA03,
   0x1614,0x09F9,0xF500,0x1314,0x09F5,0xE4E4,0xEF05,0x1311,0x05FB,0xF7F9,
   0x0009,0x0B03,0xF9F3,0xF3FB,0x0103,0xFFFD,0xFDFD,0x0107,0x0700,0xF7F1,
   0xF1FB,0xFFFD,0xFBF3,0xF914,0x3326,0xE6A9,0xA0D7,0x2759,0x4D09,0xBAA0,
   0xCB18,0x4C44,0x0FD3,0xBEDC,0x133A,0x3A0F,0xD9C4,0xDA0D,0x3331,0x0BE2,
   0xD3E8,0x0D27,0x2407,0xECE0,0xED07,0x1814,0xFFEC,0xE2ED,0x0313,0x0FFD,
   0xEAE6,0xF101,0x0F0D,0x03EF,0xD5D3,0xFB27,0x371C,0xE6BA,0xBAED,0x263A,
   0x1EEC,0xC7CD,0xF51C,0x220B,0xEADC,0xED0D,0x241A,0xFFDC,0xD5EA,0x0920,
   0x18FF,0xE8E8,0xFB0F,0x180F,0xFDF5,0xFB07,0x0D09,0xFFF7,0xF901,0x0D0F,
   0x05FB,0xF5F7,0x0005,0x0701,0xFBFB,0xFD00,0x00FF,0x0B2D,0x24E6,0xABAB,
   0xED3E,0x5D37,0xD99A,0xBA0B,0x4A46,0x05C6,0xBEEF,0x2B3C,0x1AE4,0xC2D3,
   0x032B,0x2B0B,0xE2D5,0xEA11,0x2616,0xF3DA,0xE403,0x1C1A,0x01E8,0xE4F5,
   0x0D1A,0x11FD,0xECED,0xFF0B,0x0B00,0xF1ED,0xFB0B,0x09EF,0xDAF7,0x1E2D,
   0x13DE,0xBACF,0x072F,0x2900,0xD9D7,0xF714,0x1800,0xEAED,0x031A,0x1A03,
   0xEDEA,0xF907,0x0D03,0xF3EC,0xF503,0x0B03,0xF7F1,0xF705,0x0D05,0xF1EC,
   0xEFFD,0x0B0B,0xFFF5,0xF1FB,0x0101,0xFFF7,0xF5FB,0x0309,0x0700,0xF7F5,
   0xFF14,0x2613,0xDEBA,0xD111,0x4437,0xFDCB,0xCD00,0x2D2D,0x03D9,0xDA00,
   0x2726,0xFDD7,0xD7FB,0x1C1E,0x05EA,0xE4F9,0x0D0F,0x01F1,0xEFFF,0x0D11,
   0x05F3,0xECF3,0x0309,0x01F7,0xF3F9,0x070B,0x03F9,0xF3F7,0x0107,0x0700,
   0xF9EC,0xDEF1,0x1627,0x13E8,0xCBDA,0x0926,0x1AF1,0xD7E6,0x0B20,0x11F1,
   0xE0EF,0x111E,0x0FF3,0xEAF7,0x0D11,0x03F5,0xF3FF,0x090B,0x01F9,0xFD05,
   0x0B07,0x00F9,0xFB00,0x0303,0xFDFB,0xFB00,0x0100,0xFBFB,0xFB00,0x0303,
   0x00FF,0xFDF9,0xF7F5,0xF5FD,0x0F18,0x05D9,0xC9ED,0x1E2D,0x0BDA,0xD1F7,
   0x2022,0xFFDE,0xE407,0x2216,0xF1DE,0xF113,0x1C07,0xECE6,0xFB0D,0x0DFD,
   0xEDF3,0x0511,0x09F9,0xF3F9,0x0305,0x00FB,0xFB00,0x0505,0x01FF,0xFFFF,
   0x0001,0x0000,0x0000,0x00FF,0xF3EF,0xFF16,0x1A03,0xE8E2,0xFB13,0x13FB,
   0xE8EF,0x050F,0x01EC,0xE6F7,0x0B0B,0xFDF3,0xF907,0x0B03,0xF3F1,0xF900,
   0x00FB,0xF9FD,0x0103,0x0100,0x0000,0x0000,0x0000,0x0000,0x00FF,0xFFFF,
   0xFDFD,0xFDFD,0xFF00,0x0000,0xFFF9,0xF9F9,0xF9F9,0x0314,0x18FB,0xCDCF,
   0x012D,0x1EEC,0xD3EC,0x131C,0x01E6,0xEA05,0x1407,0xF3ED,0xFB05,0x03F7,
   0xEDF5,0x0000,0xFDF9,0xF9FD,0x0000,0xFBF3,0xF3F5,0xFBFF,0xFFFD,0xFBFB,
   0xFD00,0x0000,0x0000,0x0000,0x0000,0x0000,0x00FF,0xFDF3,0xE6F9,0x1E24,
   0xFFDC,0xE000,0x160B,0xF3EF,0x000D,0x03F3,0xEFF9,0x0103,0x0105,0x0703,
   0x0000,0x0000,0xFFFD,0xFDFF,0x00FD,0xFD03,0x0501,0xFDFD,0xFF00,0xFFFD,
   0xFDFD,0xFBF9,0xF7F9,0xFDFF,0xFBF9,0xFD00,0x0100,0xFDFB,0xFBFB,0xFBFB,
   0xFDFF,0x0B13,0x05E0,0xD7FD,0x2214,0xEADE,0xFD18,0x0FF7,0xEFFF,0x0703,
   0xFBFD,0x00FF,0xFBFD,0x0303,0xFBF7,0xFF05,0x03F9,0xF3FD,0x0501,0xF9F5,
   0xFF05,0x03FF,0xFDFD,0xFDFD,0xFD00,0x0100,0xFDFD,0x0001,0x0100,0x0000,
   0x0000,0xFDEF,0xEF0D,0x2207,0xE2E2,0x0318,0x05F1,0xFD0F,0x09F7,0xF1FB,
   0x00FD,0xFB05,0x0D03,0xF9FB,0x0507,0xFFF9,0xFF03,0x00FB,0xFD01,0x0501,
   0x0001,0x0101,0x0001,0x0303,0xFDFD,0xFDFF,0x0000,0xFFFF,0xFFFF,0x0003,
   0x0300,0xFBFB,0xFBFB,0xFF00,0x0003,0x0B0B,0xF9E2,0xED0B,0x0FF7,0xECFB,
   0x0701,0xF9FF,0x0703,0xF9FB,0x0303,0xF9F7,0xFF03,0xFBF3,0xF901,0x01FD,
   0xF7F9,0xFFFD,0xFDFD,0xFDFD,0xFDFF,0x00FF,0xF9F9,0xFBFF,0x0000,0x00FF,
   0xFDFD,0xFDFD,0xFDFD,0xFDFF,0x00FF,0xF5EF,0x0016,0x0BEC,0xE6FF,0x09FB,
   0xF705,0x0BFB,0xECF7,0x00FB,0xF1FD,0x0B07,0xF5F3,0x0005,0x00FF,0xFFFD,
   0xFBFB,0xFD00,0x0000,0x0000,0x00FF,0xFFFF,0x0000,0x00FD,0xFBFB,0xFBFD,
   0xFFFF,0xFBFB,0xFF00,0x0101,0x01FF,0xFDFD,0xFDFD,0xFDFF,0x0007,0x0D05,
   0xEFEA,0x0113,0x01F1,0xFD07,0x01FD,0x050B,0x01F9,0xFD03,0x00F9,0xFD01,
   0xFFFB,0xFD01,0x0300,0x00FF,0xFBFB,0xFDFF,0xFFFB,0xFBFD,0xFFFF,0xFDFD,
   0xFDFD,0xFF00,0x0000,0xFFFB,0xFBFB,0xFBFD,0xFF00,0x0000,0x00F9,0xF3FD,
   0x0D0B,0xF1EC,0xFD05,0xFBF9,0x0303,0xF5F3,0x0001,0xF7F7,0xFF00,0xF9F9,
   0x0305,0x0000,0x00FF,0xFFFF,0x00FF,0xFFFF,0x0000,0x0000,0xFFFF,0xFFFF,
   0x00FF,0xFDFD,0xFDFD,0xFFFF,0xFDFB,0xFBFB,0xFF00,0x0000,0xFFFB,0xFBFB,
   0xFBFF,0x0003,0x070B,0x09F9,0xEDFF,0x0DFF,0xF1F9,0x0301,0x0009,0x09FD,
   0xF901,0x03FD,0xFBFF,0xFFFD,0xFD01,0x0101,0x00FF,0xFBFB,0xFBFF,0x0000,
   0x0000,0x00FF,0xFFFF,0x0000,0x0000,0x00FF,0xFFFF,0xFF00,0xFDFD,0xFDFD,
   0xFDFF,0xFDFB,0xFBFF,0x0000,0x0000,0xFBFB,0xFBFB,0xFBFD,0x0003,0x0709,
   0x05F9,0xF300,0x07FD,0xF3FD,0x0300,0x0109,0x05FD,0xFB03,0x03FD,0xFBFD,
},

tap[]=
{
   0x0000,0x0000,0xF235,0x2014,0xE5B8,0xCAE3,0x3656,0x7E44,0xF0BB,0x8DB4,
   0xC221,0x6A74,0x6508,0xE883,0xB9D0,0xF42D,0x4D62,0x1334,0xE8C2,0xB0BA,
   0xEA2D,0x774B,0x4A06,0xBCA2,0x94E4,0xFF61,0x6B66,0x33DC,0xB984,0xB4D9,
   0x2867,0x635A,0x00D4,0xAAAA,0xDF04,0x594D,0x6122,0xEBA8,0x99C0,0xDA42,
   0x5C62,0x3601,0xC996,0xBCD5,0x1358,0x6A61,0x16F6,0xA9A5,0xB4E0,0x2153,
   0x773A,0x01C0,0x9AAB,0xC811,0x4375,0x5723,0xEDAD,0xB4B2,0xF42F,0x615E,
   0x320C,0xC09E,0xA2BC,0xF93A,0x7252,0x3EF9,0xC0AE,0xB5E2,0x075D,0x6049,
   0x14D5,0xA99C,0xCAF4,0x3663,0x5030,0xEDC4,0x9EB8,0xED28,0x6962,0x4D06,
   0xCE9D,0x9FC7,0xF845,0x635E,0x30F2,0xB89B,0xB9D4,0x1956,0x644E,0x10E4,
   0xA2A9,0xC0F3,0x3258,0x5B28,0x01C2,0xA3B5,0xD819,0x4966,0x440C,0xDAA5,
   0xABC5,0x0031,0x5D5D,0x2AF9,0xBEAB,0xB2DC,0x1543,0x603E,0x19DB,0xB2AC,
   0xC0F4,0x2560,0x5339,0xFCC8,0xA7AD,0xD708,0x4F66,0x431B,0xD7B2,0x9EC8,
   0xF82B,0x6355,0x34F8,0xCFA9,0xB4DB,0x063C,0x5346,0x13E8,0xBFAF,0xC9ED,
   0x2448,0x5036,0x00D8,0xB3BC,0xD508,0x3B4F,0x4216,0xE7B9,0xB0C7,0xEE25,
   0x4E57,0x3509,0xD8AF,0xB4D4,0x0335,0x5847,0x1BED,0xC4AF,0xC2ED,0x1C48,
   0x5631,0x07D5,0xB5B4,0xD50B,0x375B,0x4F20,0xEABB,0xA8B8,0xE722,0x525C,
   0x3607,0xD0AD,0xABD0,0x0335,0x5E50,0x24F0,0xC2AC,0xC2EE,0x1B49,0x5535,
   0x00D3,0xB2B1,0xD806,0x3855,0x4B20,0xE7C3,0xABBE,0xF128,0x565A,0x39FD,
   0xCFAF,0xACD6,0x073E,0x544D,0x1CE4,0xBCA9,0xC4F2,0x2852,0x5A38,0xFFD0,
   0xADB0,0xD40A,0x3E59,0x4F17,0xE8BB,0xA9BC,0xEE24,0x4C5A,0x3A03,0xD4B5,
   0xB5D4,0x0B36,0x514B,0x19E9,0xBFB1,0xBFEC,0x2048,0x5138,0x01D5,0xB6B2,
   0xD404,0x3550,0x4C20,0xECC5,0xB3BC,0xE91B,0x4652,0x3B0A,0xDABB,0xB4CE,
   0x002F,0x4C4C,0x22F1,0xC8B7,0xBFE7,0x1A41,0x4F3E,0x0BDD,0xBDB6,0xCDFC,
   0x2B4A,0x4B28,0xF5CE,0xB9BC,0xE212,0x3D4D,0x4011,0xE3C3,0xB7CB,0xF726,
   0x454A,0x2CFA,0xD1BC,0xBCDE,0x0D37,0x4942,0x14E6,0xC5B7,0xC6F1,0x2244,
   0x4B32,0x00D5,0xBCB9,0xD909,0x324A,0x4519,0xECC7,0xBAC5,0xEF1B,0x3E47,
   0x3303,0xDBC3,0xBCD7,0x022E,0x4443,0x1EF0,0xCDBC,0xC3EB,0x163C,0x4639,
   0x08DF,0xC4BC,0xD3FE,0x2B43,0x4623,0xF3CF,0xBEC4,0xE715,0x3947,0x3A0C,
   0xE3C6,0xBFCF,0xFD26,0x4044,0x23F8,0xD2C2,0xC4E6,0x1134,0x4237,0x0EE6,
   0xCBC4,0xCFF9,0x1E3A,0x3E26,0xFCD6,0xC6C4,0xE00D,0x3041,0x3C13,0xEBCD,
   0xC3CE,0xF61D,0x3C41,0x2AFD,0xD8C6,0xC5DF,0x0C2F,0x403B,0x13ED,0xCFC5,
   0xCEF2,0x1C38,0x3E2C,0x01DD,0xC9C8,0xDE08,0x2C3B,0x3917,0xEFD2,0xC9CE,
   0xF017,0x3339,0x2C05,0xE2CE,0xCADC,0x0527,0x3838,0x19F3,0xD4C9,0xCDEB,
   0x1433,0x3A30,0x0AE6,0xCEC9,0xD8FF,0x2237,0x381D,0xF8D7,0xCBCE,0xEA13,
   0x2F38,0x2E0A,0xE8D2,0xCDD9,0xFE20,0x3232,0x1EF9,0xDBD0,0xD2EA,0x0E2B,
   0x342E,0x0EEC,0xD4CF,0xD7F9,0x1A32,0x3220,0xFDDD,0xD1D1,0xE90B,0x2A33,
   0x2F11,0xEDD5,0xCFD7,0xF71A,0x3134,0x2400,0xDFD2,0xD1E5,0x0A28,0x332F,
   0x12F0,0xD7D1,0xD8F4,0x182D,0x3225,0x04E6,0xD6D3,0xE304,0x2430,0x3017,
   0xF5DB,0xD1D5,0xEF12,0x2C33,0x2C09,0xEBD7,0xD2DE,0xFE20,0x3030,0x1BF8,
   0xDED3,0xD5ED,0x0F29,0x302C,0x0CED,0xD7D2,0xDCFB,0x1C2E,0x301D,0xFBDF,
   0xD4D6,0xEB0C,0x272E,0x280E,0xEFDB,0xD6DE,0xFB17,0x2B2C,0x1C00,0xE4D9,
   0xD6E9,0x0A24,0x2F2B,0x10F0,0xDBD5,0xDBF7,0x182C,0x2C21,0xFEE4,0xD8D8,
   0xEB0A,0x252C,0x270F,0xF1DC,0xD7DE,0xF715,0x2B2B,0x1E01,0xE6D7,0xD8E7,
   0x0722,0x2E2C,0x12F6,0xDCD6,0xDCF3,0x1328,0x2D21,0x07EA,0xDAD9,0xE503,
   0x1D2B,0x2A16,0xF9DF,0xD8DA,0xF20F,0x272C,0x230A,0xEBDC,0xD9E5,0x011C,
   0x2C28,0x15F9,0xE0D9,0xDCF1,0x0D25,0x2924,0x09F0,0xDEDB,0xE5FB,0x1827,
   0x2618,0xFCE6,0xDADC,0xED0A,0x2329,0x240C,0xF2DE,0xDBE0,0xF915,0x2728,
   0x1900,0xE6DB,0xDCEC,0x0822,0x2825,0x0FF3,0xDEDB,0xE3F9,0x1528,0x271A,
   0x01E6,0xDCDE,0xEE09,0x2127,0x220E,0xF6E3,0xDEE5,0xF610,0x2327,0x1E06,
   0xECDE,0xDDE9,0x021C,0x2926,0x14F8,0xE0DA,0xE0F4,0x1128,0x291E,0x05EB,
   0xDCDD,0xEC03,0x1D27,0x2210,0xF8E4,0xDDE4,0xF60F,0x2325,0x1B06,0xEDDF,
   0xDFEB,0x0118,0x2521,0x12FA,0xE7DF,0xE5F3,0x0C21,0x261C,0x09F2,0xE2DF,
   0xE8FD,0x1323,0x2114,0x00EA,0xE3E5,0xF107,0x1A22,0x1B0B,0xF7E6,0xE4EA,
   0xFA0F,0x1D1D,0x1403,0xF0E6,0xE7F2,0x0416,0x201B,0x0DF9,0xEAE5,0xEBF7,
   0x0B1B,0x1D15,0x05F2,0xE8E7,0xF002,0x151E,0x1B0E,0xFCEB,0xE6EA,0xF70B,
   0x1A1C,0x1505,0xF1E7,0xE8F0,0x0213,0x1C18,0x0BFD,0xEBE7,0xEBF7,0x0A19,
   0x1C14,0x05F5,0xE8E7,0xF000,0x131C,0x1A0D,0xFDEC,0xE7EA,0xF70A,0x1A1D,
   0x1707,0xF4E7,0xE8F1,0x0113,0x1C18,0x0CFD,0xEDE9,0xEDF9,0x0918,0x1A13,
   0x07F7,0xECEC,0xF3FF,0x0E18,0x170D,0x00F1,0xEAED,0xF707,0x171B,0x1708,
   0xF7EA,0xE8F0,0xFD0F,0x1B19,0x0FFF,0xF0E8,0xEBF6,0x0615,0x1A14,0x05F8,
   0xEBEB,0xF2FE,0x0E18,0x160D,0x00F3,0xECEE,0xF703,0x1118,0x1509,0xFDED,
   0xE9EF,0xFB09,0x1718,0x1003,0xF6ED,0xEDF7,0x0311,0x1713,0x07FB,0xF0EE,
   0xF3FE,0x0A15,0x140D,0x01F5,0xEEEF,0xF903,0x1017,0x1207,0xFBEF,0xECF2,
   0xFD0A,0x1616,0x0E01,0xF7ED,0xEEF8,0x0310,0x1712,0x08FB,0xF0ED,0xF3FE,
   0x0A15,0x160E,0xFFF6,0xEDF0,0xF904,0x0F14,0x0F05,0xFBF3,0xF1F6,0x0009,
   0x1011,0x0A00,0xF9F2,0xF4FA,0x030A,0x120E,0x05FE,0xF6F2,0xF700,0x070F,
   0x110A,0xFFF9,0xF2F3,0xFB03,0x0B11,0x0E06,0xFDF7,0xF3F7,0xFF07,0x0D10,
   0x0A01,0xFBF4,0xF5FB,0x0309,0x0F0C,0x04FD,0xF9F6,0xF900,0x050B,0x0F0A,
   0x00FB,0xF5F4,0xF901,0x080F,0x0E08,0xFFF9,0xF3F5,0xFD03,0x0A0E,0x0B03,
   0xFEF9,0xF6F9,0x0005,0x0B0C,0x0801,0xFCF6,0xF6FB,0x0208,0x0F0D,0x06FE,
   0xF8F4,0xF6FE,0x060E,0x0F0B,0x03FD,0xF5F5,0xF900,0x060E,0x0D08,0x02FC,
   0xF6F7,0xFC02,0x090F,0x0D05,0x01F9,0xF6F9,0xFF05,0x0B0C,0x0702,0xFCF8,
   0xF8FC,0x0208,0x0E0C,0x0501,0xFAF7,0xF7FE,0x030A,0x0C08,0x03FE,0xF8F8,
   0xFB01,0x060C,0x0A03,0xFFF9,0xF7FA,0x0105,0x0B0B,0x0700,0xFCF8,0xF7FE,
   0x0207,0x0B0A,0x04FF,0xFBF7,0xF9FF,0x050B,0x0B08,0x01FE,0xF9F9,0xFE03,
   0x070B,0x0902,0xFDF9,0xF6FB,0x0107,0x0A0C,0x0801,0xFDF7,0xF8FC,0x0307,
   0x0C0B,0x02FD,0xF9F7,0xFB01,0x080A,0x0A05,0xFEFB,0xF9FB,0xFF05,0x060A,
   0x0803,0xFFFC,0xFBFB,0xFF02,0x050A,0x0703,0xFEFB,0xF9FC,0x0204,0x0A09,
   0x05FE,0xFCF9,0xFA00,0x0408,0x0806,0x00FC,0xFBF9,0xFE02,0x0608,0x0604,
   0xFDFD,0xFAFC,0x0002,0x0607,0x05FF,0xFCFA,0xFAFF,0x0408,0x0808,0x03FC,
   0xFCF9,0xFCFF,0x0607,0x0906,0xFEFB,0xFAFB,0xFE04,0x0708,0x0802,0xFDFB,
   0xFAFC,0x0006,0x0708,0x04FD,0xFBF9,0xFCFF,0x0508,0x0806,0x01FC,0xFAFB,
   0xFD02,0x0606,0x0703,0xFFFB,0xFBFC,0xFE03,0x0607,0x0704,0xFEFA,0xFAFA,
   0xFF05,0x0809,0x0501,0xFAF9,0xFAFF,0x0407,0x0806,0x02FC,0xFBFB,0xFD00,
   0x0306,0x0505,0x02FF,0xFFFD,0xFE00,0x0404,0x0504,0xFFFF,0xFDFE,0xFF02,
   0x0505,0x0502,0xFFFD,0xFDFF,0x0104,0x0405,0x0300,0xFEFD,0xFEFE,0x0204,
   0x0504,0x01FF,0xFDFE,0xFE02,0x0505,0x0602,0xFDFC,0xFD00,0x0205,0x0503,
   0x0100,0xFEFF,0x0101,0x0303,0x0201,0x0101,0x0002,0x0101,0x0101,0x0302,
   0x03FF,0xFFFF,0xFF01,0x0204,0x0303,0xFFFD,0xFFFF,0x0103,0x0403,0x0202,
   0xFE00,0xFF00,0x0102,0x0302,0x0301,0x0000,0x0000,0x0104,0x0305,0x0401,
   0x00FF,0xFF00,0x0305,0x0404,0x0200,0xFF00,0x0002,0x0303,0x0403,0x0101,
   0x0100,0xFF01,0x0203,0x0404,0x01FF,0xFFFE,0xFF01,0x0204,0x0402,0xFFFF,
   0xFEFD,0x0003,0x0404,0x0400,0xFEFD,0xFDFE,0x0003,0x0505,0x02FF,0xFEFE,
   0xFF01,0x0404,0x0403,0xFFFF,0xFEFE,0xFF01,0x0403,0x0400,0xFEFD,0xFEFE,
   0x0004,0x0505,0x0400,0xFEFB,0xFBFC,0x0005,0x0706,0x03FE,0xFAFB,0xFD01,
   0x0607,0x0704,0xFFFD,0xFBFD,0xFE02,0x0506,0x0403,0xFFFD,0xFEFE,0x0104,
   0x0506,0x0402,0xFFFD,0xFCFD,0x0004,0x0706,0x0500,0xFDFC,0xFBFE,0x0206,
   0x0605,0x01FD,0xFBFB,0xFE01,0x0506,0x0503,0xFDFC,0xFBFD,0xFF03,0x0606,
   0x0501,0xFDFB,0xFBFD,0x0106,0x0707,0x05FF,0xFBFA,0xFCFE,0x0306,0x0604,
   0x02FE,0xFDFE,0xFF01,0x0404,0x0403,0x00FF,0xFEFF,0xFF01,0x0304,0x0402,
   0xFFFE,0xFEFE,0x0104,0x0605,0x0300,0xFDFD,0xFF00,0x0406,0x0602,0x01FE,
   0xFEFE,0x0002,0x0506,0x0303,0x00FE,0xFDFF,0x0002,0x0607,0x0503,0xFEFC,
   0xFDFF,0x0105,0x0605,0x0300,0xFDFD,0xFEFF,0x0104,0x0404,0x0301,0xFFFF,
   0xFFFF,0x0204,0x0403,0x01FE,0xFDFE,0xFF01,0x0405,0x0302,0xFFFD,0xFDFF,
   0x0103,0x0403,0x0100,0xFDFD,0xFF00,0x0204,0x0401,0x00FD,0xFCFE,0xFF01,
   0x0405,0x0300,0xFFFB,0xFCFF,0x0103,0x0606,0x0301,0xFDFB,0xFBFF,0x0103,
   0x0605,0x0301,0xFEFD,0xFEFF,0x0104,0x0403,0x02FF,0xFEFD,0xFF00,0x0306,
   0x0502,0x00FD,0xFCFF,0x0203,0x0606,0x0401,0xFEFB,0xFC00,0x0204,0x0706,
   0x0302,0xFEFC,0xFDFF,0x0105,0x0706,0x0300,0xFBFA,0xFD00,0x0509,0x0904,
   0x00FA,0xF9FB,0xFF03,0x0709,0x0703,0xFEF9,0xF9FC,0xFF04,0x0807,0x0502,
   0xFDFA,0xFBFE,0x0105,0x0805,0x02FF,0xFAFA,0xFD01,0x0408,0x0703,0x00FC,
   0xFAFB,0xFF01,0x0507,0x0603,0xFFFC,0xFAFC,0xFF03,0x0707,0x0401,0xFDFB,
   0xFBFE,0x0105,0x0806,0x01FE,0xFCFB,0xFF03,0x0507,0x0502,0xFFFD,0xFCFD,
   0x0102,0x0506,0x0502,0x00FD,0xFCFF,0x0104,0x0606,0x0300,0xFEFC,0xFDFF,
   0x0204,0x0606,0x0200,0xFDFB,0xFCFF,0x0305,0x0704,0x02FE,0xFBFA,0xFD01,
   0x0408,0x0703,0xFFFB,0xFAFC,0x0103,0x0707,0x0300,0xFDFC,0xFCFF,0x0103,
   0x0505,0x0200,0xFEFD,0xFE00,0x0204,0x0504,0x01FF,0xFDFB,0xFF01,0x0406,
   0x0603,0x00FD,0xFBFD,0x0104,0x0607,0x04FF,0xFEFC,0xFCFF,0x0305,0x0505,
   0x02FF,0xFEFC,0xFE01,0x0405,0x0605,0x00FE,0xFCFC,0xFE03,0x0507,0x0703,
   0x00FC,0xFBFC,0x0004,0x0608,0x0600,0xFEFB,0xFCFE,0x0304,0x0606,0x02FF,
   0xFCFB,0xFC00,0x0305,0x0706,0x02FF,0xFBFB,0xFD02,0x0408,0x0805,0x00FC,
   0xFBFB,0xFF02,0x0508,0x0703,0xFFFD,0xFCFE,0x0103,0x0606,0x0400,0xFFFC,
   0xFCFE,0x0104,0x0607,0x0401,0xFDFA,0xFCFF,0x0205,0x0705,0x01FF,0xFCFC,
   0xFE01,0x0305,0x0603,0x00FE,0xFCFC,0xFE01,0x0305,0x0501,0xFFFC,0xFBFD,
   0x0003,0x0607,0x0400,0xFCF9,0xFAFE,0x0104,0x0605,0x02FF,0xFDFC,0xFDFF,
   0x0104,0x0605,0x02FF,0xFDFB,0xFD00,0x0306,0x0704,0x01FD,0xFBFC,0xFF03,
   0x0608,0x0601,0xFDFA,0xFAFE,0x0206,0x0808,0x03FF,0xFCFB,0xFD00,0x0307,
   0x0806,0x01FE,0xFBFB,0xFE02,0x0609,0x0804,0x00FC,0xF9FA,0xFF04,0x080A,
   0x0803,0xFEF9,0xF8FB,0x0105,0x0909,0x0501,0xFDFA,0xFBFE,0x0205,0x0807,
   0x03FF,0xFBF9,0xFBFF,0x0307,0x0806,0x02FD,0xFAF9,0xFD01,0x0508,0x0703,
   0xFFFB,0xFAFC,0xFF03,0x0607,0x0501,0xFDFB,0xFAFC,0x0004,0x0707,0x03FF,
   0xFAF8,0xFAFF,0x0408,0x0906,0x01FC,0xF9F9,0xFC01,0x0507,0x0804,0x00FC,
   0xF9F9,0xFD01,0x0608,0x0703,0xFEFB,0xF9FB,0x0004,0x0809,0x0501,0xFCF9,
   0xFAFE,0x0307,0x0908,0x03FE,0xFAF9,0xFB00,0x0509,0x0B08,0x02FC,0xF9F8,
   0xFC01,0x0609,0x0804,0xFFFA,0xF9FB,0x0005,0x0808,0x0500,0xFBF9,0xFBFF,
   0x0408,0x0906,0x01FC,0xF9F9,0xFC01,0x0509,0x0805,0x00FB,0xF9FA,0xFE02,
   0x0609,0x0803,0xFFFB,0xF9FB,0xFF04,0x0809,0x0601,0xFCF9,0xF9FC,0x0206,
   0x0A0A,0x0500,0xFAF8,0xF9FD,0x0409,0x0B09,0x03FD,0xF9F8,0xFB01,0x0609,
   0x0905,0x00FB,0xFAFB,0xFF04,0x0809,0x0703,0xFEFB,0xFBFD,0x0106,0x0809,
   0x0601,0xFCF9,0xFAFD,0x0307,0x0909,0x04FF,0xFBF9,0xFC00,0x0508,0x0806,
   0x02FD,0xFBFB,0xFD02,0x0508,0x0704,0xFFFC,0xFAFB,0x0004,0x0709,0x0703,
   0xFDFB,0xFAFC,0x0004,0x0809,0x0601,0xFDFB,0xFBFE,0x0307,0x0807,0x02FD,
   0xFBFB,0xFE02,0x0507,0x0604,0x00FD,0xFBFB,0xFF03,0x0608,0x0703,0xFEFB,
   0xFAFC,0x0004,0x0809,0x0601,0xFDFB,0xFAFD,0x0206,0x0707,0x03FF,0xFCFB,
   0xFD00,0x0406,0x0605,0x01FE,0xFBFB,0xFD01,0x0507,0x0703,0xFFFC,0xFBFC,
   0x0004,0x0606,0x0400,0xFDFC,0xFCFE,0x0104,0x0605,0x03FF,0xFCFB,0xFD00,
   0x0406,0x0504,0x00FD,0xFCFC,0xFF02,0x0506,0x0602,0xFEFB,0xFBFC,0xFF03,
   0x0506,0x0501,0xFEFC,0xFBFD,0x0003,0x0506,0x0400,0xFCFB,0xFBFE,0x0306,
   0x0606,0x01FD,0xFBFA,0xFD00,0x0406,0x0603,0x00FD,0xFDFD,0x0003,0x0506,
   0x0502,0xFFFD,0xFCFE,0x0104,0x0506,0x0401,0xFEFC,0xFDFF,0x0305,0x0504,
   0x02FE,0xFDFD,0xFF02,0x0405,0x0403,0x00FE,0xFEFE,0x0002,0x0404,0x0301,
   0xFFFE,0xFEFF,0x0103,0x0403,0x0200,0xFEFE,0xFF00,0x0202,0x0303,0x01FF,
   0xFEFF,0x0001,0x0303,0x0302,0x00FE,0xFEFF,0xFF02,0x0304,0x0402,0x00FE,
   0xFEFF,0x0103,0x0404,0x0301,0xFFFE,0xFF00,0x0204,0x0403,0x01FF,0xFF00,
   0x0002,0x0303,0x0202,0x00FF,0x0000,0x0002,0x0202,0x0201,0x00FF,0x0100,
   0x0102,0x0202,0x0201,0x0000,0x0100,0x0101,0x0202,0x0201,0x0001,0x0101,
   0x0102,0x0203,0x0301,0x0101,0x0000,0x0101,0x0101,0x0101,0x0202,0x0201,
   0x0100,0x0001,0x0103,0x0303,0x0201,0x0000,0x0101,0x0203,0x0302,0x0100,
   0xFF00,0x0102,0x0203,0x0201,0x0100,0xFF00,0x0102,0x0303,0x0201,0x00FF,
   0xFF00,0x0202,0x0302,0x0100,0x0000,0x0102,0x0202,0x0101,0x0000,0x0000,
   0x0102,0x0203,0x0302,0x01FF,0xFF00,0x0103,0x0505,0x0300,0xFFFD,0xFF01,
   0x0304,0x0503,0x01FF,0xFEFE,0x0002,0x0304,0x0403,0x01FF,0xFEFE,0x0002,
   0x0305,0x0402,0xFFFD,0xFCFE,0x0104,0x0506,0x03FF,0xFDFC,0xFC00,0x0304,
   0x0504,0x01FE,0xFDFD,0xFE01,0x0305,0x0502,0x00FE,0xFCFD,0x0003,0x0506,
   0x0401,0xFDFB,0xFBFD,0x0105,0x0707,0x0400,0xFCFB,0xFBFF,0x0306,0x0806,
   0x02FE,0xFBFB,0xFD01,0x0507,0x0704,0x00FD,0xFBFB,0xFE03,0x0607,0x0703,
   0xFFFB,0xFAFB,0xFF04,0x0708,0x0501,0xFCFA,0xFAFE,0x0307,0x0907,0x03FE,
   0xFBFA,0xFB00,0x0507,0x0805,0x00FC,0xF9F9,0xFD02,0x0609,0x0803,0xFEFB,
   0xF9FB,0xFF03,0x0607,0x0601,0xFDFA,0xF9FB,0xFF03,0x0607,0x0500,0xFDFA,
   0xFBFE,0x0205,0x0706,0x02FD,0xFAF9,0xFC01,0x0507,0x0804,0xFFFC,0xFAFB,
   0x0004,0x0708,0x0601,0xFDFB,0xFBFE,0x0205,0x0706,0x03FF,0xFBFB,0xFC00,
   0x0407,0x0806,0x02FD,0xFBFA,0xFD01,0x0608,0x0905,0x00FB,0xF9F9,0xFE03,
   0x070A,0x0803,0xFEFA,0xF9FB,0x0005,0x0809,0x0600,0xFCF9,0xF9FD,0x0207,
   0x0908,0x04FE,0xFAF9,0xFB00,0x0509,0x0A07,0x02FC,0xF9F8,0xFC02,0x080B,
   0x0A05,0xFFFA,0xF8FA,0xFF06,0x0A0B,0x0802,0xFCF9,0xF8FC,0x0308,0x0B0A,
   0x05FE,0xF9F8,0xF9FF,0x060A,0x0B09,0x02FB,0xF7F7,0xFB02,0x080B,0x0A06,
   0xFFFA,0xF8F9,0xFE04,0x080A,0x0802,0xFDF9,0xF8FB,0x0107,0x0A0A,0x0600,
   0xFBF8,0xF8FD,0x0308,0x0A09,0x04FD,0xF9F8,0xFB01,0x060A,0x0A07,0x01FB,
   0xF9F9,0xFD03,0x0809,0x0803,0xFDFA,0xF9FC,0x0106,0x090A,0x0600,0xFBF8,
   0xF9FD,0x0308,0x0A09,0x04FE,0xFAF8,0xFAFF,0x0508,0x0907,0x02FD,0xFAF9,
   0xFD02,0x0608,0x0704,0xFFFB,0xF9FB,0xFF04,0x0709,0x0601,0xFCF9,0xF9FD,
   0x0207,0x0908,0x04FE,0xFAF9,0xFBFF,0x0508,0x0806,0x01FD,0xFAFB,0xFD01,
   0x0507,0x0604,0xFFFC,0xFAFB,0xFE03,0x0708,0x0702,0xFDF9,0xF9FB,0x0006,
   0x0808,0x0500,0xFBF9,0xFAFE,0x0307,0x0806,0x02FE,0xFBFB,0xFD00,0x0507,
   0x0705,0x00FC,0xFAFA,0xFD02,0x0709,0x0804,0xFEFA,0xF9FA,0xFF05,0x0909,
   0x0702,0xFCF9,0xF9FD,0x0106,0x0909,0x0500,0xFBF9,0xFAFE,0x0408,0x0907,
   0x02FC,0xF9F9,0xFC01,0x0709,0x0804,0xFEFB,0xFAFB,0x0004,0x0708,0x0602,
   0xFDFA,0xFAFD,0x0105,0x0807,0x0500,0xFCFA,0xFBFF,0x0307,0x0907,0x03FD,
   0xFAFA,0xFC01,0x0608,0x0805,0x00FB,0xFAFB,0xFE03,0x0809,0x0804,0xFEFA,
   0xFAFB,0x0005,0x0809,0x0601,0xFCF9,0xFAFD,0x0106,0x0808,0x0500,0xFBFA,
   0xFBFE,0x0408,0x0907,0x03FD,0xFAF9,0xFB00,0x0609,0x0906,0x00FB,0xF9F9,
   0xFD04,0x0809,0x0803,0xFDF9,0xF9FB,0x0005,0x0808,0x0500,0xFBF9,0xFAFD,
   0x0307,0x0907,0x03FD,0xFAF9,0xFC00,0x0609,0x0906,0x01FC,0xF9FA,0xFD03,
   0x0709,0x0803,0xFEFA,0xF9FB,0x0005,0x0808,0x0602,0xFCFA,0xFAFC,0x0106,
   0x0909,0x0500,0xFBF9,0xFBFE,0x0408,0x0907,0x03FE,0xFBFA,0xFC01,0x0608,
   0x0806,0x01FC,0xFAFB,0xFE03,0x0608,0x0703,0xFDFA,0xF9FB,0x0005,0x0909,
   0x0600,0xFBF9,0xFAFD,0x0308,0x0908,0x03FE,0xFBFA,0xFB00,0x0508,0x0907,
   0x02FC,0xF9FA,0xFD03,0x080A,0x0905,0xFFFA,0xF8FA,0xFF06,0x0A0B,0x0802,
   0xFCF8,0xF8FC,0x0208,0x0A09,0x05FE,0xF9F8,0xFAFF,0x050A,0x0A07,0x02FC,
   0xF9F9,0xFC02,0x070A,0x0906,0xFFFA,0xF8F9,0xFE04,0x090A,0x0803,0xFCF9,
   0xF8FB,0x0107,0x0A0A,0x0600,0xFAF8,0xF9FE,0x0409,0x0A08,0x02FC,0xF9F9,
   0xFC01,0x0709,0x0804,0xFFFA,0xF9FB,0xFF04,0x0808,0x0601,0xFCF9,0xF9FC,
   0x0006,0x0908,0x05FF,0xFAF8,0xF9FE,0x0408,0x0906,0x02FC,0xF8F9,0xFB01,
   0x070A,0x0905,0xFFFA,0xF8FA,0xFE04,0x090A,0x0703,0xFDF9,0xF9FC,0x0106,
   0x0909,0x0500,0xFBF9,0xFBFF,0x0408,0x0906,0x02FD,0xF9FA,0xFD01,0x0709,
   0x0805,0x00FB,0xF9FA,0xFE03,0x0809,0x0703,0xFDFA,0xF9FC,0x0005,0x0808,
   0x0500,0xFBF9,0xFAFE,0x0207,0x0806,0x02FD,0xFAFA,0xFCFF,0x0407,0x0705,
   0x01FC,0xF9FA,0xFD01,0x0608,0x0704,0xFFFB,0xFAFC,0x0004,0x0707,0x0401,
   0xFDFB,0xFBFF,0x0206,0x0706,0x03FF,0xFBFB,0xFD01,0x0507,0x0704,0x00FD,
   0xFBFC,0xFF02,0x0607,0x0602,0xFDFA,0xFAFD,0x0105,0x0707,0x03FF,0xFCFA,
   0xFCFF,0x0306,0x0705,0x02FE,0xFCFB,0xFE01,0x0406,0x0603,0x01FD,0xFBFC,
   0xFF02,0x0507,0x0603,0xFFFC,0xFBFE,0x0105,0x0707,0x0401,0xFDFC,0xFD00,
   0x0306,0x0706,0x02FF,0xFCFC,0xFE01,0x0407,0x0705,0x02FF,0xFCFC,0xFF02,
   0x0507,0x0603,0x00FD,0xFCFD,0x0003,0x0606,0x0401,0xFEFC,0xFCFE,0x0104,
   0x0606,0x0300,0xFDFB,0xFCFF,0x0205,0x0604,0x01FE,0xFBFB,0xFE01,0x0406,
   0x0502,0x00FD,0xFCFD,0x0002,0x0405,0x0301,0xFFFD,0xFDFE,0x0103,0x0504,
   0x0200,0xFEFC,0xFD00,0x0205,0x0604,0x02FF,0xFCFC,0xFE01,0x0305,0x0503,
   0x01FF,0xFDFE,0x0002,0x0406,0x0503,0x01FE,0xFDFF,0x0103,0x0505,0x0402,
   0xFFFE,0xFE00,0x0204,0x0505,0x0301,0xFFFD,0xFE00,0x0204,0x0504,0x0100,
   0xFEFE,0xFF01,0x0305,0x0503,0x00FE,0xFDFE,0xFF02,0x0506,0x0502,0xFFFD,
   0xFCFF,0x0104,0x0606,0x0301,0xFEFD,0xFE00,0x0204,0x0503,0x01FF,0xFEFD,
   0xFF01,0x0305,0x0503,0x01FE,0xFDFD,0xFF02,0x0405,0x0401,0xFFFD,0xFDFE,
   0x0103,0x0504,0x02FF,0xFEFD,0xFE01,0x0304,0x0403,0x00FE,0xFDFD,0xFF01,
   0x0304,0x0402,0x00FF,0xFDFE,0x0002,0x0304,0x0301,0x00FE,0xFEFF,0x0102,
   0x0303,0x0200,0xFFFE,0xFE00,0x0203,0x0303,0x01FF,0xFFFF,0xFF01,0x0203,
   0x0302,0x01FF,0xFFFF,0x0002,0x0303,0x0302,0x00FF,0xFFFF,0x0102,0x0303,
   0x0200,0xFFFF,0xFF00,0x0203,0x0303,0x0200,0x00FF,0x0001,0x0202,0x0303,
   0x0201,0x0000,0x0001,0x0102,0x0302,0x0100,0x0000,0x0102,0x0202,0x0200,
   0x0000,0x0001,0x0202,0x0202,0x0101,0x0000,0x0000,0x0101,0x0102,0x0201,
   0x0100,0xFF00,0x0101,0x0202,0x0101,0xFFFF,0x0001,0x0202,0x0302,0x0101,
   0x0000,0x0001,0x0102,0x0302,0x0202,0x0100,0x0000,0x0102,0x0202,0x0201,
   0x0000,0x0000,0x0202,0x0202,0x0100,0x0000,0x0001,0x0202,0x0202,0x0100,
   0x0000,0x0101,0x0202,0x0202,0x0100,0x0000,0x0002,0x0202,0x0201,0x00FF,
   0x0000,0x0102,0x0202,0x01FF,0xFFFF,0x0001,0x0202,0x0201,0x0000,0x0001,
   0x0102,0x0202,0x0100,0xFF00,0x0001,0x0202,0x0201,0x00FF,0xFF00,0x0102,
   0x0203,0x0201,0x00FF,0xFF00,0x0102,0x0303,0x0200,0xFFFE,0xFE00,0x0203,
   0x0503,0x02FF,0xFEFE,0xFF01,0x0305,0x0503,0x01FF,0xFEFE,0x0002,0x0405,
   0x0402,0x00FF,0xFEFF,0x0103,0x0505,0x0301,0xFFFE,0xFEFF,0x0203,0x0504,
   0x0200,0xFEFE,0xFF01,0x0304,0x0403,0x01FF,0xFEFE,0x0001,0x0303,0x0302,
   0x00FF,0xFEFF,0x0102,0x0304,0x0301,0xFFFE,0xFD00,0x0102,0x0404,0x0200,
   0xFFFE,0xFF00,0x0203,0x0403,0x0100,0xFEFE,0xFF01,0x0304,0x0402,0x00FF,
   0xFEFF,0x0002,0x0303,0x0200,0xFFFE,0xFEFF,0x0102,0x0202,0x01FF,0xFFFE,
   0xFF00,0x0203,0x0302,0x00FF,0xFEFE,0xFF02,0x0304,0x0302,0xFFFE,0xFEFF,
   0x0102,0x0304,0x0301,0xFFFE,0xFE00,0x0203,0x0504,0x0200,0xFEFE,0xFF01,
   0x0305,0x0504,0x01FF,0xFEFE,0x0002,0x0405,0x0503,0x01FF,0xFEFF,0x0103,
   0x0506,0x0502,0x00FE,0xFEFF,0x0204,0x0505,0x0301,0xFFFE,0xFF01,0x0305,
   0x0504,0x02FF,0xFEFE,0xFF02,0x0404,0x0402,0x00FF,0xFEFE,0x0003,0x0304,
   0x0401,0xFFFE,0xFEFF,0x0103,0x0404,0x0300,0xFEFD,0xFEFF,0x0204,0x0403,
   0x01FE,0xFDFD,0xFE01,0x0304,0x0402,0xFFFE,0xFDFE,0x0002,0x0303,0x0301,
   0xFEFD,0xFEFF,0x0104,0x0404,0x0200,0xFEFE,0xFD01,0x0305,0x0504,0x01FE,
   0xFDFD,0xFF02,0x0505,0x0502,0x00FD,0xFDFF,0x0104,0x0505,0x0301,0xFEFD,
   0xFE00,0x0305,0x0504,0x0200,0xFEFD,0xFF01,0x0406,0x0605,0x02FF,0xFDFD,
   0xFF02,0x0506,0x0503,0x00FE,0xFDFE,0x0003,0x0506,0x0401,0xFEFD,0xFDFF,
   0x0205,0x0605,0x02FF,0xFCFC,0xFE01,0x0406,0x0603,0x00FD,0xFCFD,0xFF03,
   0x0506,0x0402,0xFFFD,0xFCFE,0x0104,0x0505,0x0300,0xFDFC,0xFC00,0x0205,
   0x0504,0x02FE,0xFCFC,0xFE00,0x0305,0x0503,0x00FD,0xFBFC,0xFF02,0x0506,
   0x0502,0xFFFC,0xFBFE,0x0104,0x0605,0x03FF,0xFCFB,0xFD00,0x0305,0x0603,
   0x01FE,0xFCFC,0xFE01,0x0406,0x0503,0x00FD,0xFCFD,0xFF02,0x0506,0x0402,
},

lne[]=
{
   0x0000,0x0000,0x0000,0x0000,0x0000,0x0000,0x0000,0x0000,0x0005,0x0000,
   0x0002,0x0507,0x0A0C,0x0F12,0x1417,0x1A1D,0x2022,0x2528,0x2A2E,0x3133,
   0x3639,0x3B3E,0x4042,0x4548,0x494C,0x4E50,0x5153,0x5456,0x5859,0x5A5B,
   0x5C5C,0x5D5E,0x5D5E,0x5E5D,0x5D5C,0x5B5B,0x5958,0x5755,0x5352,0x504D,
   0x4B49,0x4643,0x413E,0x3B39,0x3533,0x302C,0x2926,0x231F,0x1D1A,0x1613,
   0x100C,0x0A06,0x0301,0xFEFA,0xF7F5,0xF1EE,0xEBE8,0xE5E3,0xE0DD,0xDBD9,
   0xD6D4,0xD1CE,0xCCCA,0xC7C6,0xC4C2,0xC0BE,0xBCBB,0xBAB8,0xB7B6,0xB4B3,
   0xB3B2,0xB1B2,0xB1B1,0xB1B1,0xB1B1,0xB2B1,0xB2B3,0xB3B5,0xB5B5,0xB7B8,
   0xB8BA,0xBBBB,0xBDBE,0xBFC0,0xC1C2,0xC3C5,0xC6C7,0xC8CA,0xCBCC,0xCDCE,
   0xD0D1,0xD3D4,0xD5D6,0xD8DA,0xDBDC,0xDEDE,0xE0E2,0xE3E5,0xE6E7,0xE9EB,
   0xECED,0xF0F1,0xF3F6,0xF8F9,0xFCFF,0x0103,0x0608,0x0B0E,0x1014,0x1619,
   0x1C1F,0x2225,0x292B,0x2E32,0x3437,0x3B3D,0x4043,0x4548,0x4B4E,0x4F52,
   0x5456,0x585A,0x5B5D,0x5F60,0x6162,0x6263,0x6463,0x6364,0x6362,0x6261,
   0x605F,0x5D5C,0x5A58,0x5654,0x524F,0x4D4A,0x4744,0x413E,0x3B38,0x3431,
   0x2E2A,0x2623,0x1F1B,0x1914,0x110E,0x0906,0x0300,0xFCF9,0xF5F1,0xEFEC,
   0xE8E6,0xE3DF,0xDDDA,0xD7D5,0xD3CF,0xCDCB,0xC8C6,0xC4C1,0xBFBE,0xBCBA,
   0xB9B7,0xB6B5,0xB3B2,0xB2B1,0xB0B0,0xB0AF,0xAFAF,0xAFB0,0xB0B0,0xB1B1,
   0xB2B3,0xB4B5,0xB6B7,0xB8B9,0xBABB,0xBCBE,0xBFC0,0xC2C3,0xC4C5,0xC6C7,
   0xC8CA,0xCBCC,0xCDCE,0xCFD1,0xD1D3,0xD4D4,0xD5D7,0xD7D9,0xDADA,0xDCDD,
   0xDDDF,0xE0E1,0xE1E3,0xE4E5,0xE7E8,0xE9EB,0xEDEE,0xF0F2,0xF4F6,0xF9FB,
   0xFD00,0x0306,0x090C,0x0F12,0x1619,0x1D20,0x2327,0x2A2E,0x3235,0x383C,
   0x3F41,0x4548,0x4B4E,0x5153,0x5659,0x5A5D,0x6061,0x6365,0x6567,0x6969,
   0x6A6B,0x6B6B,0x6B6B,0x6A69,0x6867,0x6664,0x6260,0x5E5B,0x5957,0x5350,
   0x4D4A,0x4643,0x3F3C,0x3934,0x302C,0x2824,0x201C,0x1713,0x0F0B,0x0703,
   0xFFFB,0xF7F3,0xEFEC,0xE8E5,0xE2DD,0xDAD7,0xD4D1,0xCECB,0xC9C6,0xC4C1,
   0xBFBE,0xBBBA,0xB9B6,0xB6B4,0xB2B2,0xB1AF,0xAFAF,0xAFAE,0xAFAF,0xAFB0,
   0xB0B1,0xB2B2,0xB4B6,0xB7B9,0xBABB,0xBDBF,0xC0C2,0xC3C5,0xC6C8,0xCACB,
   0xCDCE,0xCFD1,0xD2D3,0xD4D6,0xD6D7,0xD8D8,0xD9DA,0xDBDC,0xDCDD,0xDDDE,
   0xDEDE,0xDFDF,0xDFDF,0xDFDF,0xE0E0,0xDFE0,0xE0E0,0xE1E2,0xE2E3,0xE4E4,
   0xE6E8,0xE8EA,0xEDEE,0xF0F3,0xF6F8,0xFBFF,0x0104,0x080B,0x0F12,0x1519,
   0x1D20,0x2428,0x2B2F,0x3235,0x393D,0x4043,0x4649,0x4C4F,0x5154,0x5659,
   0x5A5C,0x5E60,0x6163,0x6365,0x6665,0x6666,0x6665,0x6564,0x6362,0x605E,
   0x5D5A,0x5856,0x5350,0x4D4A,0x4643,0x3F3B,0x3733,0x2F2B,0x2621,0x1E19,
   0x1410,0x0C07,0x03FF,0xFAF6,0xF2ED,0xE9E6,0xE2DF,0xDBD8,0xD4D2,0xCFCC,
   0xCAC7,0xC4C2,0xC0BE,0xBDBC,0xBABA,0xB9B8,0xB8B8,0xB7B7,0xB8B8,0xB9BA,
   0xBABB,0xBDBE,0xC0C2,0xC4C6,0xC9CB,0xCDD0,0xD3D5,0xD8DB,0xDDE0,0xE3E6,
   0xE9EC,0xEDEF,0xF2F4,0xF6F8,0xF9FA,0xFCFD,0xFDFF,0xFFFF,0x0000,0xFF00,
   0xFFFE,0xFEFD,0xFBFB,0xFAF8,0xF7F6,0xF4F2,0xF1EF,0xEDED,0xEAE9,0xE8E6,
   0xE5E4,0xE2E2,0xE1E0,0xE0E1,0xE1E1,0xE2E2,0xE3E5,0xE6E7,0xEAEC,0xEDF1,
   0xF3F5,0xF8FC,0xFD01,0x0507,0x0A0E,0x1014,0x181A,0x1D21,0x2426,0x292D,
   0x2F31,0x3436,0x393B,0x3D3F,0x4142,0x4645,0x4647,0x4949,0x4A4A,0x4A4A,
   0x4B4A,0x4949,0x4846,0x4544,0x4240,0x3E3B,0x3937,0x3431,0x2E2A,0x2724,
   0x1F1C,0x1914,0x100D,0x0804,0x01FC,0xF8F5,0xF0EC,0xE9E6,0xE2DF,0xDBD7,
   0xD5D3,0xCFCD,0xCCC9,0xC7C6,0xC5C3,0xC3C1,0xC1C0,0xC0C1,0xC1C1,0xC2C3,
   0xC4C5,0xC7C9,0xCACC,0xCED1,0xD4D7,0xD9DE,0xE1E4,0xE8EB,0xEEF2,0xF6FA,
   0xFE02,0x0509,0x0D10,0x1316,0x191C,0x1E20,0x2325,0x2728,0x292B,0x2B2C,
   0x2C2C,0x2C2C,0x2B2A,0x2927,0x2524,0x211F,0x1D19,0x1613,0x0F0C,0x0905,
   0x01FE,0xFAF6,0xF3EF,0xECE9,0xE5E2,0xE0DE,0xDBDA,0xD8D7,0xD6D6,0xD4D5,
   0xD5D5,0xD6D7,0xD8D9,0xDBDC,0xDEE0,0xE2E3,0xE7E8,0xEBEE,0xF0F2,0xF4F7,
   0xF9FC,0xFF01,0x0306,0x080B,0x0D0E,0x1113,0x1416,0x1819,0x1A1C,0x1D1E,
   0x2021,0x2122,0x2323,0x2424,0x2324,0x2322,0x2221,0x201F,0x1E1C,0x1B19,
   0x1615,0x1310,0x0E0C,0x0906,0x0400,0xFDFB,0xF7F4,0xF1EE,0xEBE8,0xE5E1,
   0xDEDC,0xD9D6,0xD4D2,0xCFCE,0xCCCA,0xC9C7,0xC7C7,0xC6C6,0xC6C6,0xC7C8,
   0xC9CA,0xCCCD,0xCFD1,0xD4D7,0xD9DC,0xDFE3,0xE6E9,0xEEF2,0xF5FA,0xFE03,
   0x080C,0x1115,0x1A1E,0x2228,0x2B2F,0x3437,0x3B3F,0x4244,0x484B,0x4D4F,
   0x5254,0x5557,0x5758,0x5958,0x5958,0x5655,0x5452,0x4F4D,0x4A46,0x433F,
   0x3B36,0x322C,0x2722,0x1B17,0x110B,0x05FF,0xF9F4,0xEFE9,0xE5E1,0xDDD8,
   0xD5D2,0xCFCD,0xCAC8,0xC7C5,0xC4C5,0xC4C3,0xC4C4,0xC4C5,0xC6C6,0xC8C9,
   0xC9CB,0xCDCD,0xCFD1,0xD2D3,0xD5D6,0xD7D9,0xDADC,0xDDDE,0xE0E1,0xE3E4,
   0xE6E8,0xE8EA,0xEBEB,0xEDEE,0xEEF0,0xF0F1,0xF2F3,0xF3F3,0xF4F3,0xF4F4,
   0xF3F3,0xF4F2,0xF2F2,0xF1EF,0xEFEE,0xECEB,0xEAE8,0xE7E5,0xE3E2,0xE0DE,
   0xDCDB,0xD8D6,0xD5D3,0xD1D1,0xCFCD,0xCCCB,0xCACA,0xC9C8,0xC8C8,0xC8C9,
   0xCACB,0xCCCE,0xCFD1,0xD4D6,0xD9DC,0xDFE3,0xE7EA,0xEFF3,0xF7FC,0x0106,
   0x0B10,0x151A,0x2025,0x2A30,0x3539,0x3F43,0x484D,0x5155,0x5A5D,0x6164,
   0x696B,0x6E71,0x7476,0x7A7B,0x7C7E,0x7F7F,0x7F7F,0x7F7F,0x7F7F,0x7F7F,
   0x7C7A,0x7774,0x716D,0x6763,0x5D56,0x514A,0x433C,0x352D,0x261E,0x160E,
   0x0700,0xF7EF,0xE8E2,0xDCD7,0xD2CE,0xCAC5,0xC3C0,0xBDBC,0xBAB8,0xB7B6,
   0xB5B5,0xB5B4,0xB4B4,0xB4B4,0xB5B4,0xB3B5,0xB4B4,0xB5B4,0xB4B4,0xB5B5,
   0xB5B6,0xB6B6,0xB7B7,0xB8B9,0xB9BA,0xBBBC,0xBDBE,0xBFBF,0xC0C1,0xC2C3,
   0xC4C5,0xC6C6,0xC7C8,0xC9C9,0xCACB,0xCBCC,0xCCCC,0xCDCD,0xCCCD,0xCDCC,
   0xCCCC,0xCCCB,0xCBCA,0xCACA,0xC9C8,0xC9C8,0xC8C8,0xC8C6,0xC7C7,0xC7C8,
   0xC8C8,0xC9CA,0xCBCD,0xCFD1,0xD3D6,0xD8DB,0xE0E3,0xE6EB,0xEEF2,0xF8FD,
   0x0207,0x0D12,0x181E,0x242A,0x3034,0x3B41,0x464C,0x5257,0x5D62,0x666B,
   0x7073,0x777A,0x7E7F,0x7F7F,0x7F7F,0x7F7F,0x7F7F,0x7F7F,0x7F7F,0x7F7F,
   0x7F7F,0x7F7F,0x7F7F,0x7F7F,0x7F7F,0x7F7F,0x7F7F,0x7F7F,0x7F7D,0x766E,
   0x675E,0x554B,0x4237,0x2D22,0x170C,0x02F7,0xEFE7,0xDED7,0xD1CC,0xC8C4,
   0xC1BF,0xBDBA,0xB9B7,0xB6B4,0xB4B3,0xB2B1,0xB0AE,0xAEAE,0xADAC,0xABA9,
   0xA8A6,0xA4A2,0xA2A1,0x9F9F,0x9D9C,0x9C9B,0x9B9B,0x9A9A,0x9A9A,0x9A9B,
   0x9C9C,0x9E9F,0xA0A1,0xA3A3,0xA6A7,0xA8AA,0xACAD,0xAFB1,0xB2B3,0xB5B6,
   0xB8B9,0xBABC,0xBEBE,0xBFC1,0xC2C2,0xC4C5,0xC5C6,0xC7C7,0xC8C9,0xC9C9,
   0xCBCB,0xCCCD,0xCDCE,0xD0D0,0xD2D4,0xD5D7,0xDADC,0xDEE1,0xE4E7,0xEBEE,
   0xF2F6,0xFAFF,0x0408,0x0D12,0x181D,0x2329,0x2F34,0x3A40,0x454B,0x5156,
   0x5B60,0x6569,0x6F73,0x767A,0x7E7F,0x7F7F,0x7F7F,0x7F7F,0x7F7F,0x7F7F,
   0x7F7F,0x7F7F,0x7F7F,0x7F7F,0x7F7F,0x7F7F,0x7F7F,0x7F7F,0x7F7F,0x7F7F,
   0x7F7F,0x7F7F,0x7F7F,0x7F7F,0x756B,0x5F53,0x463B,0x2D1E,0x1103,0xF6EA,
   0xDFD8,0xD2CD,0xCAC6,0xC4C2,0xC1C1,0xC1C1,0xC2C2,0xC3C2,0xC2C2,0xC2C0,
   0xC1BF,0xBEBB,0xBAB8,0xB5B3,0xB1AF,0xACAA,0xA7A5,0xA3A1,0x9F9E,0x9C9A,
   0x9998,0x9797,0x9696,0x9696,0x9798,0x999A,0x9C9C,0x9EA1,0xA2A4,0xA7A9,
   0xABAE,0xB2B4,0xB7BA,0xBCBF,0xC1C3,0xC7C9,0xCBCE,0xD0D2,0xD4D6,0xD7D9,
   0xDBDB,0xDDDE,0xDEDE,0xE0E0,0xE1E2,0xE2E3,0xE3E4,0xE4E5,0xE6E7,0xE8EA,
   0xECEE,0xF0F3,0xF6F9,0xFBFF,0x0205,0x090C,0x1014,0x181C,0x2025,0x292D,
   0x3136,0x393E,0x4143,0x464A,0x4D4F,0x5355,0x5759,0x5A5B,0x5C5C,0x5B5A,
   0x5B59,0x5856,0x5552,0x504D,0x4C49,0x4745,0x4340,0x3F3F,0x3F3F,0x4143,
   0x454A,0x4E54,0x5A60,0x656C,0x7074,0x7776,0x746F,0x6960,0x564A,0x3D2F,
   0x1F0F,0xFFF1,0xE3D7,0xCCC4,0xBFBD,0xBCBD,0xBFC2,0xC6CB,0xD0D5,0xDBDF,
   0xE3E7,0xE9EA,0xECED,0xECED,0xEDEB,0xEAE8,0xE6E5,0xE2DF,0xDCDB,0xD8D5,
   0xD4D2,0xCFCF,0xCCCB,0xCBCA,0xCAC9,0xC8C9,0xC8C8,0xC9CA,0xCACA,0xCCCE,
   0xCED1,0xD3D3,0xD7D9,0xDADD,0xE1E3,0xE7EA,0xEDF0,0xF5F7,0xFAFE,0x0003,
   0x0608,0x0B0E,0x0F11,0x1313,0x1313,0x1312,0x1110,0x0F0E,0x0C0B,0x0A09,
   0x0806,0x0504,0x0303,0x0203,0x0403,0x0505,0x0609,0x090A,0x0C0D,0x0D0E,
   0x0F11,0x1113,0x1213,0x1514,0x1516,0x1514,0x1313,0x1311,0x110F,0x0E0E,
   0x0D0B,0x0A08,0x0704,0x01FF,0xFCF8,0xF7F2,0xEDEB,0xE5DF,0xDCD7,0xD0CC,
   0xC7C1,0xBCB9,0xB5B3,0xB2B3,0xB4B8,0xBEC6,0xD0DD,0xE9F9,0x0814,0x2027,
   0x2E2F,0x2E29,0x2114,0x05F5,0xE3D1,0xC2B3,0xA39A,0x9593,0x979E,0xA8B3,
   0xC0CC,0xD8E5,0xF2FC,0x050D,0x1316,0x1A1C,0x1D1D,0x1E1C,0x1A1A,0x1916,
   0x1514,0x1312,0x100F,0x0F0F,0x1010,0x1013,0x1315,0x1717,0x1819,0x1819,
   0x1A1A,0x1A1A,0x1B1B,0x1B1D,0x1B1C,0x1C1B,0x1E1F,0x2123,0x2528,0x2B2D,
   0x3134,0x383B,0x3E43,0x474B,0x4F52,0x5658,0x5A5B,0x5C5B,0x5957,0x534F,
   0x4C47,0x413F,0x3934,0x312D,0x2824,0x211D,0x1B1B,0x1718,0x1918,0x181B,
   0x1B1C,0x1D1C,0x1B1A,0x1A17,0x1413,0x0F0C,0x0A06,0x0402,0xFCF8,0xF4EE,
   0xE9E3,0xDED9,0xD5D1,0xCFCC,0xCAC6,0xC3C0,0xBEBC,0xB9B7,0xB6B4,0xB3B2,
   0xB0AD,0xAAA5,0x9F9C,0x9890,0x8B87,0x8080,0x8080,0x8080,0x8080,0x8080,
   0x808A,0xA0B6,0xCDE1,0xF406,0x111B,0x201C,0x160B,0xFDEB,0xD9C4,0xAF9D,
   0x8D84,0x848C,0x9CB4,0xCCE4,0xFA0E,0x202D,0x393E,0x4242,0x4040,0x3D3A,
   0x3733,0x2E29,0x2520,0x1F1E,0x1E1E,0x1E22,0x2223,0x2626,0x282C,0x2D31,
   0x3536,0x3738,0x3534,0x322F,0x2C2B,0x2925,0x2421,0x1C1A,0x150F,0x0C08,
   0x0504,0x0101,0x0000,0x0102,0x0305,0x0A0D,0x1116,0x1D22,0x282E,0x3338,
   0x3E3E,0x4040,0x3D39,0x342B,0x241B,0x1209,0x03FC,0xF5F0,0xEBE6,0xE3E3,
   0xE1E3,0xE7EB,0xF1F8,0x0007,0x0D11,0x1517,0x1718,0x1817,0x1413,0x0E0A,
   0x0801,0xFDFA,0xF4F1,0xEEE9,0xE5DF,0xDAD4,0xD1CC,0xCAC8,0xC6C6,0xC3C2,
   0xBFBE,0xBCBC,0xC1C5,0xCCD6,0xDEE5,0xECF0,0xF2F3,0xF4F4,0xF5F3,0xF2EB,
   0xE2D8,0xCBBB,0xAC9F,0x9394,0x9EB2,0xCEEC,0x0419,0x2833,0x3D44,0x4B51,
   0x5455,0x5349,0x3B27,0x09EA,0xCCBA,0xB9CC,0xF018,0x3E56,0x6B7A,0x7E7D,
   0x776B,0x5F56,0x4D43,0x3B31,0x261B,0x0F0A,0x0603,0x080C,0x1219,0x2129,
   0x313B,0x3E41,0x4546,0x4543,0x3F3C,0x332D,0x2117,0x130E,0x0E0D,0x0D0C,
   0x0905,0xFFF8,0xF2EC,0xE6E1,0xDCD6,0xCEC5,0xBDB3,0xABA6,0xA3A0,0xA2A6,
   0xACB0,0xB7BF,0xC4CB,0xD3DA,0xE2EA,0xF0F2,0xF2EB,0xDFD6,0xC8BB,0xAFA4,
   0x9D97,0x928F,0x8D8A,0x8D91,0x949E,0xAEBB,0xCADC,0xECF9,0x0810,0x1016,
   0x1713,0x1616,0x1312,0x0F0B,0x0705,0xFEF9,0xF5F2,0xF6FE,0x0210,0x181B,
   0x2225,0x292D,0x2F2F,0x2B27,0x1D13,0x0E07,0x0200,0x030B,0x1C32,0x465C,
   0x707C,0x7F7F,0x7F7F,0x7F7F,0x7F7F,0x715D,0x3D0F,0xE5C9,0xC9EA,0x102A,
   0x3437,0x352E,0x281F,0x1B1C,0x2127,0x2C2E,0x2717,0xF7CB,0x9F80,0x8094,
   0xD814,0x3946,0x3F2F,0x15FD,0xE9D7,0xCDC5,0xBBAD,0x9D8F,0x8582,0x858A,
   0x94A2,0xA9B6,0xC9D8,0xE8F8,0x0108,0x04F9,0xEBDA,0xCDBF,0xB5AD,0xA5A4,
   0xABB8,0xC9DC,0xEAF3,0xF9FE,0x050B,0x141C,0x2328,0x292A,0x2722,0x1F17,
   0x0F09,0xFBEF,0xE9E1,0xDDE2,0xEAED,0xEFF5,0xF4FA,0x040C,0x1928,0x3540,
   0x4A4E,0x4C48,0x4238,0x312A,0x2320,0x2222,0x2429,0x2B32,0x3C48,0x5661,
   0x6669,0x6152,0x4333,0x2418,0x1007,0x03FE,0xF1E8,0xE5DC,0xD5D9,0xDFE6,
   0xF3FD,0xFFF7,0xEEE5,0xDDD9,0xD9D9,0xDBE1,0xEE02,0x1822,0x1B0C,0xFEF3,
   0xECE6,0xD9C6,0xAF9D,0x9496,0xA8B9,0xD6F8,0x1832,0x4658,0x5A4B,0x3328,
   0x2B07,0xAF80,0x8098,0xCCCF,0xB8AA,0xB4D4,0x002C,0x423F,0x1FF7,0xCFB7,
   0xB8D0,0xF5FA,0xBF80,0x8088,0x207C,0x7F5E,0x27FB,0xEDFB,0x1A33,0x361F,
   0xFFE4,0xCCBF,0xB6AD,0xA9AC,0xC0DA,0x0028,0x547C,0x7F7F,0x7F4D,0x17F5,
   0xECF2,0x0016,0x2A40,0x545B,0x5336,0x0FEE,0xD9D6,0xD7D9,0xE3EB,0xEE00,
   0x0A11,0x2631,0x373A,0x3C3B,0x3A39,0x352C,0x2515,0x0601,0x02FE,0xF7EB,
   0xDBD8,0xE3FC,0x0D18,0x1913,0x0F14,0x1E26,0x1F09,0xEBC9,0xB1AB,0xB5CA,
   0xD4D1,0xC2B2,0xACB7,0xC7DA,0xE8F0,0xF1EF,0xF400,0x0506,0xFDE2,0xCCBD,
   0xB9BE,0xCCD9,0xE8FA,0x0607,0x01F2,0xEAE4,0xEE00,0x1022,0x3A4C,0x6176,
   0x6F3B,0xFF00,0x3871,0x7F72,0x3F07,0xCFB1,0x99B0,0xD6F8,0x101A,0x1E1A,
   0x13E7,0xBA93,0x86F0,0x687F,0x6B2B,0xF7E3,0xE2EA,0xF2F7,0xF1DF,0xC5AB,
   0xA1A5,0xD420,0x5C7F,0x7FC2,0x1AF5,0xE8FA,0xFE00,0x0000,0x0000,0x0000,
   0x0000,0x0000,0x0000,0x0000,0x0000,0x0000,0x0000,0x0000,0x0000,0x0000,
},

right[]=
{
   0x0000,0x0000,0x0000,0x29BC,0x3853,0x5658,0x5648,0x4452,0x0000,0x0014,
   0x0000,0x295C,0x0000,0x0000,0x0000,0x0020,0x20AB,0x0100,0x0001,0x0000,
   0x4E41,0x4D45,0x0000,0x0014,0x616C,0x6C72,0x6967,0x6874,0x0000,0x0000,
   0x0000,0x0000,0x0000,0x0000,0x414E,0x4E4F,0x0000,0x0014,0x4175,0x6469,
   0x6F20,0x4D61,0x7374,0x6572,0x0000,0x0000,0x0000,0x0000,0x424F,0x4459,
   0x0000,0x295C,0x0708,0x0708,0x0808,0x0809,0x0A07,0x0907,0x0808,0x0808,
   0x0909,0x0706,0x0908,0x0808,0x0809,0x0A09,0x0609,0x0809,0x0808,0x090A,
   0x0906,0x0908,0x0808,0x090A,0x0A09,0x0609,0x0808,0x0808,0x0907,0x0907,
   0x0808,0x0809,0x080A,0x0709,0x0708,0x0808,0x0809,0x0907,0x0709,0x0809,
   0x0808,0x0A0A,0x0906,0x0908,0x0909,0x090A,0x0A09,0x0609,0x0808,0x0808,
   0x0909,0x0809,0x0808,0x0909,0x090A,0x0708,0x0708,0x0708,0x0808,0x0A07,
   0x0807,0x0809,0x0808,0x080A,0x0708,0x0908,0x0808,0x080A,0x0A07,0x0609,
   0x0808,0x0808,0x0A09,0x0906,0x0808,0x0808,0x0909,0x0A09,0x0608,0x0808,
   0x0808,0x0A07,0x0809,0x0808,0x0809,0x090A,0x0708,0x0908,0x0808,0x0808,
   0x0A09,0x0807,0x0808,0x0909,0x0A0A,0x0706,0x0908,0x0808,0x080A,0x0709,
   0x0709,0x0808,0x0808,0x0907,0x0906,0x0808,0x0808,0x0809,0x0705,0x0608,
   0x0809,0x0809,0x0A07,0x0809,0x0808,0x0809,0x080A,0x0708,0x0908,0x0908,
   0x0809,0x0A09,0x0709,0x0808,0x0808,0x0907,0x0807,0x0808,0x0908,0x0809,
   0x0709,0x0709,0x0808,0x0808,0x0807,0x0907,0x0808,0x0908,0x090A,0x0707,
   0x0908,0x0808,0x0909,0x0A07,0x0907,0x0808,0x0809,0x0A0A,0x0906,0x0808,
   0x0908,0x090A,0x0709,0x0609,0x0809,0x0909,0x0A07,0x0806,0x0808,0x0808,
   0x080A,0x0707,0x0608,0x0809,0x080A,0x0A07,0x0809,0x0808,0x0808,0x0A0A,
   0x0708,0x0908,0x0808,0x0808,0x0909,0x0608,0x0608,0x0909,0x090A,0x0906,
   0x0908,0x0809,0x090A,0x0708,0x0708,0x0607,0x0808,0x0807,0x0606,0x0807,
   0x0708,0x0808,0x0705,0x0305,0x0708,0x0808,0x0807,0x0809,0x0809,0x0909,
   0x0B0C,0x0B07,0x090A,0x0A0A,0x0A0A,0x0B08,0x0709,0x0608,0x0809,0x0807,
   0x0806,0x0506,0x0504,0x0404,0x0301,0x0305,0x080C,0x0D10,0x1317,0x1C1F,
   0x2229,0x2A28,0x1E10,0xF7E4,0xD3D4,0xDDEB,0xF904,0x0703,0xFEF9,0xF4F0,
   0xF4F9,0x060F,0x1517,0x1918,0x1716,0x1616,0x1719,0x171B,0x2021,0x2424,
   0x2623,0x1F1B,0x1408,0x01FF,0xF8F6,0xE7DC,0xD3D4,0xE2EC,0xF5FA,0xF4EA,
   0xE9E9,0xF4FE,0x0710,0x1418,0x1F26,0x2B2C,0x2621,0x1D1E,0x2325,0x2731,
   0x3024,0x2014,0xE8C0,0xBBC3,0xDDF8,0x0911,0x1006,0x00F4,0xEEE5,0xE7EC,
   0xFB0B,0x1B23,0x2420,0x1817,0x1916,0x1616,0x171C,0x232E,0x3443,0x4838,
   0x2E20,0xF0C1,0xAFB1,0xC7E3,0xFD0F,0x0D08,0x01F0,0xE8E0,0xE2E8,0xF708,
   0x1729,0x2A24,0x1C14,0x110F,0x141E,0x2128,0x292E,0x3E42,0x2F28,0x1BF4,
   0xCAC4,0xC5D3,0xE7F7,0xFE03,0x00F6,0xEAE5,0xE0DF,0xEBFC,0x071A,0x2327,
   0x281F,0x150F,0x0E11,0x171E,0x2224,0x2F43,0x4336,0x2D18,0xECD0,0xC4D2,
   0xD7ED,0xF6F9,0x00F4,0xF5F3,0xECEF,0xEFF7,0x0811,0x181E,0x1F1E,0x170D,
   0x1312,0x161F,0x242B,0x3B43,0x4031,0x2A10,0xF0D8,0xCFD7,0xDBE6,0xE5EC,
   0xEBE6,0xE7E6,0xE7F0,0xF3FD,0x0A11,0x181C,0x1B1E,0x1D22,0x2426,0x2828,
   0x262F,0x3F39,0x322C,0x18F4,0xDCCC,0xCFD7,0xDFE9,0xECED,0xE8EA,0xECE9,
   0xEBF2,0xFB0A,0x171C,0x1F1F,0x1B18,0x1619,0x1C25,0x2E36,0x3F4F,0x493A,
   0x2C0C,0xE8D4,0xC5CF,0xD7E9,0xF2F4,0xF3F0,0xE8E8,0xE4E7,0xF1F9,0x0919,
   0x1E28,0x261F,0x1A0F,0x1110,0x161D,0x2C47,0x4F43,0x3620,0xF4D8,0xCDD4,
   0xDFEB,0xF1F6,0xF8FC,0xF2F0,0xE9E7,0xEFF3,0x0215,0x2226,0x2620,0x1810,
   0x0C06,0x050C,0x1F33,0x3F42,0x371C,0x00E0,0xD9DF,0xE7F4,0xF4F3,0xF5F5,
   0xF4F9,0xF8F9,0xFCFF,0x0B12,0x1D2A,0x2A24,0x2018,0x130F,0x0E11,0x1F29,
   0x3028,0x16FC,0xE9E2,0xDDE2,0xE2E6,0xEAEF,0xF701,0x0309,0x0A08,0x0004,
   0x0F1D,0x2932,0x3130,0x2A24,0x1A16,0x131D,0x1D1C,0x10F8,0xE2D2,0xCFD1,
   0xD6DD,0xE8EA,0xF0F1,0xF7FB,0x0306,0x1114,0x1B20,0x2527,0x2D2B,0x3230,
   0x3533,0x2F30,0x3226,0x1803,0xE4D4,0xC8C9,0xD4D9,0xDBDD,0xE3E6,0xE8ED,
   0xF4F8,0xFF07,0x0F1B,0x282E,0x3436,0x342F,0x2826,0x2934,0x4742,0x3928,
   0x04E8,0xCCC5,0xC4CA,0xCDD8,0xDEE6,0xE3E6,0xE1E3,0xEBF6,0x071B,0x2B34,
   0x373D,0x3C36,0x3030,0x2F33,0x4441,0x3825,0x0AEC,0xD9CF,0xD1CF,0xD3D8,
   0xD9DA,0xDDDF,0xDFDF,0xE6ED,0xFE11,0x222F,0x3433,0x2D2E,0x3134,0x3B41,
   0x524E,0x452D,0x12F0,0xD6C8,0xCDD3,0xDBE7,0xECEE,0xE9E6,0xE2E2,0xE4EC,
   0xF70C,0x1B2A,0x3030,0x2D2E,0x2E30,0x2F3B,0x4444,0x3A24,0x10F3,0xDFCE,
   0xD1D0,0xD7D9,0xDFE7,0xE7E9,0xE6E9,0xF0FA,0x0713,0x252C,0x3130,0x2B2C,
   0x2B2C,0x3446,0x4540,0x3014,0xF8E0,0xD2CD,0xCFDF,0xE0E1,0xE2E3,0xE0DC,
   0xDEE6,0xF304,0x1328,0x3535,0x302A,0x2627,0x2E39,0x4850,0x4A38,0x1C00,
   0xE1D6,0xD1D8,0xDBE0,0xDAD8,0xCFD0,0xCBD9,0xDFEF,0xFE15,0x2737,0x3D3A,
   0x342A,0x2427,0x3143,0x554F,0x432C,0x0CE8,0xD6CE,0xD3D7,0xDDE7,0xE0D8,
   0xCBC2,0xC6CF,0xDFF6,0x0B26,0x3B40,0x443C,0x322B,0x2629,0x3A4B,0x4E44,
   0x3012,0xF0DE,0xD1D7,0xE2EE,0xF2EE,0xDFCC,0xC1BA,0xBECF,0xE4FF,0x1F37,
   0x454A,0x4036,0x2D28,0x2C36,0x4747,0x4334,0x1800,0xE0CC,0xCFD3,0xE2F1,
   0xFAF9,0xEAD8,0xC8BC,0xBFCE,0xE1FF,0x213B,0x4D50,0x4738,0x2B2C,0x3247,
   0x4C48,0x381C,0x00E6,0xD4D2,0xD5DF,0xECEE,0xEDE9,0xE2D5,0xCAC5,0xD0E6,
   0xFF19,0x2F3F,0x4038,0x3332,0x3443,0x5354,0x432C,0x12FA,0xE9DF,0xDFDF,
   0xE7F0,0xF0EC,0xE6D8,0xCCC3,0xC8D6,0xE903,0x1C2F,0x3936,0x2F2C,0x272D,
   0x3F56,0x5848,0x3008,0xECDB,0xD6E3,0xECF5,0xFCFC,0xFAED,0xE1D0,0xC6C4,
   0xD1E5,0xFF1B,0x2E33,0x3430,0x2826,0x2F3F,0x4D52,0x4128,0x04EC,0xDADC,
   0xE3ED,0xF7F9,0xFCF7,0xF0E2,0xD8D3,0xD5DB,0xF10B,0x2230,0x302C,0x241C,
   0x1921,0x374A,0x4A44,0x2810,0xECDB,0xD6DE,0xE9F3,0xFAFB,0xF6EC,0xE9DE,
   0xDCD8,0xE1F3,0x071B,0x2E35,0x342C,0x2520,0x222F,0x4342,0x3822,0x06F4,
   0xE2DF,0xE7ED,0xF3F1,0xEFF0,0xE8E4,0xDCD7,0xD9E3,0xF007,0x1F2F,0x322E,
   0x2820,0x1D22,0x3345,0x443C,0x290B,0xF4E1,0xDEE7,0xF3FB,0xFCFB,0xF0E6,
   0xDBD8,0xDADB,0xE3F3,0xFF13,0x2229,0x2C27,0x2222,0x242F,0x3D47,0x4838,
   0x19F8,0xE2DA,0xDFED,0xFB02,0x04F5,0xF0E2,0xDCD3,0xD4DB,0xECFD,0x1321,
   0x2D2D,0x231E,0x1918,0x2027,0x3F48,0x4738,0x2000,0xE4D8,0xE1F0,0xF8FF,
   0xFBF6,0xE8E0,0xDAD5,0xD9DF,0xF1FD,0x111F,0x282B,0x2820,0x1E1F,0x2427,
   0x3A43,0x4438,0x2000,0xE7E4,0xE9F4,0xF5FB,0xF6F0,0xE6D9,0xD6D1,0xD6E0,
   0xEDFF,0x111F,0x1F26,0x211E,0x2022,0x282D,0x3B49,0x4B40,0x2C14,0xF4E8,
   0xDFE3,0xECF3,0xF4F0,0xEBE0,0xD4D2,0xD1DD,0xE3F4,0x0413,0x2026,0x2727,
   0x2523,0x2027,0x2D3D,0x494E,0x4632,0x17F8,0xE8E3,0xE6EA,0xEEE8,0xE2D1,
   0xCEC9,0xD3DA,0xE9F3,0xFF06,0x111D,0x2528,0x2929,0x2725,0x2B31,0x3E4F,
   0x5250,0x4020,0x04E9,0xDCDC,0xDCE0,0xDCD2,0xCBC6,0xC9D2,0xDBE7,0xF3FF,
   0x0B13,0x1F29,0x2C2C,0x2C2A,0x2F2F,0x3336,0x4151,0x5148,0x381C,0xFCDB,
   0xCAC1,0xBEC4,0xC8CF,0xD6D3,0xD4D7,0xE0EB,0xF6FF,0x0D17,0x232D,0x333C,
   0x3B37,0x3734,0x3633,0x3643,0x444A,0x3820,0x00D8,0xB9A7,0xB1B7,0xCAD6,
   0xDDE0,0xE5E9,0xECE9,0xF1F7,0x0513,0x273D,0x4849,0x413C,0x3430,0x2A2A,
   0x2725,0x2F2E,0x3224,0x10F4,0xCEB6,0xA7AB,0xBCCF,0xE5EE,0xF4F7,0xF3F1,
   0xF3F9,0x050F,0x1D2D,0x3B3F,0x4541,0x3829,0x241C,0x160F,0x0906,0x0D16,
   0x1F21,0x1400,0xD7C0,0xB3B4,0xC2DB,0xEF09,0x1215,0x0F0F,0x0E0C,0x0C0F,
   0x121A,0x232D,0x3B38,0x301C,0x08F2,0xE8E3,0xEDF9,0x081E,0x2B39,0x3428,
   0x08E6,0xD0C4,0xCFE0,0xF817,0x2327,0x2211,0x04F9,0xFBFF,0x0C15,0x1916,
   0x1002,0xF4E8,0xE4E6,0xEDFC,0x0714,0x1B1D,0x2530,0x3A47,0x453E,0x2816,
   0x00E8,0xE1DF,0xE3E9,0xF1FF,0x0C13,0x1812,0x06EB,0xDCD0,0xCED6,0xE1EF,
   0xFBFF,0x0C14,0x1B24,0x2728,0x2A2C,0x2F3D,0x4E59,0x5F58,0x4020,0xF4D1,
   0xCCC2,0xC9D2,0xDBEB,0xECEE,0xEFE9,0xEBE8,0xE2E6,0xE6F1,0xFB03,0x0F19,
   0x1E27,0x2B31,0x3837,0x3732,0x3130,0x2F31,0x3C3F,0x4334,0x16F1,0xC8A8,
   0x999F,0xB6C7,0xDBEB,0xF5FF,0x080A,0x1515,0x1310,0x0A0E,0x121C,0x2020,
   0x1F17,0x0F13,0x161E,0x2221,0x221E,0x1714,0x131A,0x2326,0x2004,0xEAD1,
   0xC4C1,0xCEE5,0xF3FF,0x060B,0x080E,0x0F18,0x1C1A,0x1009,0xFFFB,0xFBF9,
   0xFCFF,0x0004,0x0E0F,0x1316,0x151A,0x191C,0x212A,0x333F,0x4A48,0x3A25,
   0x08E0,0xCEC1,0xC1C9,0xD0DD,0xE1EB,0xF2FA,0x0106,0x0908,0x0702,0x0000,
   0xFFFD,0x0203,0x0A13,0x212C,0x373D,0x3B3E,0x3530,0x2820,0x1E1F,0x2729,
   0x2218,0x00D8,0xB4A6,0x9FB7,0xC5DB,0xEEF3,0xFDFE,0xFF0A,0x1314,0x1914,
   0x171A,0x1F26,0x2A2B,0x2829,0x2420,0x1C18,0x0C06,0xFBF4,0xF5F7,0x010B,
   0x131E,0x272F,0x2A20,0x10EC,0xD9C8,0xC4D1,0xDDEB,0xF900,0x0708,0x090F,
   0x1515,0x1311,0x100C,0x0E10,0x0F0B,0x0D09,0x0806,0x0605,0x0402,0x0204,
   0x0914,0x1B22,0x282C,0x373B,0x4749,0x4028,0x04E0,0xBCAF,0xB3B7,0xCDD7,
   0xE7F3,0xFAFF,0x070D,0x130C,0x0B0F,0x0F17,0x1A17,0x1810,0x0909,0x0A10,
   0x1418,0x1714,0x1314,0x1820,0x2228,0x2B2B,0x3035,0x342A,0x1900,0xE8CF,
   0xBBB6,0xB5BE,0xCFDB,0xE9F6,0xFB05,0x060D,0x1417,0x1C1A,0x1717,0x1512,
   0x1010,0x1210,0x110F,0x110D,0x0F12,0x171D,0x2429,0x2C2E,0x2D33,0x3839,
   0x3424,0x14F8,0xD9C2,0xB3B2,0xB7C0,0xC8CF,0xD6DB,0xE6F1,0xFC0B,0x141B,
   0x1F27,0x2B2E,0x3134,0x302C,0x2A27,0x231D,0x130D,0x0400,0x0209,0x171F,
   0x2527,0x201E,0x1B18,0x190F,0x03F4,0xD9C4,0xB8B3,0xBBCB,0xD7E3,0xECF1,
   0xF803,0x0E14,0x1D22,0x2527,0x3136,0x3F3E,0x3B34,0x2719,0x0A00,0xF2E8,
   0xE1E0,0xE9F5,0x0516,0x2127,0x2520,0x1A1F,0x2328,0x291E,0x10F4,0xDAC8,
   0xC0BF,0xC0CB,0xD0DB,0xE6F3,0xFF0F,0x1F27,0x3336,0x3A3E,0x3B38,0x2F20,
   0x1405,0xFCF6,0xF0EE,0xECEF,0xEFF6,0x010E,0x1D25,0x2A2A,0x251C,0x171D,
   0x1E20,0x1A08,0xF8DA,0xCBC1,0xC1D3,0xDBE9,0xF0F4,0xF904,0x0B1A,0x272D,
   0x3434,0x2F30,0x2621,0x1408,0xF8EC,0xE8E7,0xEBF6,0xFB02,0x0202,0x0710,
   0x171F,0x2629,0x2A2A,0x2829,0x2A27,0x2013,0x01EC,0xDCD1,0xCECF,0xD7DC,
   0xE1E5,0xF2FA,0x0513,0x1B1F,0x2423,0x2625,0x2120,0x180F,0x0700,0xF9F8,
   0xF8FC,0xFC01,0x0305,0x0C11,0x1A20,0x2529,0x2A27,0x2322,0x2122,0x211B,
   0x1000,0xE7D4,0xCEC9,0xCFD6,0xE0E7,0xEFF7,0x0107,0x1116,0x181C,0x1C22,
   0x2321,0x2014,0x07FA,0xF2EE,0xEFF3,0xF701,0x060E,0x131C,0x242D,0x3136,
   0x312A,0x2014,0x0A07,0x070B,0x1214,0x1206,0xF6EA,0xE4E1,0xDFE2,0xDCD6,
   0xD3D6,0xDFF7,0x071C,0x2326,0x2A26,0x2220,0x1A13,0x0801,0xFAF9,0xFB04,
   0x0A0E,0x1114,0x151A,0x1E20,0x201A,0x1611,0x1214,0x1B23,0x2A30,0x2E27,
   0x1B0A,0xF8E2,0xD4CC,0xC8CB,0xCFD1,0xDBE4,0xEAF6,0xFF0C,0x161B,0x1B1B,
   0x1814,0x1410,0x0C09,0x00FD,0xFBFE,0x0B12,0x181C,0x1D19,0x1A1B,0x242D,
   0x3132,0x2C26,0x1D1C,0x1D20,0x2422,0x180E,0xF9E3,0xD3C1,0xC0BF,0xC1C8,
   0xCED3,0xDDE7,0xF507,0x0F14,0x140F,0x0F0D,0x1116,0x1C1F,0x201C,0x1A17,
   0x1517,0x1617,0x1515,0x191E,0x2326,0x2924,0x201A,0x1718,0x171D,0x1E1B,
   0x1610,0x08F8,0xECE0,0xD1CA,0xC4C4,0xC7C9,0xD0D6,0xDDE5,0xEFF9,0x040E,
   0x171F,0x1F27,0x2D2B,0x2E2B,0x2620,0x1C1C,0x1915,0x1510,0x100E,0x1012,
   0x171B,0x2223,0x2424,0x2420,0x1F1D,0x1812,0x0B06,0x00F8,0xE8DE,0xCFC9,
   0xC3C1,0xC7C9,0xCFD0,0xD7DF,0xEDFB,0x0D1E,0x2932,0x393C,0x3B39,0x3224,
   0x1C10,0x0804,0x0307,0x0509,0x0A0B,0x0F17,0x1F27,0x2B2A,0x2920,0x1C1B,
   0x1C1E,0x1F1B,0x1610,0x0800,0xECE0,0xD2C7,0xC1C2,0xC4C6,0xC9D0,0xD4DF,
   0xEBFC,0x0B19,0x262D,0x3435,0x3733,0x2C23,0x180C,0x0600,0xFE01,0x0305,
   0x0B14,0x1F28,0x3137,0x3733,0x2C23,0x201D,0x1C18,0x150F,0x0906,0x01F8,
   0xF1E4,0xD8D4,0xCCC8,0xC9C8,0xC8CA,0xD0DC,0xEAFB,0x0916,0x1D26,0x2C2B,
   0x302A,0x251B,0x130D,0x0B0E,0x1015,0x1713,0x1417,0x1C23,0x2930,0x302F,
   0x2B24,0x201C,0x1A18,0x1514,0x0F0B,0x0601,0xF8EA,0xE0D4,0xCCC5,0xBDBB,
   0xBCC0,0xC7D3,0xE2EF,0xFF0F,0x1721,0x292A,0x2C29,0x2520,0x1813,0x1012,
   0x1317,0x181A,0x1B1D,0x2124,0x2828,0x2929,0x2723,0x221D,0x1C1B,0x1716,
   0x140F,0x0B06,0xFDF4,0xE6D9,0xD0C6,0xBFBB,0xB6B9,0xC2CA,0xDAE7,0xF4FF,
   0x0D13,0x2026,0x2828,0x231F,0x1718,0x1B1C,0x1B20,0x2123,0x2827,0x2823,
   0x2421,0x2122,0x2627,0x2725,0x2526,0x2826,0x2019,0x0F04,0xF4E9,0xDCD2,
   0xC2BC,0xB4AF,0xB9B7,0xC1CA,0xCDD9,0xE1EC,0xF707,0x131D,0x2328,0x2E30,
   0x2F33,0x2F2B,0x2A26,0x2323,0x201F,0x1F1C,0x1B20,0x262C,0x3031,0x2F2D,
   0x2725,0x2019,0x130C,0x06FF,0xF8EE,0xE5D8,0xD0C9,0xC4BE,0xB7B8,0xB6BC,
   0xC2CB,0xD7E4,0xEFFF,0x0C1B,0x2632,0x383B,0x3C3A,0x362D,0x2B24,0x211E,
   0x1C1D,0x1F23,0x262B,0x3032,0x3230,0x2C27,0x211C,0x1510,0x0B08,0x0400,
   0xFBF3,0xEEE5,0xDCD4,0xCAC4,0xBEBB,0xB8B6,0xB9BF,0xCED9,0xEBF9,0x0714,
   0x1B28,0x3238,0x3838,0x3531,0x2D2A,0x2827,0x2526,0x282B,0x2B2C,0x2929,
   0x2926,0x221F,0x1C18,0x1010,0x0C0A,0x0908,0x07FF,0xF9F2,0xE8E0,0xD9D0,
   0xC8C4,0xBEB9,0xBABC,0xC4CD,0xD5E1,0xEFFB,0x0913,0x212B,0x3135,0x3537,
   0x3738,0x3738,0x3834,0x302C,0x2823,0x1D1B,0x1C1B,0x1918,0x191A,0x1715,
   0x1318,0x1312,0x0D09,0x0700,0xFAF3,0xEEE8,0xE0D1,0xCAC6,0xC0BB,0xB9BD,
   0xC0C6,0xD0DC,0xE7F5,0x0615,0x232F,0x3942,0x4645,0x4441,0x3A37,0x322C,
   0x281F,0x1B19,0x191C,0x2021,0x2220,0x1F1F,0x1C1B,0x1611,0x0C07,0x04FF,
   0xF9F6,0xF5F0,0xEAE2,0xDAD4,0xC9C1,0xBEB8,0xB6B8,0xBFCB,0xD6E1,0xEFFF,
   0x1123,0x333C,0x4447,0x4744,0x3B38,0x322C,0x2826,0x2220,0x1C1B,0x2020,
   0x2121,0x211F,0x1B18,0x1514,0x1310,0x0A0A,0x0703,0x02FC,0xF8F0,0xE8E0,
   0xDACF,0xC9C2,0xB8B6,0xB5B7,0xBFCE,0xD7E5,0xF201,0x121F,0x2C38,0x4247,
   0x4345,0x4542,0x3B38,0x3029,0x231D,0x191A,0x1816,0x1819,0x1A17,0x1413,
   0x1413,0x1412,0x100F,0x0B06,0x0500,0xF9F4,0xF0E8,0xE4D8,0xCAC0,0xB6B4,
   0xB4BC,0xC6CF,0xD8E3,0xEF03,0x1727,0x343E,0x4545,0x4644,0x4440,0x3830,
   0x261F,0x1C17,0x1412,0x1212,0x181C,0x1B1E,0x1B16,0x1618,0x1817,0x0F0B,
   0x0708,0x0804,0xFAF2,0xECE5,0xDDD6,0xCCC2,0xBBB7,0xB7BC,0xBFC8,0xD6E5,
   0xF707,0x1929,0x363F,0x4443,0x4440,0x3C34,0x2E25,0x1B15,0x1312,0x1314,
   0x1516,0x1A1B,0x1D23,0x2220,0x1D1C,0x1C19,0x1312,0x0B08,0x0401,0xFAF4,
   0xEDE3,0xDBD5,0xCCC4,0xBCB8,0xBABD,0xC8D3,0xD9E6,0xF3FF,0x101F,0x2F35,
   0x3B3C,0x3B3B,0x3934,0x2D23,0x1C17,0x1416,0x1614,0x1517,0x171E,0x2322,
   0x2120,0x201F,0x1F1D,0x1711,0x0C07,0x0402,0xFAF2,0xE9E3,0xDCD6,0xD0C8,
   0xC2C0,0xBFC4,0xCBD4,0xDEEA,0xF5FF,0x0F1B,0x2933,0x383A,0x3B3B,0x3A34,
   0x2B24,0x1B18,0x1614,0x1312,0x0F13,0x1419,0x1C20,0x2020,0x1F20,0x1B1E,
   0x1912,0x0E0D,0x0B04,0xFDF3,0xEEE5,0xE0D8,0xD0C5,0xC4BF,0xC4C6,0xC8CF,
   0xDBE5,0xF2FF,0x0F19,0x272D,0x3236,0x3836,0x332B,0x2421,0x1C19,0x1814,
   0x140F,0x1317,0x1B20,0x2222,0x2224,0x2321,0x2219,0x1613,0x110D,0x0A05,
   0xFBF7,0xF1EC,0xE5DD,0xD8D5,0xD1C8,0xC3C4,0xC6CB,0xD7E6,0xEFF7,0x040B,
   0x1823,0x2D31,0x3333,0x322C,0x2324,0x211C,0x1818,0x1817,0x171B,0x1E21,
   0x2222,0x2221,0x1F1E,0x1B1A,0x1714,0x100D,0x0705,0xFBF8,0xF6F1,0xEAE0,
   0xDAD5,0xCDCA,0xC8C7,0xCBCF,0xDBDF,0xE7ED,0xF909,0x1722,0x2B30,0x2F30,
   0x2F31,0x2E2C,0x2621,0x1E1E,0x1B16,0x1918,0x1B1E,0x1D1F,0x231F,0x1E20,
   0x1C19,0x1614,0x120E,0x0906,0x01FC,0xF6F1,0xECE4,0xDBD5,0xD2CD,0xC8C4,
   0xC1C4,0xCED7,0xDFEE,0xF506,0x131F,0x2A2F,0x312F,0x3334,0x312E,0x2824,
   0x1F1E,0x1719,0x1617,0x181D,0x1F20,0x1B22,0x211E,0x1B1B,0x1C18,0x0F0B,
   0x0C09,0x0400,0xF8F0,0xE8E2,0xDCD2,0xC9C6,0xC2C0,0xC7CB,0xD1DD,0xE7EE,
   0xF80B,0x1721,0x2C31,0x3433,0x3433,0x302C,0x2A25,0x1F22,0x1C18,0x1719,
   0x1C1E,0x211B,0x1E1D,0x1A1A,0x1B1D,0x1C17,0x1110,0x0906,0x00F8,0xF5EE,
   0xE1DC,0xD9D0,0xC8C1,0xC0BC,0xBFC7,0xD3D9,0xE5F2,0xFE0E,0x181F,0x272F,
   0x3738,0x3A36,0x3230,0x2C29,0x2419,0x1A1B,0x1C1C,0x1B1F,0x1F1E,0x1D1C,
   0x1F23,0x221E,0x1D15,0x100C,0x0807,0x00F8,0xF1E7,0xDDD3,0xD0C8,0xBCB4,
   0xB4BC,0xBFC5,0xD1DC,0xE9F9,0x0D1B,0x262F,0x3439,0x3C41,0x4038,0x3432,
   0x2B22,0x211C,0x1818,0x1619,0x1719,0x1E1F,0x1E21,0x2829,0x2421,0x1912,
   0x100A,0x0500,0xF4EA,0xE0D8,0xCBC1,0xBAB2,0xB3B4,0xB9BF,0xC8D1,0xDDEF,
   0xFF14,0x242E,0x3137,0x3B46,0x4840,0x3832,0x2F27,0x2620,0x1415,0x1A1F,
   0x1F21,0x1F22,0x2126,0x2925,0x2322,0x1D18,0x1610,0x0A01,0xF4EC,0xDFD7,
   0xCCC0,0xB0AD,0xACAC,0xB2BA,0xBFCC,0xDBEE,0xFF0D,0x1C2B,0x343B,0x4143,
   0x4040,0x3C36,0x302A,0x1F1E,0x1918,0x1A1E,0x2325,0x241F,0x2028,0x2925,
   0x2422,0x1E1F,0x1911,0x0500,0xF4E8,0xDAD2,0xBFAC,0xA7A1,0xA3A7,0xB3BC,
   0xC2CF,0xDFF3,0x091B,0x2830,0x373F,0x3F45,0x433C,0x3431,0x2D25,0x1F1B,
   0x1E21,0x2427,0x292A,0x2C2F,0x332E,0x2B28,0x2924,0x2018,0x0E03,0xFBE9,
   0xDCD0,0xC0AC,0xA79F,0xA4A3,0xACB4,0xB7C5,0xDBEF,0xFF0D,0x1B24,0x333F,
   0x403C,0x3B37,0x2F2B,0x2822,0x2021,0x272D,0x2F2E,0x2D32,0x373A,0x3B39,
   0x372F,0x2E29,0x251D,0x1000,0xF4E6,0xD8C2,0xB0A3,0xA09A,0xA0A6,0xABB5,
   0xC3D5,0xE6F7,0x0612,0x1F27,0x292B,0x2828,0x2423,0x221F,0x1F1D,0x232A,
   0x3136,0x363C,0x4649,0x4649,0x4C44,0x4342,0x3E2F,0x2112,0x00E8,0xD8C4,
   0xB09F,0xA098,0x939C,0xA5AF,0xBFD5,0xE7F6,0xFF0F,0x161E,0x2522,0x1D17,
   0x120D,0x0A08,0x0C12,0x1820,0x2B33,0x3C43,0x4C53,0x5259,0x5F5D,0x5B56,
   0x482E,0x2919,0x00E6,0xD0B4,0xA6A3,0xA69B,0xA3AF,0xBFC7,0xD3DF,0xEDFF,
   0x0C10,0x1012,0x1714,0x1000,0xF9FB,0xFDFF,0x060B,0x0D1B,0x2632,0x3843,
   0x4B4F,0x5B64,0x6568,0x6154,0x442C,0x1500,0xE4D5,0xC2B3,0xB2AC,0xB4B7,
   0xBBCF,0xDDE8,0xF300,0x030A,0x0F0B,0x0E05,0x03F8,0xF2F3,0xEEF0,0xF503,
   0x0912,0x1B21,0x252F,0x3D44,0x4B50,0x5660,0x5A44,0x3F30,0x14F8,0xE0CD,
   0xB7BB,0xCFCF,0xD1DE,0xE1EA,0xFF0E,0x0800,0x0D0B,0x0A09,0x0600,0x0303,
   0xFAF5,0xF9F7,0xF5FA,0x0004,0x101A,0x2129,0x3340,0x4A51,0x5449,0x4431,
   0x1D08,0xE0C0,0xB6A6,0xA5B8,0xC3D4,0xEBFF,0x0B1F,0x3830,0x2627,0x281B,
   0x1612,0x0F10,0x0D07,0x0103,0x01FA,0x0302,0x040F,0x1713,0x172D,0x343B,
   0x4A45,0x362B,0x2800,0xD9C8,0xA898,0x9FAF,0xB0BF,0xE0E9,0xFA0E,0x1818,
   0x2627,0x1C27,0x3433,0x3633,0x352F,0x2B22,0x1316,0x130E,0x1010,0x0F17,
   0x2221,0x2A3F,0x4031,0x2D27,0x10EA,0xD0B4,0xA5B0,0xA09F,0xB7CF,0xD3D5,
   0xDADF,0xF2F8,0xEFF7,0x0F1B,0x202F,0x3C3C,0x4445,0x4344,0x3B38,0x3432,
   0x3130,0x2C30,0x3435,0x4047,0x3825,0x2007,0xE8D2,0xAF9F,0xACB0,0xB3BF,
   0xCFE8,0xD8D1,0xD8D3,0xD4E2,0xEBF0,0x0013,0x181F,0x2623,0x272A,0x2B2D,
   0x333C,0x4244,0x4445,0x3B3E,0x444B,0x4C49,0x4030,0x28F0,0xEFE2,0xA9BA,
   0xB0AF,0xBFC8,0xD7CF,0xCFD4,0xD8D0,0xD4EC,0xE9FF,0x0D0A,0x1118,0x1113,
   0x1617,0x2329,0x3341,0x4443,0x4038,0x3B3B,0x4550,0x403C,0x3330,0x10FB,
   0xD0C8,0xE1B0,0xC2E0,0xD7E4,0xE0D3,0xD4D5,0xCCD7,0xE7ED,0xFF07,0x0B17,
   0x1808,0x0F10,0x1628,0x2F43,0x4B45,0x4240,0x3331,0x3837,0x3D2F,0x1C1E,
   0x08E7,0xF0C8,0xBEBF,0xCFE0,0xD4C7,0xDBE4,0xDCD1,0xD7E7,0x0000,0x031F,
   0x2420,0x110F,0x1B10,0x091F,0x3745,0x4E53,0x5651,0x4445,0x4648,0x3C2D,
   0x2906,0x00D2,0xC0A0,0xB3D7,0xB7CB,0xDECB,0xC3D0,0xBCB8,0xCCD7,0xE5F3,
   0x0A17,0x2327,0x241A,0x1F1D,0x233C,0x4755,0x6460,0x595B,0x4C47,0x5E54,
   0x453F,0x2C00,0xD0CA,0xBFA8,0x93D7,0xD8D2,0xE4C8,0xBFB4,0xB0AD,0xBFCB,
   0xEAF3,0xF50B,0x1002,0x0002,0x0C1D,0x2F45,0x5F62,0x6B6A,0x626C,0x6773,
   0x7D70,0x4A3F,0x2810,0xC8A7,0xBFBC,0xC0B4,0xC7E7,0xE8C0,0xA7AD,0xB6B9,
   0xB8C7,0xEBFE,0x000B,0x0B0B,0xF8FA,0x0B15,0x2F3F,0x5359,0x5658,0x5859,
   0x6D70,0x5F79,0x6039,0x18EE,0xDCCF,0xCCD8,0xDFD5,0xD3D8,0xC0AF,0xA8AF,
   0xC0C3,0xC6DB,0xEEFB,0x00F5,0x06FC,0xFB07,0x192D,0x474D,0x585C,0x6453,
   0x5E60,0x4A55,0x4438,0x3603,0xD8E0,0xDFFF,0x00E3,0xF8E9,0xBDBC,0xA0AF,
   0xCCC9,0xD4E7,0xEAE7,0xF4EB,0xF6FF,0x0405,0x172B,0x3837,0x4552,0x5C50,
   0x4B60,0x4E40,0x363D,0x10E7,0xF8F4,0xE1FF,0xF1F8,0x04E2,0xD3C8,0xCCCF,
   0xB7B5,0xE0DC,0xEDF8,0xF0F9,0xF4E7,0xF4FF,0x1F3A,0x404C,0x5257,0x4345,
   0x493C,0x472A,0x24F4,0x0CE9,0xC0F3,0x14FF,0xFE00,0xFAE7,0xC8EA,0xF4CF,
   0xE8F8,0xF6F4,0xEDEB,0xF6F8,0xF6F1,0xF524,0x2A26,0x3C4B,0x5750,0x382C,
   0x2C2A,0x2D20,0x23FE,0xC4D0,0xF0EB,0xEFF0,0xEF09,0xE0D2,0xD3CD,0xECF4,
   0xF922,0x150E,0x14F9,0xF308,0xFD03,0x1633,0x403D,0x4C5F,0x4F4A,0x302B,
   0x1018,0xFFB1,0xD0E0,0xBFDD,0xE000,0xF7E0,0xC7D6,0xC7E7,0xE0F7,0x1E1A,
   0x1218,0x141B,0x1B0C,0x1320,0x1929,0x354A,0x5F53,0x4F53,0x302D,0x201F,
   0x00F8,0xD0B7,0xC7DF,0xCFDF,0xE0DF,0xD8BF,0xB7C0,0xC4E7,0x1017,0x1F23,
   0x141B,0x000B,0x1925,0x3A42,0x474D,0x535C,0x5E57,0x4B30,0x2016,0x00C0,
   0xDED8,0xB7FB,0xE2C2,0xD0BE,0xA1CE,0xB2D7,0xF8EE,0xFF0E,0x1225,0x1C29,
   0x2010,0x1D0D,0x093A,0x4D5F,0x6D68,0x7244,0x1F2C,0x2019,0x1B00,0xD0DF,
   0xBFE3,0xC0BB,0xD4CF,0xBD9B,0xAAC7,0xD0ED,0x1B14,0x1B2E,0x2030,0x2617,
   0x2C2F,0x2623,0x3F5B,0x6B64,0x5B62,0x4020,0x0409,0xEDF8,0xD0BF,0x02ED,
   0xC8C8,0xC0CD,0xBFA0,0x9FB7,0xCFE4,0xEF04,0x1F36,0x2720,0x2B2C,0x2E35,
   0x3F48,0x536B,0x6460,0x6260,0x2510,0x181A,0xE1B2,0xD0EA,0xDFC8,0xD7E4,
   0xB7B1,0xAFA0,0xABC3,0xDB10,0x0CFF,0x0913,0x1820,0x2B31,0x3F42,0x3F59,
   0x6B7F,0x6A6A,0x6830,0x001F,0x28E1,0x0DC0,0xAF08,0xAFB8,0xE0C4,0xBFB0,
   0x97BF,0xB5D0,0xEFFB,0x0F1B,0x0A1C,0x231C,0x1F37,0x3F42,0x5F74,0x7F7F,
   0x7060,0x4C28,0x1F24,0xF0FC,0xBFBB,0xE0E0,0xADC7,0xC8A7,0xABA0,0xA8BA,
   0xB7DD,0x0308,0x0B14,0x0C1E,0x1F2B,0x343B,0x4A4D,0x677F,0x7279,0x6A6F,
   0x502F,0x3420,0xF0E0,0xCFD0,0xD0CF,0xB7B0,0xC0AA,0x8B97,0xABC0,0xCDE6,
   0xF6FC,0x0E04,0x272C,0x272D,0x3A3B,0x466F,0x7C77,0x7D77,0x6810,0x3F48,
   0x2017,0xC3CD,0x00DF,0xD3C0,0xDEB8,0x8989,0x89B7,0xC7CD,0xDB03,0xF8EE,
   0x010F,0x2934,0x2B33,0x344E,0x676F,0x767F,0x7F51,0x403F,0x28E7,0x08E7,
   0xF8F8,0xE1C8,0xCDDC,0xB7AD,0x90A4,0xB1B7,0xDDD8,0xDFFF,0xEF13,0x0413,
   0x2430,0x3737,0x3B5E,0x756C,0x6975,0x7550,0x3751,0x1208,0xF0C7,0xFFEA,
   0xE2D0,0xBFC7,0xC089,0x89B7,0xC8DE,0xBFC5,0xE7E9,0xF605,0x0F2D,0x2A2F,
   0x3F53,0x6473,0x6977,0x7F58,0x3F37,0x4030,0x17CF,0xD308,0xFADF,0xD6D3,
   0xD0A8,0x8FAB,0xB1CF,0xD3D7,0xE5DC,0xE5E8,0xFFFF,0x0919,0x2E29,0x4D6F,
   0x7776,0x6E76,0x5F40,0x3F70,0x24F7,0xF0DF,0x07F8,0xD0D7,0xE4DF,0xB89A,
   0x9CA7,0xBDD1,0xDCEA,0xEDDF,0xECFB,0xF907,0x1D36,0x2D33,0x5168,0x6F73,
   0x7655,0x444E,0x4020,0x04E7,0xEF00,0x08EB,0xE6EB,0xDCAC,0x9BA4,0xBED8,
   0xDAE0,0xE2DF,0xDFE3,0xE9FF,0x0914,0x252B,0x3B4F,0x6764,0x7854,0x4760,
   0x4A42,0x2019,0xEAD9,0xF600,0xF7FA,0xEBE2,0xB8A6,0xB8B3,0xD5D8,0xDFEF,
   0xE4DF,0xF6E8,0xF200,0x0B27,0x252F,0x4557,0x6460,0x6667,0x5422,0x3C25,
   0x2204,0xE8FF,0x00F0,0xF0DF,0xDFCF,0xD8C0,0xA7BC,0xD0E7,0xDBE4,0xF5F4,
   0xF5F0,0xFF06,0x1F1D,0x2C3F,0x5260,0x5C6D,0x6450,0x3B3E,0x5030,0xF9E0,
   0xC2EC,0xF0E5,0xFFF9,0x00C8,0x98A7,0xB0BF,0xEBF2,0xF8F8,0xE5EC,0xE9FF,
   0x1024,0x1F2A,0x2138,0x4F66,0x5E73,0x6D4F,0x4020,0x372E,0x0007,0xF3D2,
   0x01E8,0xBFD1,0xDAD6,0xC3A9,0xBFB9,0xBFE0,0xE3FB,0x00F7,0x0C00,0x081F,
   0x1C22,0x343F,0x6768,0x6868,0x6040,0x3B40,0x262B,0x24F0,0xDFE7,0xF3E8,
   0xCCCF,0xCBCD,0xC0A4,0xAFCF,0xCCC8,0xCFE9,0xFCFF,0x0C17,0x1608,0x1027,
   0x3F52,0x405C,0x6F6F,0x604C,0x4740,0x223D,0x40F8,0x06E0,0xBFDD,0xD8D7,
   0xDDCA,0xDAB0,0x94AF,0xBBD7,0xE1E4,0xF6FD,0x0612,0x0F0F,0x1727,0x2A31,
   0x4750,0x6A67,0x595E,0x583A,0x3237,0x5240,0xFBD8,0xC3F0,0xCCCF,0xD4D0,
   0xD5BF,0xA4A3,0xB9CB,0xD0DC,0xEBFF,0xFB05,0x1910,0x281B,0x161F,0x3753,
   0x5453,0x605B,0x5A50,0x4047,0x5030,0x2D0C,0xEEC4,0xCBD6,0xD4CB,0xBEAB,
   0xC8C1,0xB8BE,0xD5CF,0xE3F6,0xE906,0x0C0C,0x2024,0x1719,0x2639,0x3A38,
   0x3F52,0x5F55,0x545B,0x5240,0x2030,0x2200,0xF0E4,0xBDB4,0xBEAF,0xCCE0,
   0xC7B8,0xCCCF,0xD4D2,0xFB03,0xFC0F,0x0D12,0x211C,0x141D,0x1F2C,0x322F,
   0x4350,0x4E50,0x4252,0x4037,0x2C0B,0x2818,0xE0E7,0xD89B,0xB7B8,0xD3DE,
   0xD8E0,0xD7CE,0xEFF2,0xE71B,0x0CEF,0x0715,0x130C,0x191E,0x2420,0x1F2F,
   0x3B4E,0x4740,0x3E3C,0x3434,0x2A17,0x241D,0x01D7,0xC9C0,0xBDD0,0xD0E7,
   0xE9ED,0xF3F0,0xEAED,0xDFFE,0x170B,0x0803,0xFF18,0x1819,0x1D12,0x1F21,
   0x1324,0x2927,0x363F,0x402F,0x2E15,0x1007,0x1510,0x1304,0xC8CE,0xC9BF,
   0x0F00,0x0CF0,0xDDDF,0xE2D5,0x000F,0x1E10,0xF6FF,0xFDFE,0x1023,0x2014,
   0x08FC,0xFF29,0x292F,0x3629,0x2C20,0x0F1F,0x2D31,0x2427,0x1808,0xF5DF,
   0xD2C7,0xE300,0xFF04,0xFCEC,0xD7D8,0xEAED,0xFE19,0x0604,0x00FF,0xF807,
   0x1104,0x040D,0x0C0C,0x151F,0x1B2E,0x2C20,0x212D,0x3E27,0x3F48,0x2920,
   0x00DF,0xD9EB,0xE50C,0x20F8,0xFBE0,0xC7D7,0xD6E9,0x06F9,0x00FB,0xE8EF,
   0xF8FF,0x0B0A,0x090A,0xF0FA,0x1B2A,0x231F,0x2E30,0x2E2A,0x303F,0x4835,
   0x2F23,0x2405,0x0F28,0xFEFD,0xD0C9,0xDBEC,0xF0D0,0xE3EE,0xD8C8,0xD5DB,
   0xF700,0xF0F4,0x00FF,0x0902,0x0B20,0x120A,0x152E,0x342B,0x2331,0x3E3D,
   0x4C50,0x5641,0x2B40,0x241F,0x0908,0xE5E9,0xC0C3,0xD7DC,0xECC8,0xB8C5,
   0xC7CF,0xE5E3,0xEEF3,0xFEFA,0xF90F,0x130F,0x1914,0x120C,0x192B,0x3743,
   0x3E41,0x4045,0x443F,0x5C47,0x4830,0x1128,0x18E4,0xE6F0,0xCDB8,0xA7C7,
   0xD8C0,0xC5C5,0xCFD5,0xBCDE,0xF1FB,0x0E00,0x0712,0x0D19,0x1725,0x2E20,
   0x1934,0x333E,0x3C35,0x4642,0x4044,0x3C3F,0x4330,0x1B20,0x1610,0xE0DF,
   0xCDC3,0xC2B1,0xB6BF,0xD2E2,0xCCBF,0xCDCF,0xDCDA,0xF90F,0x181A,0x200F,
   0x2334,0x2833,0x3830,0x2D27,0x3537,0x443B,0x3130,0x342E,0x1826,0x2920,
   0x140D,0x05E8,0xEFDB,0xD2D9,0xD2C4,0xBAD2,0xBFCF,0xD3CE,0xDCDA,0xE3FA,
   0x071C,0x121B,0x362D,0x2E30,0x3036,0x3A2B,0x1C12,0x2422,0x1313,0x1C1E,
   0x1E1C,0x1F24,0x2520,0x08FF,0x1727,0x0802,0x00D0,0xD0B0,0xBFDC,0xD1DC,
   0xF1E6,0xE9C8,0xD9FF,0x0F1B,0x261B,0x3238,0x2120,0x2435,0x2106,0x04F6,
   0x0112,0x111D,0x271C,0x1101,0x0A1F,0x261F,0x2725,0x1C1B,0x1817,0x10F1,
   0xF0E8,0xC5CF,0xE3D0,0xE9F2,0x04F3,0xEBE1,0xE5FB,0xFE13,0x2217,0x241B,
   0x1B10,0x0810,0x0006,0x0A0A,0x0F09,0x161D,0x1C1A,0x1A1A,0x2720,0x0D23,
   0x2129,0x2C21,0x2014,0x0009,0x0600,0xD9DF,0xF0E4,0xDFDF,0xEFF6,0xF0E0,
   0xE3F2,0xF8FF,0xFF07,0x1314,0x0800,0x1113,0x0F18,0x0405,0x04FF,0x1318,
   0x1927,0x1317,0x2522,0x2628,0x2B37,0x2B1C,0x1F15,0x2518,0x08F8,0xF706,
   0xE0D9,0xE0E2,0xEFE0,0xDFF5,0xFBF5,0xE9E8,0xF900,0xF4FC,0x0007,0x0E01,
   0x0C0B,0x04FC,0x0A07,0x1408,0x0910,0x1F38,0x2A26,0x2F23,0x2620,0x1F20,
   0x1F2C,0x2413,0x1C1B,0x140A,0x00FF,0xF8DF,0xEFEC,0xEBE4,0xEFE1,0xE4EC,
   0xE4EF,0xEFF1,0xF4FB,0xF4F5,0xF5FA,0x070F,0x030C,0x0B0F,0x180F,0x0D13,
   0x1621,0x201F,0x282B,0x2A25,0x2D2A,0x302C,0x273D,0x381C,0x1719,0xFA01,
   0x00E5,0xFCE0,0xDFE0,0xD9E2,0xE9E7,0xDAE8,0xD9D3,0xE9F5,0xF1FC,0xFB03,
   0xF8FC,0xFDFF,0xFD13,0x1815,0x0E15,0x1B27,0x2B2E,0x3136,0x3D40,0x353D,
   0x3E3B,0x3A30,0x302C,0x2420,0x0F0C,0xF0DB,0xF8F0,0xE0C8,0xBFDF,0xE0C4,
   0xD1CE,0xE7E4,0xCBD8,0xDEE5,0xF4EB,0xFF10,0x0F09,0x0716,0x191A,0x211C,
   0x272B,0x2E36,0x3743,0x3A35,0x3230,0x2E30,0x2F36,0x2D2B,0x241A,0x1612,
   0xF8E9,0xF2ED,0xEAD8,0xD0CB,0xCDCB,0xDAC5,0xD5DA,0xC6D3,0xDFE5,0xFAFC,
   0x0B0E,0x0D0C,0x0C16,0x1F1F,0x272B,0x2428,0x1C11,0x2330,0x282B,0x2D26,
   0x2D26,0x2B37,0x3428,0x1B11,0x160C,0x0719,0x1008,0xF8E7,0xECE3,0xE8D0,
   0xD7D8,0xCFE7,0xE6E4,0xEBE4,0xEBF8,0xE8F1,0xFE07,0x1C08,0x0A0C,0x0B12,
   0x0815,0x1B16,0x1B14,0x1720,0x201F,0x2B2F,0x3221,0x1E2B,0x3037,0x3427,
   0x2D32,0x180C,0x0C00,0x0AFC,0xF3FD,0xF6E0,0xDAD4,0xDDEE,0xC8D3,0xE1E0,
   0xE4E8,0xE4ED,0xFEEA,0xFF01,0xF104,0xF0FF,0x1808,0x1713,0x0F25,0x2221,
   0x2B28,0x2D2C,0x1F32,0x2933,0x442E,0x3028,0x2423,0x2019,0x1807,0x1B14,
   0x0603,0x00E6,0xEFEC,0xE8E1,0xC4CC,0xD9E3,0xE3E0,0xD8EF,0xE2CD,0xEBE9,
   0xEF05,0xF803,0x0A07,0x140F,0x0B22,0x2118,0x1C18,0x2B35,0x2529,0x2E25,
   0x3228,0x2B36,0x362E,0x2B22,0x241C,0x1E1A,0x1A13,0x07FC,0xFBFC,0xF0E4,
   0xF5F0,0xD8D0,0xC8CB,0xD8D5,0xDADB,0xDCCF,0xDDE5,0xF3E4,0xF30F,0x0810,
   0xFD0B,0x2620,0x2620,0x2330,0x2E25,0x292E,0x3134,0x2C33,0x3424,0x232B,
   0x2731,0x281A,0x2014,0x0D13,0x0B07,0x04E4,0xEAF2,0xE8EE,0xE7DC,0xE3D0,
   0xB1CB,0xC4D3,0xF3EE,0xE5F0,0xD6E5,0xEEFB,0x120A,0x0B20,0x0D16,0x1623,
   0x3428,0x272F,0x3239,0x2C27,0x3638,0x3421,0x1B2A,0x2C23,0x231E,0x1617,
   0x0704,0x1209,0x0E00,0xF0EC,0xE8EF,0xFBF0,0xD0CF,0xDBEF,0xE6CF,0xD3E4,
   0xEBF2,0xE8E5,0xF5F8,0xF50F,0x0E11,0x140D,0x1B2F,0x2017,0x2927,0x2528,
   0x222D,0x2A1F,0x2D23,0x1E1C,0x1410,0x161E,0x180E,0x0C0A,0x01FA,0x0605,
   0x0B08,0xFFF8,0xDBF0,0xFD08,0xF4F7,0xF7FF,0xF4C9,0xD7FB,0x0A04,0xEAF7,
   0xFFFE,0xF0FF,0x1B20,0x1000,0xFF03,0x0E15,0x1725,0x2A1A,0x0C0A,0x0B1E,
   0x191B,0x2320,0x140E,0x0B14,0x0E18,0x1611,0x160C,0xFCF7,0x0F0B,0x090A,
   0x0613,0x00FB,0xFBFF,0x1008,0x090C,0xF8F8,0xF6F1,0xF700,0xEAF7,0x00F1,
   0xF4F4,0xF1E7,0xF5F8,0x070A,0x0604,0x0F1B,0x0B10,0x0E17,0x1C12,0x161B,
   0x2523,0x1D1E,0x0C0A,0x100F,0x1315,0x1B10,0x1009,0x0509,0x0F23,0x1C11,
   0x0C0B,0x0A0D,0x050F,0x0306,0x11F8,0xD4E3,0xEAF4,0xEDE9,0xF701,0xE4E1,
   0xEAF7,0xFAFF,0x0806,0x0502,0x0111,0x241D,0x1710,0x0B10,0x0B18,0x1B25,
   0x261A,0x0C03,0x0C0C,0x0F1D,0x251F,0x100D,0x0D12,0x1D21,0x201A,0x1A11,
   0x0A09,0x0E10,0x1410,0x00FF,0xF9E6,0xE1DE,0xE9F0,0xE6E7,0xE8E8,0xE0E1,
   0xEEF5,0xF3FB,0xF5FF,0x05FB,0x090E,0x0F1A,0x171F,0x110D,0x131A,0x2226,
   0x2120,0x1A17,0x151B,0x1A1F,0x2924,0x2416,0x171E,0x1B20,0x231F,0x2010,
   0x0711,0x0209,0x1001,0x00F0,0xE3DD,0xDAD6,0xDDF2,0xD8DF,0xE4DE,0xE0D5,
   0xEB00,0xF0F8,0xF8FC,0x0707,0x0013,0x1D14,0x1711,0x1C27,0x1F1D,0x3134,
   0x2C23,0x2019,0x1B23,0x2423,0x281B,0x1C19,0x1617,0x1312,0x1714,0x1404,
   0x0608,0x0603,0x0600,0xEEEA,0xD9D8,0xD9E3,0xDCDE,0xE0DE,0xDDDB,0xE0EA,
   0xEBEF,0xFBFA,0x0710,0x0D18,0x1F12,0x1D27,0x2425,0x1C25,0x2E2A,0x2B26,
   0x2324,0x1C12,0x181F,0x231F,0x1A19,0x141B,0x140A,0x160F,0x1916,0x0807,
   0x08F8,0xF2FE,0x04F9,0xE6E8,0xEAE6,0xD7CC,0xDFEF,0xE0E1,0xD9E5,0xF4E7,
   0xEF07,0x0B0C,0x03FC,0x0413,0x1A19,0x2F33,0x2413,0x1423,0x2622,0x1F27,
   0x2D26,0x1912,0x1D22,0x2322,0x1718,0x120C,0x0E17,0x1610,0x0F0E,0x0C09,
   0x0200,0xF7FF,0xEEF7,0xF7E8,0xE9E0,0xDFEB,0xE0DA,0xDFE7,0xEFE9,0xE8EB,
   0x0613,0x00F7,0x030C,0x1512,0x1D20,0x2126,0x1409,0x2228,0x2420,0x1D22,
   0x181B,0x0F13,0x2126,0x1D16,0x140F,0x130C,0x1314,0x1006,0xFE0E,0x0F10,
   0x0CFB,0x06F4,0xF7F1,0xF2F6,0xF3E4,0xEB02,0xDAD3,0xE2F3,0xF7E9,0xEFF5,
   0xFE0C,0xE8EF,0x0D17,0x1107,0x1B20,0x0A12,0x1B1F,0x271F,0x2329,0x1C1F,
   0x181C,0x1F21,0x1B1A,0x1916,0x100D,0x151F,0x1A0D,0x0708,0x0A05,0x0408,
   0x0D12,0x04F3,0xF8F9,0xFBFB,0xF0E9,0xE7EE,0xEDF0,0xE0E5,0xF7F8,0xFAEB,
   0xE2EF,0xFE04,0xF9FE,0x1917,0x190A,0x0912,0x0E15,0x1C1F,0x2B25,0x1E18,
   0x181D,0x211C,0x1C21,0x2523,0x100F,0x191A,0x180E,0x1114,0x0B06,0x0307,
   0x1404,0xFE01,0xF8EB,0xF4E8,0xF504,0xF0E7,0xEBF4,0xF8E0,0xE7F0,0xE6FD,
   0xFAF3,0xFB01,0x1400,0x000D,0x0613,0x1812,0x1C1C,0x1D2C,0x201F,0x2115,
   0x2320,0x161D,0x1F24,0x2317,0x0F13,0x100A,0x1118,0x150A,0xFB04,0x0B0C,
   0x1006,0x0800,0xEDD9,0xE6F9,0xF8F4,0xF0ED,0xF4E3,0xD9D6,0xE5F7,0x05F4,
   0xE5F1,0xF5FD,0x0309,0x0C0D,0x090F,0x1B1C,0x1519,0x222A,0x2220,0x181B,
   0x2728,0x2120,0x1A1A,0x181E,0x1713,0x1619,0x1E0C,0x0509,0x0907,0x0B06,
   0x090C,0x00FA,0xFAF0,0xEFEB,0xFE01,0xF0F1,0xE9F8,0xEEE3,0xDCEE,0xF9F2,
   0xE7FF,0x0C02,0xFFF5,0x031A,0x080D,0x181F,0x2C14,0x151F,0x202B,0x1E14,
   0x251E,0x1B26,0x1818,0x1513,0x120E,0x0F11,0x1214,0x0C09,0x06FF,0xFF05,
   0x0307,0x0C00,0xF7F8,0xF7EA,0xEFF3,0xF2F8,0xF0F3,0xF9E8,0xEFF3,0xE5F3,
   0xF4F5,0xF8F9,0x0804,0x0717,0x1004,0x0A0B,0x131D,0x2326,0x241B,0x1C13,
   0x161A,0x2427,0x281B,0x110C,0x0F0B,0x1618,0x1614,0x0A01,0x0200,0x0105,
   0x0003,0x0900,0xF4F6,0xFD00,0xFAED,0xF1F4,0xEBEE,0xFAFA,0xFDFF,0xF4EB,
   0xECED,0xFE04,0x0311,0x0D0E,0x0700,0x050E,0x1321,0x251C,0x201B,0x120D,
   0x1720,0x2024,0x1D21,0x150B,0x1112,0x0F15,0x1412,0x0501,0x0B0C,0x0A08,
   0x0504,0xFDFB,0xF5F7,0x0402,0x0802,0xF6F6,0xEFEE,0xEF04,0x0D08,0xFAFF,
   0xFBF0,0xF203,0x0A07,0x0A0C,0x0E09,0xFF0B,0x1122,0x1D0A,0x0B16,0x1718,
   0x1B24,0x2216,0x1105,0x1516,0x151B,0x1008,0x0A03,0xFF07,0x0F0D,0x1106,
   0xFAF6,0xFAF9,0x0301,0x0003,0xF8FB,0xF8F9,0xFCF4,0xF706,0x0300,0xFA00,
   0x0A08,0xFB0B,0x1809,0x0401,0x071D,0x180F,0x0B0E,0x1510,0x0C13,0x1917,
   0x1B00,0xFF19,0x180F,0x1017,0x160D,0x010E,0x100E,0x110A,0x0808,0x0705,
   0x0304,0x03FC,0xFCFC,0xFFFB,0xEFF3,0xFCFA,0x00FC,0xFAFF,0x03FC,0xF5F4,
   0x0615,0x1114,0x1609,0x0B05,0x111F,0x1616,0x1211,0x1403,0x0517,0x1C10,
   0x030A,0x0D0F,0x1208,0x0607,0x0D00,0x0207,0x0C01,0xFE07,0x0A00,0x02FF,
   0xFBFD,0x01FE,0x0004,0x0802,0xFA03,0x02F1,0xFF08,0x02FA,0xFCFF,0x0B06,
   0x050E,0x0A12,0x1008,0x0F19,0x2018,0x1725,0x2015,0x151B,0x181B,0x1814,
   0x0913,0x1F0A,0x070C,0x0302,0x0401,0x0405,0xFF03,0x04FB,0xF4EF,0xFF0A,
   0x08FB,0xF3F6,0xFBF8,0xF2FB,0x0804,0xFBF9,0x0600,0xFA00,0xFE0E,0x0A0F,
   0x0C06,0x0D0E,0x0610,0x1816,0x1721,0x1A16,0x1817,0x141A,0x1F1F,0x111B,
   0x2012,0x1518,0x160E,0x0B0E,0x1504,0x05FB,0xFF0F,0x0CF3,0xF2F5,0xF6F1,
   0xF304,0xF8F5,0xF3F3,0xFBEA,0xEDF4,0xF70E,0x07F5,0xFAF8,0x0402,0xFCFF,
   0x0E0F,0x1C03,0xFA0E,0x1224,0x201B,0x2310,0x0B14,0x1317,0x222A,0x2818,
   0x120D,0x080D,0x1921,0x1E13,0x01FE,0x0008,0x0D08,0x0E16,0x03F3,0xEBF7,
   0x0806,0x09FE,0xF8F6,0xECE3,0xF40A,0x0AF0,0xEEF3,0xF3EF,0xF302,0x0905,
   0x00F0,0xF9F7,0xFC0F,0x141A,0x1205,0x070F,0x1117,0x151E,0x211D,0x1A10,
   0x1518,0x1725,0x1C11,0x1608,0x0F17,0x0B12,0x1410,0x0900,0x0F06,0xFF0D,
   0x1112,0x00F2,0xF0F9,0x070B,0x0D03,0x01F8,0xF0ED,0xEEFF,0x130C,0x03F4,
   0xEAEF,0xF8FE,0x0F07,0x02F3,0xECFF,0x0409,0x140F,0x0B06,0xF904,0x0B12,
   0x231D,0x131B,0x120C,0x1411,0x1D20,0x1F21,0x100B,0x140A,0x1316,0x1819,
   0x07FD,0x03F5,0x0608,0x0D08,0xFB03,0x04F5,0xFDFD,0x0311,0x08FB,0x0304,
   0xF5FC,0x0E14,0x06FA,0xFD01,0x0001,0x0703,0x04FF,0x0403,0x0006,0x0808,
   0x0D08,0x0407,0x0F0D,0x1110,0x0712,0x1009,0x1117,0x140F,0x1613,0x0810,
   0x060F,0x0B0D,0x1316,0x0202,0x00FF,0x1706,0x0505,0xFA09,0x00FD,0x0902,
   0x030A,0xF9FA,0x0007,0x130A,0x0B08,0x0200,0xF602,0x0D0C,0x0913,0x0D09,
   0x00FA,0x000D,0x1208,0x0609,0x0600,0xFD0B,0x1118,0x0F07,0x0CF9,0xFE09,
   0x0817,0x1A0F,0x1104,0xFB06,0xFB07,0x131E,0x1400,0xFE03,0x0209,0x100D,
   0x0E07,0x0306,0x00FD,0xFD15,0x2012,0x00FF,0x02FC,0xFC07,0x140C,0x0D15,
   0x0903,0xF801,0x0B0D,0x0C0F,0x0908,0x03FA,0x030F,0x120E,0x0503,0xFEFB,
   0xF60B,0x2010,0x07FF,0xFF06,0xF1FF,0x1215,0x1C10,0xF7FB,0xFC05,0x1013,
   0x1608,0x0F10,0xFD0B,0x0914,0x1612,0x180B,0xFF07,0x0908,0x0A10,0x100A,
   0x0C07,0x0801,0xFCFD,0x0B1A,0x140D,0x0804,0x0900,0x0512,0x0C05,0x0B0F,
   0x0E00,0xFF09,0x030E,0x0A07,0x08FA,0xFD00,0x0710,0x1004,0xF7FF,0x1204,
   0x00F5,0xFF14,0x1007,0x0409,0x1200,0xFD0E,0x0804,0x030F,0x1504,0x0704,
   0x0408,0x0C07,0x0A13,0x0E05,0x0908,0x0609,0x0D16,0x1002,0x050C,0x0A0A,
   0x070B,0x0E0C,0x0407,0x100A,0x0A0B,0x050B,0x0802,0x0406,0x1310,0x0604,
   0x0304,0x0206,0x060C,0x0F03,0x0503,0x00FD,0x0208,0x0806,0x0704,0x0100,
   0x070A,0x0A04,0x0709,0x0601,0xFE0E,0x140A,0x0904,0x0306,0x090A,0x0914,
   0x1308,0x0B09,0x070A,0x1413,0x140C,0x0A07,0x0C09,0x0C0B,0x1211,0x0807,
   0x070D,0x0702,0x0D0A,0x0F0E,0x0807,0x0607,0x02FB,0x0910,0x1007,0xF9FF,
   0x00F6,0x030A,0x0A09,0x0703,0xFEF9,0xFC05,0x1110,0x0607,0x0C09,0x0005,
   0x1110,0x1213,0x110C,0x0708,0x0911,0x1012,0x0D13,0x0E00,0x000E,0x1710,
   0x080B,0x060E,0x0B06,0x0909,0x070D,0x0701,0x0001,0x0A08,0x0F11,0x00FB,
   0x0302,0x0408,0x070C,0x0C08,0x03F8,0xFE04,0x0304,0x1110,0x0605,0x0401,
   0xFAFE,0x0F10,0x0F0F,0x0704,0x0304,0x030F,0x120C,0x0F08,0xFF08,0x080E,
   0x1414,0x0805,0x0B0E,0x080C,0x0D10,0x1009,0xFF03,0x0B11,0x0A0A,0x0905,
   0x0707,0x0C0E,0x0C0E,0x0800,0xFE03,0x0304,0x0B10,0x0901,0xFCFC,0xFE02,
   0x0C09,0x0807,0x0904,0xFC07,0x0B0E,0x0D04,0x0709,0x0708,0x070B,0x1211,
   0x0809,0x0803,0x0407,0x1312,0x0504,0x0F0A,0x0605,0x070D,0x0A05,0x0B0D,
   0x0C0E,0x0F07,0x0C03,0x0409,0x0B09,0x0C0F,0x0B09,0x0104,0x0408,0x0808,
   0x0C10,0x0C01,0x00FB,0x0712,0x0C0B,0x0906,0x0402,0x0509,0x0B0C,0x0F0B,
   0x0700,0xFC07,0x0E0B,0x0C07,0x0C06,0x0104,0x020A,0x080C,0x070C,0x0B04,
   0x0506,0x080D,0x0909,0x08FF,0x0809,0x090D,0x0C0C,0x0B0A,0x0306,0x0806,
   0x0D14,0x0A08,0x0401,0x0D0A,0x060C,0x090B,0x0103,0x0500,0x0712,0x1013,
   0x0905,0x0604,0x070B,0x1410,0x0D07,0x0401,0x040A,0x0808,0x0805,0x0B04,
   0x0304,0x030C,0x0808,0x0B08,0x0E05,0x000D,0x0604,0x0D0F,0x0D07,0x030A,
   0x0A08,0x0B0C,0x0F0D,0x060D,0x0A0A,0x0C0D,0x0F0B,0x0106,0x0407,0x0809,
   0x100A,0x0304,0x0100,0x040A,0x0408,0x070B,0x04FB,0x0608,0x0A09,0x0807,
   0x0306,0x080A,0x0B0C,0x0507,0x0705,0x060D,0x120D,0x0709,0x0707,0x0002,
   0x0D16,0x0F08,0x090A,0x0504,0x060C,0x100E,0x100A,0x0807,0x0306,0x100A,
   0x0C10,0x0C06,0x0107,0x0900,0x030F,0x1008,0xFF01,0x0601,0x040B,0x0C08,
   0x0407,0x0506,0x0504,0x0909,0x090A,0x0709,0x0305,0x0809,0x0507,0x0F07,
   0x0802,0x050A,0x0808,0x090C,0x0E0C,0x0704,0x0702,0x060D,0x0F03,0x0C0D,
   0x0005,0x0808,0x0D0B,0x110E,0x030A,0x0402,0x0808,0x0F09,0x060D,0x0605,
   0x0703,0x0A0D,0x0906,0x050A,0x0908,0x080A,0x0B0C,0x0600,0x0409,0x0608,
   0x0C0B,0x0C09,0x0508,0x0405,0x090E,0x0E0C,0x0708,0x0B06,0x080D,0x0B09,
   0x0407,0x0C01,0x0810,0x0C0C,0x0806,0x0304,0x0B0A,0x0C0E,0x0909,0x0604,
   0x0609,0x080C,0x0E0B,0x0C03,0x040A,0x0B0C,0x060B,0x0E08,0x0705,0x0506,
   0x0A0C,0x0E07,0x0507,0x0208,0x0409,0x0C07,0x0B06,0x0508,0x0203,0x0A0D,
   0x0D08,0x0607,0x0006,0x0A0D,0x100B,0x0306,0x0804,0x0609,0x0C0A,0x070D,
   0x03F9,0x040B,0x0C09,0x070B,0x0803,0x0804,0x060A,0x110F,0x0708,0x0904,
   0x090B,0x060A,0x0B0B,0x0C0B,0x0C0A,0x0708,0x0907,0x0806,0x0C0C,0x0D09,
   0x0608,0x0A08,0x0608,0x0A0C,0x0806,0x0504,0x0503,0x0606,0x0807,0x0806,
   0x0305,0x0308,0x0D0B,0x090A,0x0A07,0x0503,0x0807,0x0709,0x0C0B,0x0B06,
   0x080C,0x0903,0x0608,0x0B09,0x0C09,0x0A07,0x0808,0x0907,0x0506,0x080A,
   0x0B09,0x0808,0x0705,0x0605,0x080C,0x0A09,0x0607,0x0503,0x0608,0x0A0A,
   0x0909,0x0908,0x0304,0x0708,0x0A0A,0x0B0B,0x0709,0x0407,0x0808,0x0A0B,
   0x0B06,0x0808,0x0B0A,0x090C,0x0B05,0x0309,0x0607,0x0A0D,0x0F0B,0x0506,
   0x0406,0x060A,0x0C0E,0x0709,0x0306,0x0601,0x080D,0x0B07,0x060B,0x0806,
   0x0508,0x0709,0x0706,0x0B0A,0x0A06,0x0504,0xFF04,0x0609,0x0809,0x0C08,
   0x0407,0x0303,0x080D,0x0E0C,0x0607,0x0705,0x0709,0x0E10,0x0A0A,0x0C07,
   0x050A,0x0C0B,0x0808,0x090A,0x0605,0x0908,0x0705,0x0804,0x0609,0x060B,
   0x0807,0x0604,0x0607,0x090E,0x0908,0x0504,0x0605,0x070D,0x0E0A,0x0E0A,
   0x0804,0x0707,0x050B,0x090B,0x0C0B,0x0A08,0x0508,0x0706,0x090C,0x0C0A,
   0x0B0B,0x0709,0x0C08,0x070A,0x0807,0x0506,0x0906,0x0D0E,0x0809,0x0708,
   0x0401,0x0809,0x080A,0x0C0B,0x0907,0x0806,0x0707,0x0807,0x0708,0x0608,
   0x090A,0x0708,0x0A03,0x0903,0x0608,0x080A,0x0B0A,0x0909,0x0506,0x0808,
   0x090C,0x0F07,0x0509,0x0806,0x0706,0x0A07,0x0806,0x0809,0x0A09,0x0A0A,
   0x0708,0x0708,0x0C0B,0x0B0C,0x0906,0x0506,0x050A,0x0D0C,0x0C0A,0x0705,
   0x0306,0x0A0A,0x0A0C,0x0A09,0x0905,0x0405,0x0609,0x0A0A,0x0A06,0x0906,
   0x0405,0x0909,0x0B09,0x0608,0x0407,0x0808,0x080C,0x0B07,0x0808,0x0807,
   0x0808,0x0B0C,0x0708,0x0809,0x0606,0x0807,0x0909,0x080A,0x0605,0x0607,
   0x0704,0x090C,0x0907,0x0808,0x0B08,0x060B,0x0607,0x0807,0x090A,0x0907,
   0x090A,0x0906,0x0608,0x0709,0x0A0A,0x0A0B,0x0B08,0x0707,0x0507,0x090A,
   0x0A0B,0x0907,0x0705,0x0704,0x080B,0x0A09,0x0A07,0x0803,0x0608,0x0809,
   0x0A0B,0x0906,0x0706,0x0506,0x090C,0x0B09,0x0709,0x0606,0x0808,0x0C0B,
   0x090A,0x0808,0x0808,0x090A,0x070C,0x0708,0x0A08,0x0808,0x0A07,0x0807,
   0x0908,0x0808,0x0808,0x0605,0x0706,0x0707,0x0808,0x0703,0x0405,0x0606,
   0x0609,0x0A07,0x0806,0x0506,0x0708,0x0809,0x0B08,0x0608,0x0607,0x0808,
   0x0907,0x0806,0x0809,0x0908,0x0A0A,0x0708,0x0308,0x0808,0x090A,0x0C0B,
   0x0C09,0x0809,0x0908,0x0A0B,0x0B07,0x090A,0x0B08,0x080A,0x0709,0x0609,
   0x0A09,0x0809,0x080A,0x0906,0x090A,0x0908,0x0808,0x0709,0x0909,0x0A09,
   0x080A,0x0A07,0x090A,0x0809,0x0908,0x0809,0x0707,0x0706,0x0808,0x0808,
   0x0A07,0x0603,0x0607,0x0608,0x0807,0x0806,0x0507,0x0807,0x0809,0x0908,
   0x0709,0x0607,0x0808,0x0A07,0x0707,0x0809,0x0908,0x080A,0x0709,0x0B08,
   0x0A0A,0x0B0A,0x0B0A,0x0C09,0x080B,0x0A0A,0x0A0B,0x0707,0x0908,0x0909,
   0x0B0C,0x0B09,0x0609,0x0A0B,0x0A0A,0x0C0B,0x0907,0x0808,0x0B0A,0x0C0C,
   0x0708,0x0608,0x0A0A,0x090A,0x0B07,0x0807,0x0808,0x0808,0x0A07,0x0705,
   0x0706,0x0707,0x0708,0x0607,0x0603,0x0405,0x0505,0x0606,0x0306,0x0304,
   0x0605,0x0506,0x0705,0x0305,0x0606,0x0606,0x0807,0x0506,0x0406,0x0506,
   0x0806,0x0705,0x0305,0x0604,0x0606,0x0608,0x0503,0x0606,0x0808,0x060A,
   0x0806,0x0806,0x0606,0x0709,0x0705,0x0609,0x0809,0x0808,0x0A0B,0x0907,
   0x090C,0x090B,0x0D0A,0x070C,0x0B09,0x080A,0x0B0B,0x0D0B,0x090B,0x0808,
   0x0D0A,0x0A0C,0x0709,0x0908,0x0B0A,0x0A0C,0x0B0B,0x0C09,0x0A0B,0x0B0C,
   0x0C0D,0x0B0A,0x0908,0x090A,0x090A,0x0B0A,0x0B09,0x080B,0x0A09,0x0B0A,
   0x0C0A,0x090B,0x0C0B,0x0A0A,0x070C,0x0708,0x0A08,0x0A09,0x0A09,0x0809,
   0x0808,0x0908,0x080C,0x0705,0x0908,0x0A08,0x080A,0x0708,0x0707,0x0809,
   0x090A,0x0807,0x0906,0x0908,0x0808,0x0909,0x0708,0x0708,0x0807,0x0808,
   0x0A07,0x0509,0x0606,0x0808,0x0809,0x0706,0x0504,0x0706,0x0507,0x0707,
   0x0603,0x0607,0x0506,0x0807,0x0806,0x0809,0x0708,0x0808,0x0708,0x0708,
   0x0809,0x0908,0x0A07,0x0807,0x0508,0x0808,0x0808,0x0708,0x0605,0x0808,
   0x0808,0x0907,0x0403,0x0406,0x0608,0x0807,0x0705,0x0306,0x0506,0x0808,
   0x0708,0x0605,0x0607,0x0708,0x0809,0x0507,0x0807,0x0808,0x080A,0x0709,
   0x0608,0x0707,0x080A,0x0A07,0x0709,0x0808,0x0809,0x090A,0x0708,0x0908,
   0x0808,0x080A,0x0A08,0x0608,0x0808,0x0808,0x080A,0x0906,0x090A,0x0A08,
   0x0909,0x0B09,0x0909,0x0A0A,0x0B0A,0x0C0B,0x0C06,0x080A,0x0909,0x0A0A,
   0x0708,0x0908,0x0909,0x0A09,0x0B0B,0x0909,0x080A,0x0A09,0x0A0B,0x0707,  
},

BB[]=
{
   0x0000,0x7634,0x0202,0x0101,0x0202,0x0201,0x0102,0x0202,0x0101,0x0202,
   0x0101,0x0202,0x0201,0x0101,0x0201,0x0101,0x0102,0x0101,0x0102,0x0101,
   0x0101,0x0101,0x0101,0x0101,0x0100,0x0101,0x0101,0x0001,0x0101,0x0000,
   0x0101,0x0100,0x0001,0x0101,0x0000,0x0101,0x0000,0x0101,0x0100,0x0001,
   0x0101,0x0000,0x0101,0x0100,0x0001,0x0100,0x0000,0x0101,0x0100,0x0101,
   0x0100,0x0001,0x0101,0x0000,0x0101,0x0100,0x0001,0x0101,0x0000,0x0101,
   0x0100,0x0101,0x0101,0x0101,0x0101,0x0101,0x0101,0x0101,0x0101,0x0101,
   0x0101,0x0101,0x0101,0x0101,0x0101,0x0101,0x0101,0x0101,0x0102,0x0101,
   0x0102,0x0101,0x0101,0x0202,0x0101,0x0202,0x0201,0x0102,0x0202,0x0201,
   0x0202,0x0201,0x0202,0x0202,0x0202,0x0202,0x0202,0x0203,0x0302,0x0202,
   0x0302,0x0202,0x0303,0x0302,0x0203,0x0303,0x0203,0x0303,0x0303,0x0303,
   0x0303,0x0203,0x0303,0x0303,0x0303,0x0303,0x0303,0x0403,0x0303,0x0404,
   0x0303,0x0404,0x0404,0x0406,0x0B09,0x0B0D,0x0B10,0x181D,0x2324,0x1E19,
   0x1616,0x1C24,0x2725,0x231F,0x1D1F,0x2123,0x2422,0x1E1B,0x1917,0x1617,
   0x191B,0x1C1A,0x1818,0x191A,0x1D1E,0x1D1D,0x1D1E,0x2022,0x2322,0x201F,
   0x2124,0x272A,0x2A28,0x2422,0x2123,0x2628,0x2725,0x2320,0x1F1F,0x2021,
   0x2222,0x2221,0x1F1E,0x1D1E,0x2123,0x2524,0x2221,0x2223,0x2528,0x2929,
   0x2828,0x2828,0x2929,0x2828,0x2827,0x2624,0x2322,0x2120,0x1F1E,0x1D1B,
   0x1918,0x1717,0x1512,0x100F,0x0D0B,0x0908,0x0503,0x01FF,0xFCFA,0xF5F0,
   0xECE8,0xE5E1,0xDCD7,0xD1CD,0xC8C4,0xC1BE,0xBAB4,0xB0AC,0xA8A5,0xA29F,
   0x9E9B,0x9792,0x8F8C,0x8B8A,0x8783,0x8286,0x8C95,0x9B9A,0x928F,0x939E,
   0xACB5,0xB1A6,0x9FA0,0xADBE,0xC9C7,0xBFB8,0xB9C7,0xD8E2,0xE3DC,0xD3D2,
   0xDAE1,0xE4E1,0xD9D3,0xD1D4,0xD6D7,0xD5D2,0xD2D5,0xD6D5,0xD2CE,0xCCCD,
   0xCECC,0xC7C2,0xBCBA,0xBCBD,0xBCB9,0xB3AE,0xADAD,0xADAC,0xA9A6,0xA4A2,
   0xA09F,0x9D9B,0x9998,0x9796,0x9594,0x9495,0x9596,0x9798,0x9A9D,0xA0A2,
   0xA5A8,0xABAF,0xB4B8,0xBDC2,0xC5CA,0xCFD4,0xD9DC,0xE1E6,0xEBF0,0xF4F8,
   0xFD01,0x0307,0x0A0E,0x1219,0x222B,0x3437,0x373C,0x4551,0x5E66,0x6664,
   0x666A,0x767F,0x7F7F,0x7F7F,0x7F7F,0x7F7F,0x7F7F,0x7F7F,0x7F7F,0x7F7F,
   0x7F7F,0x7F7F,0x7F7F,0x7F7F,0x7F7F,0x7F7F,0x7F7F,0x7F7F,0x7F7F,0x7F7F,
   0x7F7F,0x7F7F,0x7F7F,0x7F7F,0x7F7F,0x7F7B,0x7775,0x7576,0x7673,0x6D67,
   0x635F,0x5D5B,0x5955,0x504A,0x4440,0x3D3A,0x3733,0x2D29,0x2522,0x1E1A,
   0x1613,0x110F,0x0D0A,0x0703,0x00FF,0xFFFD,0xFBF8,0xF4F4,0xF3EF,0xEEEC,
   0xEAE9,0xEBEA,0xE7E3,0xDFE0,0xE2E4,0xE7E6,0xE3E4,0xEAF1,0xF5F3,0xEDEA,
   0xEBF2,0xF9FB,0xF6ED,0xE9EC,0xF4FE,0x00FC,0xF5F2,0xF3F9,0xFDFE,0xFAF5,
   0xF0ED,0xEEEF,0xEEEB,0xE7E3,0xE1DF,0xDFE0,0xE2E1,0xDEDB,0xD7D7,0xDADD,
   0xDEDD,0xDBD8,0xD8DC,0xE2E9,0xEFEF,0xECEB,0xEDF3,0xFA00,0x01FF,0xFBFA,
   0xFE06,0x0D0D,0x0A05,0x0307,0x0E14,0x1510,0x0904,0x0508,0x0A08,0x01FA,
   0xF6F5,0xF5F4,0xF3F0,0xECE9,0xE8E8,0xE7E5,0xE0DC,0xDAD7,0xD4D0,0xCCC9,
   0xC5C2,0xBFBC,0xB9B3,0xAEAD,0xB0B3,0xB5B3,0xACA9,0xACB2,0xBBBE,0xB9B1,
   0xACAD,0xB6BF,0xC0B9,0xB1AD,0xB2BC,0xC6C8,0xC3BE,0xBCC0,0xC9CF,0xCFCC,
   0xC9CA,0xD0D7,0xD9D6,0xD3D2,0xD6DE,0xE4E4,0xE1E0,0xE1E7,0xF0F5,0xF6F5,
   0xF4F7,0xFF0A,0x1218,0x1B1C,0x1F26,0x2D35,0x3C3E,0x3C3B,0x3D41,0x464A,
   0x4B4A,0x4948,0x4A4C,0x4E4C,0x4A48,0x4644,0x423D,0x3835,0x332F,0x2923,
   0x1E1A,0x1613,0x110F,0x0A04,0x00FF,0xFFFE,0xFAF5,0xF1EE,0xEDEB,0xE9E7,
   0xE2DF,0xDBDB,0xDCDA,0xD7D5,0xD1CF,0xCECE,0xD2D8,0xDBDE,0xDCD8,0xDCE4,
   0xEFF9,0xF9F4,0xEFEE,0xF804,0x0C0C,0x03FD,0xFE05,0x1119,0x1814,0x1113,
   0x1D26,0x2927,0x2220,0x2429,0x2B28,0x2220,0x2125,0x2826,0x2220,0x2024,
   0x2726,0x2422,0x2327,0x2C2F,0x2C2A,0x2C32,0x393D,0x3D39,0x383A,0x4046,
   0x4946,0x413E,0x3F44,0x4949,0x4541,0x3E3E,0x4143,0x423F,0x3A35,0x3130,
   0x2F2D,0x2923,0x1E1B,0x1816,0x1412,0x0F0B,0x0704,0x0404,0x0300,0xFEFB,
   0xF9F7,0xF6F5,0xF3F0,0xECE8,0xE7E7,0xE6E4,0xE1DE,0xDBD8,0xD5D6,0xDADE,
   0xDFDD,0xD8D6,0xD9E1,0xEBEE,0xE9E2,0xDCDE,0xE8F1,0xF3EC,0xE2DF,0xE4EF,
   0xFAFD,0xF8F1,0xEFF5,0x0008,0x0800,0xF9F7,0xFA00,0x02FF,0xF9F4,0xF2F4,
   0xF8F9,0xF8F5,0xF3F4,0xF7FA,0xFDFE,0xFCFC,0xFE00,0x0509,0x0B0C,0x0C0D,
   0x1217,0x1B1D,0x1D1E,0x2022,0x2629,0x2A2A,0x2A2A,0x2C2D,0x2E2D,0x2D2C,
   0x2B2A,0x2825,0x2322,0x201E,0x1C18,0x1412,0x1212,0x120E,0x0905,0x0506,
   0x0606,0x0400,0xFDFC,0xFDFE,0xFEFC,0xF9F5,0xF3F3,0xF4F3,0xF1EE,0xEBE8,
   0xE7E5,0xE4E2,0xDFDF,0xE0E0,0xE2E1,0xDEDD,0xE1E6,0xEAE8,0xE4E1,0xE0E6,
   0xEEF3,0xF5F2,0xEDEE,0xF600,0x0A0C,0x0703,0x0309,0x1319,0x1914,0x0D0B,
   0x0E14,0x1716,0x110B,0x090A,0x0C0D,0x0C0A,0x0908,0x0808,0x0706,0x0709,
   0x0D0E,0x0C0A,0x0A0D,0x1419,0x1A18,0x1515,0x1920,0x2527,0x2320,0x2024,
   0x2A2D,0x2C29,0x2525,0x2729,0x2927,0x221C,0x1A1A,0x1A18,0x1410,0x0D0A,
   0x0909,0x0705,0x0400,0xFEFD,0xFDFC,0xFAF8,0xF7F6,0xF4F4,0xF3F3,0xF2F0,
   0xEEEB,0xEAE9,0xE8E6,0xE4E2,0xDFDD,0xDAD8,0xD5D4,0xD7D7,0xD5D5,0xD2D0,
   0xD2D6,0xD9D9,0xD6D6,0xD7DB,0xE1E4,0xE3E3,0xE4E8,0xEFF3,0xF7F8,0xF6F9,
   0xFE02,0x0606,0x0403,0x0406,0x0908,0x0705,0x0303,0x0303,0x01FE,0xFCFE,
   0x0002,0xFFFA,0xF8FA,0xFF03,0x0300,0xFEFC,0xFF05,0x0B0D,0x0B08,0x080C,
   0x1318,0x1A1A,0x1919,0x1B1F,0x2325,0x2320,0x1F1F,0x2121,0x1F1D,0x1A18,
   0x1614,0x1211,0x0E0C,0x0A08,0x0502,0x0200,0xFFFE,0xFBF8,0xF6F6,0xF6F5,
   0xF3F3,0xF2F1,0xF0F0,0xF1F0,0xEFEE,0xECEC,0xEBEA,0xE9E9,0xE6E4,0xE2E1,
   0xDFDD,0xDCDD,0xDEDD,0xDCDB,0xDAD8,0xDADE,0xE3E4,0xE5E4,0xE4E6,0xEAEF,
   0xF6F8,0xF6F5,0xF6FB,0x0208,0x0A09,0x0707,0x0B11,0x1517,0x1511,0x0F10,
   0x1315,0x1411,0x0E0B,0x0A0B,0x0D0E,0x0D0A,0x0605,0x0709,0x0B0B,0x0908,
   0x0708,0x0B0F,0x1111,0x0F0F,0x1114,0x171A,0x1B1C,0x1B1B,0x1C1F,0x2222,
   0x221F,0x1E1E,0x1D1C,0x1C1B,0x1916,0x1311,0x1011,0x110E,0x0B09,0x0706,
   0x0607,0x0604,0x00FF,0xFF00,0x0000,0xFFFE,0xFDFD,0xFDFE,0xFEFF,0xFDFB,
   0xFAF9,0xF9F8,0xF7F5,0xF3F1,0xF0EF,0xEEED,0xEBE7,0xE3E1,0xE0E0,0xE0E0,
   0xE1E1,0xE0E0,0xE2E4,0xE7EC,0xEEEE,0xEDEE,0xF0F2,0xF7FC,0xFDFB,0xFBFD,
   0x0106,0x0B0E,0x0E0C,0x0C0F,0x1216,0x1714,0x110F,0x0F0F,0x0F11,0x1210,
   0x0F0E,0x0D0F,0x1113,0x1413,0x1110,0x1011,0x1518,0x1918,0x1717,0x1A1F,
   0x2325,0x2524,0x2324,0x272A,0x2B2B,0x2826,0x2526,0x2625,0x2321,0x1F1D,
   0x1B1A,0x1917,0x1613,0x110E,0x0D0C,0x0A09,0x0705,0x0201,0x0101,0x0000,
   0x00FF,0xFEFD,0xFDFF,0xFEFF,0xFDFC,0xFBFA,0xFBFA,0xF9F7,0xF6F4,0xF3F2,
   0xF0F0,0xEEEC,0xECEB,0xEAE8,0xE5E5,0xE6E5,0xE4E4,0xE5E8,0xEBED,0xEEEE,
   0xEEEF,0xF2F7,0xFBFC,0xF9F8,0xF9FD,0x0004,0x0607,0x0708,0x090C,0x1013,
   0x1413,0x1212,0x1111,0x1010,0x0F0F,0x0D0B,0x0B0C,0x0C0D,0x0E0E,0x0D0A,
   0x090A,0x0B0C,0x0B09,0x0808,0x090A,0x0C0E,0x0E0E,0x0E0D,0x0E0F,0x100F,
   0x0E0D,0x0B0A,0x0907,0x0706,0x0504,0x0201,0x00FF,0xFFFF,0xFDFB,0xF8F6,
   0xF5F5,0xF5F3,0xF2F1,0xF2F1,0xF1F1,0xF2F2,0xF1F1,0xF1F1,0xF1F1,0xF2F3,
   0xF3F2,0xF1F0,0xF0F2,0xF3F4,0xF2F2,0xF2F2,0xF2F2,0xF2F2,0xF0EE,0xEEF0,
   0xF2F2,0xF2F3,0xF3F3,0xF4F6,0xF9F9,0xF9F8,0xFAFD,0x0002,0x0404,0x0404,
   0x060A,0x0E10,0x100F,0x0E10,0x1315,0x1617,0x1615,0x1516,0x1719,0x1817,
   0x1513,0x1313,0x1415,0x1515,0x1413,0x1213,0x1516,0x1717,0x1514,0x1416,
   0x181A,0x1B1A,0x1919,0x1C1F,0x2223,0x2321,0x2225,0x2628,0x2725,0x2220,
   0x2022,0x2324,0x2321,0x1F1E,0x1E1D,0x1E1C,0x1B19,0x1716,0x1414,0x1313,
   0x1210,0x0E0D,0x0B0C,0x0B0B,0x0907,0x0400,0xFFFE,0xFEFC,0xF9F6,0xF3F2,
   0xF0EF,0xEDEA,0xE7E5,0xE2E0,0xDFDD,0xDBD8,0xD5D3,0xD2D1,0xD2D3,0xD2D0,
   0xCECE,0xCED0,0xD1D1,0xCFCE,0xCCCB,0xCDD1,0xD4D6,0xD6D5,0xD6D9,0xDDE1,
   0xE4E4,0xE3E3,0xE5E8,0xEBEC,0xECEC,0xEDEF,0xF1F4,0xF7F9,0xFBFB,0xFAF9,
   0xFAFB,0xFE00,0xFFFF,0xFDFD,0xFF03,0x0608,0x0806,0x0607,0x0A0B,0x0B0B,
   0x0A0A,0x0B0B,0x0D0F,0x100F,0x1011,0x1111,0x1010,0x1011,0x100F,0x0D0D,
   0x0C0D,0x0E0E,0x0E0C,0x0908,0x0A0A,0x0A08,0x0503,0x0202,0x0302,0x01FF,
   0xFFFE,0xFFFF,0xFFFE,0xFCFB,0xFBFC,0xFBFC,0xFCFC,0xFBFA,0xFAFC,0xFDFE,
   0xFFFC,0xFCFC,0xFDFE,0xFFFF,0xFFFF,0x0002,0x0505,0x0403,0x0305,0x0709,
   0x0908,0x0503,0x0204,0x0606,0x0505,0x080B,0x0E10,0x1010,0x1112,0x1517,
   0x1715,0x1413,0x1517,0x1919,0x1919,0x1B1D,0x1E1E,0x1D1C,0x1B19,0x1714,
   0x110F,0x0E0D,0x0D0D,0x0D0C,0x0B0A,0x0A0A,0x0909,0x0807,0x0401,0x0000,
   0x0103,0x0607,0x0809,0x090B,0x0D0F,0x0F0D,0x0B09,0x080A,0x0C0E,0x0F0E,
   0x0D0D,0x0E0F,0x110F,0x0F0E,0x0B0A,0x0808,0x0B0C,0x0A09,0x0705,0x0606,
   0x0403,0x0200,0xFEFE,0xFEFE,0xFCF8,0xF7F7,0xF8F9,0xF7F5,0xF2F0,0xEFEF,
   0xEFEE,0xEBE7,0xE4E1,0xDFDF,0xDEDE,0xDEDB,0xD9D6,0xD5D6,0xD7D7,0xD4CF,
   0xCAC8,0xCBD3,0xDAE0,0xE0DC,0xDADB,0xE2EC,0xF3F4,0xF1EF,0xEFF4,0xFB02,
   0x0708,0x080A,0x0D11,0x1312,0x1314,0x1514,0x1310,0x1010,0x1215,0x1716,
   0x1411,0x1112,0x1414,0x1210,0x1011,0x1112,0x1517,0x191B,0x1E24,0x292C,
   0x2D2D,0x2E32,0x363A,0x3E3E,0x3D3B,0x3C40,0x4446,0x4440,0x3B38,0x3635,
   0x3533,0x302B,0x251F,0x1D1C,0x1A17,0x110B,0x0501,0xFFFF,0xFEF9,0xF4EF,
   0xEDED,0xEFED,0xEAE6,0xE2E1,0xE0E0,0xE0DF,0xDDDB,0xDBDB,0xDBD9,0xD7D6,
   0xD6D4,0xD4D0,0xCDCB,0xCBC9,0xCACA,0xC9C6,0xC4C8,0xD1DC,0xE5E8,0xE4E1,
   0xE2E8,0xF2FC,0xFEFD,0xFBFB,0x020C,0x151B,0x1D1F,0x2223,0x2422,0x2020,
   0x2223,0x2422,0x1D19,0x1719,0x1D1F,0x1B14,0x0D08,0x0604,0x0200,0xFEFB,
   0xF9F8,0xF9FA,0xFCFF,0x0001,0x0406,0x070A,0x0A09,0x0A0D,0x1319,0x1D1E,
   0x1E1F,0x2224,0x2727,0x2523,0x201D,0x1B19,0x1716,0x1513,0x0E09,0x0300,
   0xFFFE,0xFBF6,0xF0E9,0xE5E4,0xE4E4,0xE3E0,0xDCD9,0xD7D9,0xDBDC,0xDCDB,
   0xD9D8,0xD9DC,0xDFE1,0xE0DD,0xDBDB,0xDDDF,0xE0DE,0xDEDB,0xDBDB,0xDAD8,
   0xD3CE,0xCFD8,0xE4F1,0xF6F1,0xE8E6,0xE9F5,0x0207,0x04FF,0xFBFE,0x0813,
   0x1A1B,0x1C1E,0x2021,0x201C,0x1A1B,0x1E21,0x1F18,0x0F0A,0x0B0F,0x1310,
   0x0A01,0xFCF8,0xF6F6,0xF5F3,0xF1EE,0xEBE7,0xE4E3,0xE5E9,0xEEF3,0xF7FA,
   0xFD01,0x0407,0x0C13,0x191E,0x1F20,0x2225,0x2A2F,0x3334,0x3434,0x3333,
   0x3434,0x3231,0x302E,0x2C28,0x2320,0x1F1D,0x1B17,0x110C,0x0804,0x0201,
   0xFFFC,0xF7F2,0xEFED,0xECEA,0xE9E9,0xE7E5,0xE4E3,0xE2E0,0xDDD8,0xD7D7,
   0xD5D4,0xD1CC,0xCBC7,0xC4C2,0xBEB6,0xB2B4,0xBBC6,0xCFCC,0xC1BB,0xBBC4,
   0xD3DD,0xDDD9,0xD2D2,0xDBE8,0xF1F3,0xF2F3,0xF6FB,0xFFFD,0xFCFC,0xFE04,
   0x0809,0x0705,0x0507,0x0B0C,0x0B07,0x0402,0x0202,0x00FF,0xFFFF,0xFF00,
   0x0102,0x0101,0x0002,0x050B,0x121A,0x2128,0x2E33,0x393F,0x474E,0x5558,
   0x5A5B,0x5C60,0x676E,0x7374,0x706E,0x6E70,0x7272,0x6D67,0x605B,0x5958,
   0x5550,0x4943,0x3F3D,0x3933,0x2B24,0x1E1A,0x1815,0x130E,0x0A07,0x080A,
   0x0A08,0x0502,0x0100,0xFF00,0xFDFC,0xFAF7,0xF9FB,0xF9F6,0xF3ED,0xE9EC,
   0xF3FB,0x0303,0xFAF0,0xEDF1,0xFF0B,0x100C,0x03FD,0xFE06,0x1113,0x110D,
   0x0C0F,0x1312,0x0E09,0x080C,0x1010,0x0900,0xF9F6,0xF9FB,0xF9F2,0xE7E0,
   0xDDDD,0xDBD5,0xCEC6,0xC0BC,0xBBB8,0xB7B4,0xB0AD,0xABAC,0xADB0,0xB2B5,
   0xBABE,0xC5CC,0xD0D3,0xD7D9,0xDFE8,0xEFF3,0xF4F3,0xF5F9,0xFF04,0x0708,
   0x0807,0x0606,0x0505,0x0300,0xFEFC,0xF6F0,0xEBE9,0xE7E5,0xE1DB,0xD5D2,
   0xCFCE,0xCDCD,0xCAC8,0xC6C5,0xC6C6,0xC5C4,0xC4C5,0xC6C8,0xCACB,0xCFCF,
   0xCED0,0xD1D2,0xD5D4,0xD0CD,0xCFD6,0xE0EC,0xF1E9,0xE2E0,0xE7F9,0x090D,
   0x07FE,0xF9FD,0x0B19,0x1F1D,0x1918,0x2029,0x3030,0x2C2A,0x2D31,0x3330,
   0x2C28,0x272C,0x2E2E,0x2B26,0x2324,0x2423,0x1E19,0x130E,0x0B0A,0x0707,
   0x0807,0x0707,0x090B,0x0E10,0x1014,0x1B24,0x2E33,0x3534,0x353B,0x4754,
   0x5A5A,0x5857,0x5A61,0x676A,0x6966,0x6363,0x6361,0x5C56,0x5251,0x504B,
   0x433A,0x322E,0x2B28,0x2119,0x120C,0x0806,0x03FF,0xFBF7,0xF5F5,0xF4F0,
   0xECE9,0xE7E6,0xE6E5,0xE4E4,0xE3E2,0xE3E4,0xE4E4,0xE2DD,0xDBDB,0xDEE3,
   0xE9EB,0xE8E7,0xEAF0,0xFC04,0x0200,0xFEFF,0x0710,0x1212,0x1010,0x1720,
   0x2729,0x2826,0x272B,0x2D2B,0x2622,0x2123,0x2523,0x1E18,0x1412,0x1415,
   0x120C,0x05FE,0xF9F5,0xF3F1,0xF0EF,0xEBE6,0xE3E2,0xE5EA,0xEDEC,0xEAED,
   0xF2FB,0x060B,0x0A07,0x070D,0x1A24,0x2622,0x1C1A,0x1E27,0x2E2E,0x2923,
   0x1F20,0x2424,0x211A,0x120E,0x0C09,0x0703,0xFFFA,0xF4EF,0xEAE6,0xE3DF,
   0xDDDA,0xD6D2,0xD0D1,0xD3D4,0xD4D3,0xD2D0,0xD0D0,0xD1D2,0xD2D2,0xD3D0,
   0xD1D2,0xD2D4,0xD5D2,0xD1D3,0xD7DE,0xE9EE,0xEEEF,0xEFF1,0xF8FE,0x0003,
   0x0405,0x070B,0x0F12,0x1519,0x1D23,0x2729,0x2826,0x2323,0x2423,0x2221,
   0x1E1A,0x1714,0x1312,0x100D,0x0A07,0x02FD,0xF7F2,0xEDEA,0xE8E7,0xE6E4,
   0xDFDB,0xDBDE,0xE3E9,0xEEEF,0xF0F2,0xF6FD,0x060F,0x1213,0x1418,0x2029,
   0x2E30,0x3134,0x373D,0x4244,0x4341,0x4043,0x4748,0x4540,0x3A36,0x3432,
   0x2E2B,0x2721,0x1D1A,0x1613,0x0F0B,0x0705,0x02FF,0xFCF9,0xF7F6,0xF4F2,
   0xF1EF,0xEDEB,0xE8E6,0xE5E4,0xE4E5,0xE4E3,0xE0DE,0xDCD9,0xD7D7,0xDCE4,
   0xEEF7,0xF6F3,0xEFF1,0xF904,0x0A0C,0x0906,0x060C,0x1419,0x1B1C,0x1F25,
   0x2C30,0x302C,0x2A2A,0x2C2E,0x2E2B,0x2520,0x1D1D,0x1D1C,0x1A18,0x1410,
   0x0B05,0x02FF,0xFCF8,0xF3EF,0xEBE7,0xE4E4,0xE5E8,0xE9EB,0xECED,0xEEF0,
   0xF4FB,0x0108,0x0A0A,0x0D10,0x151A,0x1F22,0x2325,0x2627,0x2928,0x2726,
   0x2627,0x2725,0x211C,0x1815,0x110E,0x0B08,0x03FF,0xFCF9,0xF6F2,0xEDE9,
   0xE7E6,0xE5E2,0xDDD9,0xD5D3,0xD2D3,0xD3D0,0xCDC9,0xC6C7,0xC8C8,0xC9C8,
   0xC9C7,0xC6C4,0xC1BE,0xBEC3,0xCCD6,0xDFDF,0xDDDD,0xE1EB,0xF8FF,0x01FF,
   0xFF00,0x060D,0x1213,0x1416,0x1C24,0x292B,0x2B29,0x292B,0x2D2E,0x2D2A,
   0x2520,0x1D1A,0x1716,0x1513,0x100C,0x0703,0x01FE,0xFBF7,0xF3EF,0xECE8,
   0xE5E2,0xE2E2,0xE3E6,0xE9EA,0xEBEC,0xEFF6,0xFD03,0x0709,0x090B,0x0D11,
   0x161B,0x1C1D,0x1E21,0x2426,0x2828,0x292C,0x2D2E,0x2D2B,0x2724,0x2221,
   0x1F1D,0x1914,0x110E,0x0B09,0x0706,0x0503,0x0100,0xFEFC,0xF9F7,0xF5F2,
   0xF0EE,0xEAE6,0xE3E0,0xDFDF,0xDFE0,0xDEDC,0xD8D5,0xD5D7,0xD8DA,0xDEE1,
   0xE6EB,0xEDF3,0xF6F9,0xFE04,0x0A0F,0x1111,0x1215,0x1B1F,0x2327,0x292A,
   0x2E31,0x3335,0x3434,0x3538,0x3836,0x322C,0x2927,0x2626,0x2420,0x1A16,
   0x1312,0x110E,0x0A07,0x0401,0xFEFA,0xF7F5,0xF4F3,0xF4F4,0xF5F5,0xF6F9,
   0xFBFD,0xFF00,0x0409,0x0E0F,0x100F,0x1013,0x181C,0x1F20,0x1E1E,0x1F22,
   0x2525,0x2321,0x201F,0x1F1C,0x1915,0x110C,0x0907,0x0604,0xFFFB,0xF5F2,
   0xF2F3,0xF2F1,0xEEE9,0xE4E2,0xE1E0,0xDDD9,0xD3D0,0xCDCC,0xCAC8,0xC7C7,
   0xC6C5,0xC6C7,0xC8CA,0xCACB,0xCCD0,0xD5DC,0xE5EB,0xEDED,0xEFF4,0xFE07,
   0x0E0F,0x0E0E,0x1117,0x1F26,0x2828,0x292C,0x3236,0x3737,0x3534,0x3434,
   0x3432,0x2E29,0x2420,0x1D1A,0x1614,0x120F,0x0B08,0x0402,0x01FF,0xFEFC,
   0xF9F6,0xF3F1,0xF0F0,0xF0F0,0xF2F5,0xF7F9,0xF8F9,0xFC02,0x080E,0x1112,
   0x1111,0x1318,0x1C1F,0x201F,0x1E1E,0x1F20,0x2021,0x2222,0x211F,0x1C19,
   0x1613,0x100D,0x0A05,0xFFFD,0xFAF9,0xF6F2,0xEEEC,0xEAE9,0xE6E3,0xDFDA,
   0xD5D2,0xD0CF,0xCCC8,0xC4C1,0xBFBE,0xBBBB,0xBABB,0xBCBE,0xBEBE,0xBCBA,
   0xB8BB,0xBFC5,0xCACC,0xCDCE,0xD1D5,0xDBE1,0xE6E9,0xEBEE,0xF1F5,0xF8FA,
   0xFCFE,0x0104,0x0607,0x0605,0x0506,0x080A,0x0905,0x00FD,0xFBFB,0xFBFA,
   0xF6F1,0xECEA,0xE9E8,0xE7E4,0xE1DF,0xE0E1,0xE2E1,0xDFDE,0xDFE2,0xE5E8,
   0xE8E7,0xE8EA,0xEFF4,0xF9FD,0x0106,0x0B0F,0x1317,0x1B1F,0x2225,0x2626,
   0x2626,0x282A,0x2B2B,0x2A2C,0x2F31,0x312E,0x2C2A,0x2828,0x2827,0x241F,
   0x1A17,0x1515,0x1514,0x1312,0x100C,0x0908,0x0808,0x0704,0x00FC,0xF7F4,
   0xF2F0,0xF0F0,0xEFF1,0xF1F2,0xF3F4,0xF6F9,0xFAF9,0xF9FB,0x0007,0x0C0E,
   0x0D0E,0x121B,0x252D,0x2F2E,0x2E31,0x373E,0x4041,0x3F3F,0x4143,0x4443,
   0x4240,0x3F3F,0x3D39,0x3531,0x2D2B,0x2721,0x1A14,0x0F0C,0x0A06,0x02FE,
   0xFBF9,0xF8F8,0xF8F6,0xF5F2,0xF0F0,0xF0EF,0xEFEE,0xEDEC,0xECEE,0xF3F9,
   0xFD01,0x0407,0x0C11,0x1418,0x1A1B,0x1B1C,0x1D1D,0x1C19,0x1819,0x1B1D,
   0x1E1D,0x1D1C,0x1A1A,0x1C1D,0x1C18,0x130F,0x0C0B,0x0A08,0x0500,0xFCF8,
   0xF6F7,0xF8F6,0xF3EE,0xEAE6,0xE3E1,0xDEDA,0xD6D1,0xD0D0,0xCFCE,0xCDCB,
   0xCCCD,0xCECD,0xCCCA,0xC9C9,0xCACB,0xCED2,0xD6D9,0xDBDD,0xDFE3,0xEAF1,
   0xF5F8,0xF8F9,0xFBFF,0x0102,0x0202,0x0203,0x0505,0x0402,0x00FF,0xFFFF,
   0xFEFC,0xFAF9,0xF6F3,0xEFED,0xECED,0xEEED,0xEBE9,0xE8E9,0xEDF2,0xF5F6,
   0xF5F3,0xF3F6,0xF9FC,0xFCFA,0xF9F7,0xF9FE,0x030A,0x0E12,0x161A,0x1F23,
   0x272A,0x2D2E,0x2D2E,0x2E2E,0x2E2C,0x2B2B,0x2C2E,0x3234,0x3738,0x3737,
   0x383A,0x3B39,0x3530,0x2B27,0x2423,0x2323,0x201C,0x1916,0x1413,0x1210,
   0x0D08,0x0300,0xFFFF,0xFFFD,0xF8F5,0xF2F3,0xF5F6,0xF7F6,0xF5F5,0xF5F7,
   0xF9F8,0xF6F5,0xF5F7,0xFBFF,0x0205,0x0809,0x0B0F,0x1316,0x1817,0x1616,
   0x1514,0x1210,0x0E0D,0x0D0C,0x0A06,0x02FF,0xFFFF,0xFEFB,0xF6F2,0xEEEB,
   0xE8E6,0xE4E3,0xE2E1,0xDFDE,0xDDDD,0xDFE2,0xE4E5,0xE3E1,0xE1E3,0xE4E3,
   0xE1E0,0xE1E2,0xE2E2,0xE1E2,0xE5E9,0xEFF4,0xF6F6,0xF6F9,0xFE02,0x0303,
   0x0202,0x0202,0x0305,0x0607,0x090A,0x0C0E,0x1011,0x1214,0x1413,0x1212,
   0x120F,0x0A05,0x00FF,0xFFFD,0xFBF6,0xF0EB,0xE7E5,0xE4E4,0xE1DF,0xDDDB,
   0xD9D7,0xD5D5,0xD8DB,0xDEDE,0xDDDA,0xDADC,0xE1E6,0xEAEB,0xEAEA,0xECF1,
   0xF6FA,0xFCFF,0x0106,0x0A0B,0x0A09,0x080A,0x0E12,0x120F,0x0C0A,0x0C0D,
   0x0D0C,0x0A08,0x0605,0x0402,0x00FF,0xFF00,0x0000,0x0001,0x0203,0x0405,
   0x0507,0x0A0C,0x0C0B,0x0A08,0x0708,0x090A,0x0906,0x0301,0x0100,0x0000,
   0xFFFD,0xFAF8,0xF9FB,0xFDFF,0xFEFE,0xFF01,0x050A,0x0E11,0x1112,0x1518,
   0x1C1F,0x2020,0x2224,0x2629,0x2C2B,0x2A29,0x2728,0x2B2B,0x2924,0x1D17,
   0x110D,0x0B08,0x03FD,0xF6F0,0xEDEC,0xEEEE,0xEEED,0xECEC,0xEDEF,0xF1F2,
   0xF3F3,0xF4F5,0xF7F8,0xFAFD,0x0105,0x0A0E,0x1114,0x1718,0x191A,0x1A19,
   0x1715,0x1312,0x1112,0x1212,0x1211,0x1110,0x0F0E,0x0E0E,0x0E0D,0x0906,
   0x0507,0x090C,0x0C0B,0x0B0B,0x0E14,0x181B,0x1B19,0x1A1D,0x1F20,0x1E1B,
   0x1A19,0x1918,0x1612,0x0E0B,0x0909,0x0805,0x01FE,0xFCFA,0xF9F8,0xF5F2,
   0xEFEF,0xF0F3,0xF5F5,0xF5F6,0xFB03,0x0C12,0x1518,0x1C22,0x282D,0x2F2F,
   0x2E2F,0x3234,0x3430,0x2C2A,0x2B2C,0x2A25,0x1F1C,0x1A19,0x1610,0x0A04,
   0x00FF,0xFEFC,0xF8F6,0xF4F5,0xF7F8,0xF7F7,0xF8FA,0xFCFE,0x0002,0x0404,
   0x0507,0x0B0E,0x1214,0x1514,0x1414,0x1516,0x1512,0x0E0A,0x0807,0x0400,
   0xFBF6,0xF2F2,0xF2F4,0xF4F0,0xECEB,0xECF2,0xF7F9,0xF8F9,0xF9FB,0xFEFF,
   0x0001,0x0204,0x0607,0x0605,0x0507,0x0A0C,0x0B09,0x0706,0x0503,0x00FC,
   0xF6F1,0xECE8,0xE5E0,0xDCD9,0xD7D6,0xD5D4,0xD2D1,0xD0CF,0xCECE,0xCECE,
   0xCFD1,0xD4D7,0xDADB,0xDCDF,0xE5EB,0xF0F4,0xF7F8,0xFAFC,0xFF01,0x0201,
   0xFFFF,0xFFFF,0xFEFB,0xF9F7,0xF6F6,0xF6F4,0xF2F0,0xEDED,0xEEEF,0xF1F2,
   0xF2F3,0xF4F4,0xF5F7,0xFAFC,0xFDFE,0xFF01,0x0306,0x080A,0x0C0F,0x1113,
   0x1412,0x0F0E,0x0F12,0x1311,0x0D07,0x0403,0x0303,0x01FD,0xF8F4,0xF3F3,
   0xF3EF,0xEAE7,0xE8EC,0xF1F5,0xF5F3,0xF2F3,0xF8FE,0x0203,0x01FF,0x0001,
   0x0201,0x0103,0x0508,0x0A0A,0x0807,0x0708,0x0A0B,0x0B08,0x0401,0x0001,
   0x0101,0x0100,0xFFFE,0xFEFF,0x0101,0x0203,0x0506,0x0604,0x0202,0x0406,
   0x0708,0x0706,0x0506,0x090C,0x0C0A,0x0808,0x0A0C,0x0C0B,0x090A,0x0C0F,
   0x1213,0x1414,0x161A,0x1D1F,0x1E1D,0x1D1F,0x2120,0x1E1B,0x1B1B,0x1F23,
   0x2727,0x2625,0x272C,0x3133,0x3331,0x2D2B,0x2A2B,0x2C2C,0x2824,0x211F,
   0x2020,0x1F1E,0x1A18,0x191A,0x1C1D,0x1B18,0x1617,0x1A1B,0x1A16,0x1210,
   0x0F0F,0x0E0B,0x0806,0x0504,0x02FF,0xFDFC,0xFDFF,0x01FF,0xFBF6,0xF4F5,
   0xF7FA,0xFBFA,0xF9F9,0xF9FA,0xFCFE,0xFF02,0x0304,0x0201,0x0103,0x080A,
   0x0B0B,0x0A0A,0x0A0B,0x0D0E,0x0D0A,0x0604,0x0200,0xFEFB,0xF7F3,0xEDE9,
   0xE6E3,0xDFDC,0xD9D9,0xD9D8,0xD6D4,0xD5D6,0xDADD,0xDFDF,0xDEDF,0xE0E4,
   0xE9EC,0xEDEF,0xF1F4,0xF9FD,0x0107,0x0B0F,0x1213,0x1415,0x1617,0x191A,
   0x1716,0x1718,0x1A1B,0x1917,0x1718,0x1817,0x130E,0x0A08,0x090A,0x0B08,
   0x0300,0x0003,0x0607,0x0604,0x0303,0x0302,0x00FF,0xFEFE,0xFDFD,0xFBF7,
   0xF5F4,0xF4F3,0xF1EC,0xE8E6,0xE5E4,0xE2E0,0xDDDB,0xD9D8,0xD8D6,0xD5D3,
   0xD3D4,0xD5D6,0xD8D8,0xDBDD,0xDFE2,0xE6EB,0xEEF0,0xF1F3,0xF6F9,0xFCFF,
   0x0000,0x0103,0x0609,0x0A08,0x0503,0x0102,0x0202,0xFFFD,0xF9F6,0xF5F6,
   0xF6F7,0xF6F5,0xF5F5,0xF4F5,0xF6F9,0xFCFC,0xFCFD,0xFDFF,0x0102,0x0506,
   0x0709,0x0A0C,0x0E10,0x1214,0x1516,0x1715,0x1413,0x1211,0x1011,0x1212,
   0x100B,0x0806,0x070A,0x0B0C,0x0906,0x0506,0x090B,0x0B09,0x0809,0x0C0F,
   0x100F,0x0E0E,0x0F11,0x1314,0x1311,0x1010,0x1212,0x110F,0x0F0F,0x0F0E,
   0x0E0E,0x0D0D,0x0C0B,0x0C0B,0x0B0B,0x0B09,0x0705,0x0406,0x0706,0x0503,
   0x0304,0x0608,0x0A0C,0x0D0C,0x0C0D,0x0D0E,0x0E0F,0x0F0D,0x0A06,0x0404,
   0x0505,0x0503,0x0100,0xFEFD,0xFCFC,0xFCFE,0x0001,0x0100,0xFEFE,0xFF01,
   0x0304,0x0302,0x0202,0x0305,0x0708,0x0A0B,0x0D11,0x1418,0x1C1E,0x1F21,
   0x2225,0x292B,0x2B2A,0x292A,0x2C2C,0x2C29,0x2725,0x2424,0x2423,0x211F,
   0x1D1C,0x1D1C,0x1A18,0x1819,0x1919,0x1715,0x1312,0x0F0E,0x0C09,0x0604,
   0x0201,0xFFFD,0xFAF8,0xF8F7,0xF6F4,0xF2F1,0xF0ED,0xEBEA,0xE8E8,0xE7E7,
   0xE5E3,0xE1E0,0xE3E6,0xE8E8,0xE7E8,0xEAED,0xF2F6,0xF9FB,0xFBFD,0xFF02,
   0x0305,0x0607,0x0808,0x080A,0x0C10,0x1213,0x1414,0x1415,0x1618,0x1919,
   0x1919,0x1818,0x1817,0x1817,0x1817,0x1515,0x1516,0x1716,0x1413,0x1210,
   0x1010,0x1111,0x100F,0x0E0D,0x0D0D,0x0E0F,0x100F,0x0E0D,0x0E0F,0x0F0C,
   0x0806,0x0505,0x0403,0x01FF,0xFEFE,0xFEFF,0xFFFD,0xFBFC,0xFEFF,0xFDFA,
   0xF6F5,0xF6F7,0xF7F4,0xF0EC,0xEBEB,0xECEC,0xE9E5,0xE2E1,0xE2E3,0xE3E3,
   0xE2E1,0xE1E1,0xE3E4,0xE4E4,0xE3E2,0xE2E1,0xE2E3,0xE4E4,0xE3E3,0xE5E8,
   0xEBED,0xF0F2,0xF4F5,0xF7F9,0xFAFC,0xFEFF,0x00FF,0xFFFD,0xFCFE,0xFF00,
   0xFFFC,0xF9F7,0xF7F8,0xF7F6,0xF4F2,0xF1F1,0xF2F1,0xF0EE,0xEEEE,0xEEEC,
   0xE9E7,0xE6E6,0xE6E5,0xE4E3,0xE2E2,0xE3E4,0xE5E4,0xE3E3,0xE5E6,0xE7E7,
   0xE8E9,0xEBEE,0xF0F1,0xF2F2,0xF2F3,0xF5F8,0xF9FA,0xFBFC,0xFDFF,0x0003,
   0x0507,0x0809,0x0B0E,0x100F,0x0D0B,0x0A0C,0x0E0E,0x0C08,0x0401,0x0205,
   0x0705,0x01FC,0xFAFB,0xFCFE,0xFDFC,0xFAFA,0xFCFE,0xFF00,0xFFFF,0xFF00,
   0x0001,0x0203,0x0506,0x0606,0x070A,0x0F14,0x181B,0x1C1C,0x1D1E,0x2023,
   0x2425,0x2524,0x2425,0x282A,0x2D2D,0x2C2B,0x2B2B,0x2C2C,0x2B2A,0x2827,
   0x2626,0x2624,0x2220,0x1F1F,0x1E1C,0x1916,0x1514,0x1313,0x1312,0x100D,
   0x0C0A,0x0908,0x0606,0x0706,0x0504,0x0404,0x0504,0x0506,0x0605,0x0302,
   0x0305,0x0708,0x0909,0x0808,0x090B,0x0D0D,0x0C0B,0x0B0B,0x0B0A,0x0806,
   0x0504,0x0302,0xFFFC,0xF8F6,0xF6F6,0xF5F3,0xEFED,0xEAE9,0xE8E7,0xE6E4,
   0xE3E4,0xE5E7,0xE8E8,0xE7E6,0xE7E9,0xE8ED,0xEDED,0xECEB,0xEAEC,0xEEF1,
   0xF5F8,0xF9F9,0xF9F9,0xFAFE,0x0102,0x0404,0x0304,0x060A,0x0D10,0x1211,
   0x1112,0x1315,0x1717,0x1818,0x1818,0x1919,0x1816,0x1515,0x1514,0x120D,
   0x0B09,0x0908,0x0706,0x0402,0x0101,0x0201,0xFFFC,0xFAFA,0xFBFB,0xFBFB,
   0xFAFA,0xFBFD,0xFF01,0x0201,0x0102,0x0305,0x0709,0x0B0D,0x0D0D,0x0F11,
   0x1314,0x1414,0x1413,0x1313,0x1211,0x100F,0x0F0D,0x0905,0x0101,0x0202,
   0xFFFB,0xF6F2,0xF1F0,0xEFEC,0xE7E3,0xE2E3,0xE5E6,0xE5E2,0xE1E2,0xE4E6,
   0xE7E7,0xE6E5,0xE5E5,0xE7EA,0xEBED,0xEFF1,0xF3F5,0xF6F8,0xFAFE,0x0004,
   0x0708,0x090B,0x0E12,0x171A,0x1A19,0x1A1C,0x2023,0x2525,0x2524,0x2525,
   0x2626,0x2522,0x201F,0x1E1C,0x1A17,0x1512,0x0E0A,0x0705,0x0300,0xFEFC,
   0xFAF8,0xF4F2,0xF0EF,0xEFEF,0xEFEE,0xEDEB,0xEBED,0xF1F2,0xF2F1,0xF0F1,
   0xF5F9,0xFCFE,0xFFFE,0xFF00,0x0405,0x0606,0x0608,0x0A0C,0x0C0B,0x0A0B,
   0x0D0E,0x0F0C,0x0805,0x0304,0x0503,0x00FD,0xFBFA,0xF8F6,0xF3F0,0xEEED,
   0xEDED,0xECEA,0xE6E5,0xE6E7,0xE9EA,0xEAEB,0xEBEA,0xEAEC,0xEFF2,0xF4F5,
   0xF5F5,0xF6F8,0xFAFD,0xFF01,0x0202,0x0406,0x080A,0x0C10,0x1213,0x1415,
   0x1719,0x1B1D,0x1E1F,0x1F1E,0x1F21,0x2223,0x211F,0x2022,0x2425,0x2523,
   0x201E,0x1C1C,0x1C1A,0x1613,0x100E,0x0C0A,0x0706,0x0504,0x0303,0x0302,
   0x0100,0xFFFF,0xFEFC,0xFBFA,0xF9F9,0xFBFD,0xFF00,0x0101,0x0102,0x0304,
   0x0404,0x0505,0x0403,0x0201,0x0202,0x0303,0x02FF,0xFDFC,0xFCFD,0xFEFC,
   0xFAF7,0xF6F4,0xF3F0,0xECEA,0xE9E8,0xE9EA,0xE8E6,0xE5E5,0xE8EC,0xEDEE,
   0xEDED,0xEEEE,0xF1F4,0xF7F9,0xF9FA,0xFDFE,0xFF00,0x0104,0x0506,0x0607,
   0x0808,0x0808,0x0808,0x0909,0x090A,0x0A0A,0x0B0B,0x0C0C,0x0D0D,0x0F10,
   0x100F,0x0E0E,0x0F11,0x1212,0x1210,0x0D0C,0x0D0D,0x0E0C,0x0A08,0x0504,
   0x0201,0x0000,0x00FF,0xFEFD,0xFBFA,0xFAFB,0xFCFD,0xFBFA,0xF8F9,0xFAFC,
   0xFEFF,0xFFFF,0xFFFF,0x0204,0x0607,0x0707,0x0708,0x0909,0x0A0A,0x0906,
   0x0401,0xFFFF,0xFEFE,0xFDFB,0xF9F7,0xF7F7,0xF7F6,0xF4F2,0xF0EE,0xECEA,
   0xE9EA,0xEBEA,0xE9E9,0xE9E9,0xEBEC,0xEFF0,0xEEED,0xEFF1,0xF3F4,0xF5F6,
   0xF7F7,0xF6F6,0xF6F7,0xF7F8,0xF7F7,0xF7F7,0xF7F9,0xFCFF,0xFF00,0x0002,
   0x0508,0x0B0D,0x0E0E,0x0E0F,0x1316,0x1716,0x1516,0x191C,0x2021,0x2120,
   0x2021,0x2426,0x2624,0x2321,0x2020,0x2020,0x2120,0x1F1E,0x1D1C,0x1C1C,
   0x1C1D,0x1E1E,0x1E1F,0x2022,0x2326,0x282A,0x2A2B,0x2C2E,0x3030,0x2E2B,
   0x2929,0x2928,0x2826,0x2523,0x201E,0x1B19,0x1614,0x110F,0x0C07,0x02FE,
   0xFCFA,0xF9F6,0xF4F1,0xEEEC,0xEBEA,0xEBEA,0xE9E7,0xE6E6,0xE6E6,0xE7E9,
   0xEAE9,0xE9EB,0xEDF0,0xF1F2,0xF3F3,0xF3F3,0xF2F1,0xF1F0,0xF0F0,0xF0F0,
   0xEEED,0xEDED,0xEEEF,0xEFEE,0xEDED,0xEDEF,0xF1F2,0xF1F0,0xEFEF,0xF0F2,
   0xF4F5,0xF5F5,0xF4F5,0xF8FA,0xFCFC,0xFBF9,0xFAFB,0xFDFE,0xFFFD,0xFCFA,
   0xF9FB,0xFDFE,0xFFFF,0xFFFF,0xFF00,0x0306,0x0707,0x0606,0x090C,0x1011,
   0x1212,0x1315,0x181B,0x1D1C,0x1B1B,0x1C1C,0x1C1C,0x1C1D,0x1D1B,0x1917,
   0x1718,0x1818,0x1614,0x100C,0x0A08,0x0704,0x01FF,0xFFFE,0xFCFA,0xF8FA,
   0xFBFC,0xFCFB,0xF9F7,0xF7F8,0xFAFC,0xFCFB,0xFCFD,0xFF00,0x0103,0x0506,
   0x0604,0x0201,0xFFFE,0xFDFD,0xFBF8,0xF4F1,0xF0F0,0xF0EF,0xEDEA,0xE7E6,
   0xE6E7,0xE6E4,0xE1DD,0xDBDA,0xDBDB,0xDBDB,0xDBDB,0xDCDE,0xE0E1,0xE3E5,
   0xE7EA,0xECED,0xEEEF,0xEFF0,0xF2F7,0xF9FB,0xFDFC,0xFA00,0x0308,0x0A0B,
   0x0B0C,0x0D10,0x1316,0x1718,0x1819,0x1C1F,0x2123,0x2628,0x2827,0x2626,
   0x282A,0x2C2C,0x2C2B,0x2B2D,0x2E30,0x312F,0x2D2C,0x2D2D,0x2B28,0x2523,
   0x2120,0x1F1E,0x1D1A,0x1817,0x1817,0x1614,0x1313,0x1314,0x1516,0x1616,
   0x1718,0x1B1E,0x2020,0x2021,0x2325,0x2829,0x2927,0x2524,0x2424,0x2422,
   0x1F1C,0x1A17,0x1514,0x1311,0x100F,0x0E0B,0x0805,0x0303,0x0201,0xFFFE,
   0xFBF9,0xFAFA,0xFBFA,0xF9FA,0xFAFC,0xFF00,0xFFFF,0xFF00,0x0204,0x0506,
   0x0708,0x0A0C,0x0D0E,0x1011,0x1214,0x1615,0x1415,0x171A,0x1C1B,0x1A1A,
   0x1D20,0x2222,0x201E,0x1C1C,0x1D1C,0x1914,0x0F0C,0x0B0A,0x0703,0xFDF8,
   0xF5F2,0xEFED,0xEAEB,0xEDEE,0xEDE6,0xDCD8,0xD9DE,0xE1DC,0xD0C4,0xC0C4,
   0xCED5,0xD1C8,0xBEBA,0xBFC9,0xCDC9,0xC0B7,0xB4B7,0xBBBB,0xB9B5,0xB0AE,
   0xB0B2,0xB4B4,0xB1AE,0xABA8,0xA8AA,0xACAD,0xAAA5,0xA1A0,0xA5AC,0xB1B2,
   0xAFAB,0xA9AB,0xB0B4,0xB7B6,0xB2B0,0xB0B1,0xB3B6,0xB7B9,0xBBBB,0xBBBB,
   0xBDBF,0xC1C2,0xC3C4,0xC4C5,0xC7C9,0xCCCD,0xCCCD,0xD1D5,0xD9DB,0xDADB,
   0xDDE1,0xE7EE,0xF2F4,0xF5F6,0xFC02,0x080B,0x0E0F,0x1215,0x181C,0x1F20,
   0x2123,0x2527,0x2928,0x2829,0x292A,0x2B2D,0x2E2E,0x2D2C,0x2B2B,0x2C2D,
   0x2C2A,0x2623,0x2121,0x201F,0x1E1B,0x1816,0x1514,0x151A,0x1F25,0x2724,
   0x2429,0x3039,0x3D39,0x322F,0x333B,0x4444,0x3D37,0x3438,0x4249,0x4742,
   0x3C3A,0x3D3E,0x3E3C,0x3834,0x3332,0x3331,0x2E2A,0x2623,0x2426,0x2524,
   0x211A,0x1715,0x1519,0x1916,0x120F,0x0C0B,0x0B0C,0x0E0F,0x0E0C,0x0C0D,
   0x0E10,0x1011,0x1314,0x1517,0x1817,0x1515,0x181C,0x2021,0x201F,0x2125,
   0x2A2E,0x3030,0x3031,0x3438,0x393A,0x3A3A,0x3B3E,0x3F3E,0x3E3D,0x3C3D,
   0x3E3F,0x4040,0x3D3A,0x3836,0x3635,0x332E,0x2924,0x2221,0x1F1C,0x1712,
   0x0F0E,0x0D0C,0x0A08,0x0706,0x0707,0x0705,0x0200,0xFFFF,0xFFFE,0xFBF8,
   0xF6F4,0xF2F4,0xF8FC,0x0000,0xFDFE,0x0309,0x0F10,0x0A06,0x060B,0x1317,
   0x130D,0x090A,0x1219,0x1B16,0x100C,0x0C0F,0x1110,0x0D07,0x01FE,0xFEFF,
   0xFFFB,0xF5F0,0xEEEE,0xEEEF,0xEDE8,0xE5E2,0xE1E3,0xE4E2,0xE1E0,0xDFE0,
   0xE0E0,0xE2E4,0xE5E6,0xE7E8,0xECF2,0xF6FA,0xFBFA,0xF9FB,0xFE02,0x03FF,
   0xFAF7,0xF8FC,0xFEFB,0xF6F2,0xF0F3,0xF7F8,0xF4ED,0xE7E6,0xE7E6,0xE3DE,
   0xD9D7,0xD6D6,0xD4D1,0xCFD0,0xD0D1,0xD1CD,0xCAC9,0xCBCF,0xD2D1,0xCFCF,
   0xD0D3,0xD6D9,0xDAD8,0xD6D5,0xD7D9,0xD8D5,0xD1CD,0xCDCE,0xCFCF,0xCCC6,
   0xC1BE,0xBBBA,0xB9B7,0xB4B1,0xADAB,0xA9A8,0xACB3,0xB5B8,0xB8B3,0xB5BF,
   0xC9CF,0xD1CC,0xC9CC,0xD5DE,0xE3E0,0xDBDB,0xE1EA,0xF3F5,0xF2F1,0xF4F8,
   0xFF04,0x0401,0xFFFF,0x0105,0x0706,0x0504,0x060A,0x0E11,0x1416,0x1618,
   0x1B1E,0x2226,0x2829,0x2A2D,0x3034,0x3A3F,0x4141,0x4040,0x4349,0x4E52,
   0x5250,0x4C49,0x4B50,0x5455,0x524D,0x4949,0x4A4D,0x4D4B,0x4541,0x3F40,
   0x4344,0x3F3A,0x3737,0x3A40,0x413E,0x3B37,0x3638,0x3B3C,0x3A35,0x312F,
   0x2D2C,0x2B2A,0x2724,0x211D,0x1B19,0x1612,0x0D09,0x0503,0x0100,0xFEFA,
   0xF5F1,0xEFEF,0xEEEC,0xE7E2,0xDFDE,0xDEDE,0xDDDC,0xD8D3,0xD2D2,0xD1D0,
   0xCCC7,0xCBD2,0xD5DD,0xE0DD,0xE2EC,0xF6FF,0x0403,0x0307,0x0D15,0x1816,
   0x1516,0x1B23,0x292B,0x2B2B,0x2E32,0x373D,0x3E3B,0x3731,0x2E2C,0x2A28,
   0x241C,0x140E,0x0B0B,0x0C0B,0x0602,0x0001,0x0406,0x0602,0xFEFD,0xFF04,
   0x0706,0x01FE,0xFF04,0x0A0E,0x1112,0x1214,0x171A,0x1F22,0x2424,0x2322,
   0x2120,0x1F1E,0x1B17,0x1616,0x1818,0x1511,0x0F10,0x1315,0x1411,0x0E0A,
   0x0809,0x0A0A,0x0807,0x0708,0x0A0A,0x0908,0x0809,0x0908,0x0501,0xFEFB,
   0xFBFB,0xF9F5,0xF1EE,0xEEEE,0xECE9,0xE6E3,0xE1E1,0xE0E0,0xDFDD,0xDBDB,
   0xDCDD,0xDEDE,0xDEDE,0xDFE1,0xE2E4,0xE7E9,0xE9EC,0xEDEF,0xF5FC,0xFF06,
   0x0A09,0x0E17,0x1E24,0x2624,0x2326,0x2A2D,0x2C27,0x221F,0x1E1F,0x1F1C,
   0x1611,0x0E0C,0x0C0A,0x0500,0xFCF7,0xF4F1,0xEDEB,0xE7E2,0xDFDE,0xE0E4,
   0xE6E6,0xE6E6,0xEBF4,0xFD03,0x0401,0xFF01,0x070E,0x110D,0x0A0B,0x0F15,
   0x1A1A,0x191C,0x2126,0x2A2A,0x241F,0x1D1D,0x1E1C,0x1711,0x0B08,0x0807,
   0x0604,0x0301,0xFFFF,0xFFFE,0xFDFA,0xF7F6,0xF4F4,0xF6F7,0xF6F5,0xF4F5,
   0xF9FD,0xFF00,0xFF00,0x0102,0x0405,0x0504,0x0303,0x0304,0x0403,0x0406,
   0x0809,0x0A0A,0x0B0C,0x0C0D,0x0E10,0x100F,0x0F0F,0x1011,0x1111,0x100F,
   0x0E0D,0x0C0C,0x0B08,0x0500,0xFDFB,0xF6F3,0xF4F5,0xF3F3,0xF0ED,0xF2FB,
   0x0003,0x02FD,0xFBFE,0x0208,0x0903,0xFCF8,0xF9FE,0x0203,0x00FE,0xFEFE,
   0x0002,0x02FE,0xF8F3,0xF1F3,0xF3EF,0xEAE3,0xE0E3,0xE9ED,0xEEE9,0xE3E2,
   0xE6EE,0xF3F0,0xE8E1,0xE0E4,0xEAED,0xEDE7,0xE4E6,0xEDF5,0xF8F6,0xF1EE,
   0xEFF3,0xF6F3,0xEEE7,0xE3E2,0xE4E6,0xE6E3,0xE0E0,0xE4EB,0xF1F2,0xF0EE,
   0xF0F4,0xFAFF,0x00FE,0xFCFF,0x0610,0x191E,0x1F21,0x262D,0x353C,0x4142,
   0x4140,0x4143,0x4544,0x423F,0x3D3B,0x3A39,0x3735,0x322F,0x2C2A,0x2823,
   0x1D17,0x1411,0x0E09,0x0500,0xFFFE,0xFDFD,0xFCF9,0xF6F4,0xF4F5,0xF5F2,
   0xEEEB,0xEAEA,0xEAE9,0xE6E1,0xDDDB,0xDDE3,0xE7E7,0xE6E3,0xE3EB,0xF3F6,
   0xF5F1,0xEAEA,0xEFF5,0xF4EE,0xE5DD,0xDFE6,0xECF0,0xEBE1,0xDAD7,0xD7DE,
   0xE5E3,0xDFD9,0xD3D3,0xD8DA,0xD9D7,0xD1CE,0xD0D5,0xD9DA,0xD8D6,0xD8DD,
   0xE4EC,0xF1F2,0xF6F7,0xFA01,0x0A10,0x1313,0x1217,0x1E23,0x2626,0x2526,
   0x2A30,0x3537,0x332F,0x2E33,0x3A3E,0x3D37,0x3230,0x3336,0x3633,0x2E29,
   0x2729,0x2C2E,0x2C29,0x272A,0x2F33,0x3738,0x3735,0x3535,0x3738,0x3532,
   0x2E2B,0x2B2B,0x2A29,0x2928,0x2727,0x2727,0x2523,0x2121,0x2120,0x1D1A,
   0x1714,0x1313,0x1313,0x110F,0x0D0B,0x0C0D,0x0D0A,0x0703,0xFFFC,0xFAF8,
   0xF3EE,0xE6E1,0xDCD8,0xD2CA,0xC2BB,0xBABE,0xBFBE,0xBBB5,0xB2B8,0xBFC3,
   0xC0B7,0xACAA,0xAFB2,0xB2AC,0xA3A0,0xA4AB,0xB0B3,0xB2AF,0xB3BC,0xC5CA,
   0xCBC8,0xC6CA,0xD2DA,0xDFDF,0xDDDC,0xE0E8,0xF3FD,0x0000,0x0207,0x101A,
   0x1F21,0x2223,0x2322,0x2221,0x201E,0x1C19,0x140D,0x0705,0x0506,0x03FD,
   0xF6F0,0xEDEB,0xE8E4,0xDFD9,0xD4D2,0xD1D0,0xCECB,0xCACC,0xD0D3,0xD5D4,
   0xD3D4,0xD6D9,0xDBDC,0xDCDB,0xDBDD,0xE0E2,0xE4E5,0xE7E9,0xEBEB,0xE9E8,
   0xE8E9,0xEBEC,0xECEB,0xEAEA,0xECEF,0xF3F4,0xF5F6,0xF7F8,0xF9FA,0xFAFA,
   0xF9F8,0xF6F7,0xFAFC,0xFDFD,0xFCF9,0xFAFE,0x0207,0x0804,0xFFFF,0x0005,
   0x0909,0x0503,0x0306,0x0C12,0x110F,0x0D0C,0x111C,0x282F,0x363B,0x3C41,
   0x4B56,0x5F64,0x6360,0x5E5F,0x6162,0x625F,0x5D5B,0x5A59,0x5B5C,0x5D5B,
   0x5753,0x4F4C,0x4945,0x3F37,0x312D,0x2C2B,0x2926,0x2529,0x2E35,0x3938,
   0x3839,0x3C3F,0x403A,0x3229,0x2320,0x1E1C,0x1713,0x0F0E,0x0E0F,0x0E0B,
   0x0905,0x0201,0xFFFB,0xF6F1,0xEEEE,0xEFF0,0xF2F3,0xF4F6,0xF9FC,0xFEFF,
   0xFDF8,0xF4F2,0xF1EF,0xECE8,0xE3DE,0xDEE1,0xE6E9,0xE8E7,0xE6E9,0xF0F5,
   0xF8F7,0xF3F2,0xF4F7,0xFBFC,0xFAF8,0xF7F8,0xFCFF,0xFFFE,0xFCFA,0xF8F6,
   0xF5F5,0xF3F2,0xEFEF,0xF0F1,0xF5F8,0xFBFD,0xFDFE,0x0004,0x080B,0x0C0C,
   0x0D0F,0x1418,0x1C1E,0x2021,0x2022,0x2323,0x2321,0x1D1A,0x1B22,0x2A31,
   0x322D,0x2A2D,0x3640,0x423A,0x2E28,0x262A,0x2F2B,0x2119,0x1515,0x1A1D,
   0x1915,0x1110,0x1415,0x120D,0x0802,0xFFFF,0xFDFE,0x0101,0x0204,0x0609,
   0x0D0F,0x0D0A,0x0500,0xFFFD,0xF9F1,0xE9E3,0xE3E7,0xE9E6,0xE3DF,0xDFE3,
   0xE7E7,0xE5DE,0xD8D6,0xD7DB,0xDCD9,0xD5D3,0xD6DC,0xE3E8,0xEAEA,0xE8E6,
   0xE6E6,0xE5E1,0xDBD3,0xCCC6,0xC2C1,0xC3C3,0xC2C0,0xBFC3,0xCBD5,0xDEE3,
   0xE6E8,0xEBF2,0xF7FB,0xFDFB,0xFBFE,0x0103,0x0403,0x0203,0x0508,0x0909,
   0x0808,0x0808,0x090A,0x0B0B,0x0B0A,0x0807,0x0606,0x0603,0xFFFC,0xFAF9,
   0xF7F5,0xF2ED,0xEAE8,0xE5E3,0xE1DD,0xDAD6,0xD4D3,0xD0CC,0xC8C5,0xC3C2,
   0xC4CA,0xD3DB,0xE1E1,0xE1E5,0xEDF8,0x0102,0xFFF8,0xF3F4,0xFD03,0x04FD,
   0xF2EA,0xECF4,0xFBFC,0xF4E7,0xDDDB,0xDEE5,0xE9E4,0xDBD7,0xDCEA,0xFA05,
   0x0908,0x0A12,0x1D28,0x2B24,0x1A14,0x1318,0x1A16,0x0E07,0x0305,0x090C,
   0x0C08,0x0301,0x0307,0x0907,0x0401,0x0206,0x0D15,0x1A1E,0x2229,0x333E,
   0x464A,0x4A4A,0x4849,0x4A4A,0x4844,0x3F3C,0x3B3D,0x3F40,0x3E3C,0x3B3B,
   0x3A39,0x3836,0x3634,0x3232,0x3131,0x3233,0x3333,0x312D,0x2C2B,0x2824,
   0x1E18,0x1614,0x1211,0x0F0D,0x0D0D,0x0D0E,0x1010,0x1012,0x1518,0x1713,
   0x100F,0x1215,0x1612,0x0D07,0x0505,0x0603,0xFFF7,0xF1EE,0xEDEC,0xE7E1,
   0xDCDA,0xDBDE,0xE0E1,0xE2E3,0xE8F0,0xF7FF,0x0304,0x090C,0x0E10,0x0F0B,
   0x0704,0xFFFE,0xFBF7,0xF2EB,0xE5E3,0xE3E3,0xE1DF,0xDBD6,0xD6D7,0xDEE6,
   0xEBEE,0xF1F7,0x000B,0x151B,0x1E20,0x2428,0x2C2D,0x2A23,0x1D1A,0x1A1B,
   0x1914,0x0D09,0x080B,0x0E0E,0x0B06,0x0100,0x0306,0x0605,0x0201,0x0409,
   0x0E10,0x110F,0x0D0C,0x0C0C,0x0902,0xFBF4,0xF0ED,0xEBE7,0xE3DE,0xDBD9,
   0xDADD,0xE2E6,0xE8EA,0xEBEE,0xF500,0x0910,0x1312,0x1417,0x1F25,0x241F,
   0x160F,0x0C0C,0x0D0B,0x05FE,0xF7F6,0xF9FC,0xFEFC,0xF8F5,0xF6F8,0xFBFC,
   0xFAF8,0xF7F7,0xF9F9,0xF8F6,0xF4F2,0xF0ED,0xEBE8,0xE5E1,0xDCD8,0xD4D2,
   0xD0CF,0xD1D2,0xD1D0,0xCECE,0xD2D7,0xDCE0,0xE1E1,0xE9F6,0x0511,0x1816,
   0x171E,0x272F,0x3027,0x1A12,0x1012,0x1410,0x0902,0xFEFF,0x040A,0x0B08,
   0x0403,0x0912,0x1A1F,0x1F1F,0x232D,0x3841,0x4543,0x4142,0x4649,0x463D,
   0x322A,0x2522,0x1E18,0x1007,0x00FE,0x0004,0x0502,0xFFFD,0xFD00,0x060A,
   0x0B0A,0x0A0A,0x0F16,0x1B1B,0x1814,0x1110,0x0F0C,0x07FE,0xF4EB,0xE6E4,
   0xE1DC,0xD6D2,0xD1D2,0xD4D6,0xD7D9,0xDADC,0xDFE6,0xEDF5,0xFD01,0x0305,
   0x0608,0x0A09,0x03FB,0xF0E9,0xE5E3,0xE0DD,0xD9D7,0xD8DB,0xE1E6,0xEAEB,
   0xEDF0,0xF3F7,0xF9F9,0xF8F8,0xF9FA,0xFBFB,0xFAF9,0xF7F5,0xF2ED,0xE9E3,
   0xDFDC,0xD9D6,0xD3D1,0xD0D2,0xD3D1,0xCFCF,0xCFD1,0xD3D7,0xD8D9,0xDCE1,
   0xE8EF,0xF6FA,0xFAFD,0x030A,0x1011,0x0D09,0x0707,0x0908,0x04FC,0xF4F1,
   0xF5FB,0xFEFE,0xFCFA,0xFC03,0x0F19,0x1D1E,0x1C1F,0x2832,0x393B,0x3833,
   0x3235,0x383A,0x362E,0x2621,0x2123,0x231F,0x1812,0x0E0D,0x0D0E,0x0E0B,
   0x0807,0x090D,0x1012,0x1416,0x181A,0x1C1E,0x1F1E,0x1A16,0x1312,0x1110,
   0x0C09,0x0707,0x090C,0x1013,0x1618,0x1C23,0x282B,0x2E31,0x3439,0x3E42,
   0x4344,0x4343,0x4343,0x413E,0x3831,0x2C27,0x231E,0x1A16,0x1412,0x1111,
   0x1213,0x1414,0x1415,0x181B,0x1C1B,0x1916,0x1414,0x1616,0x130C,0x0601,
   0x0000,0x00FC,0xF7F3,0xEFED,0xECEB,0xE8E5,0xE2E0,0xE2E4,0xE4E9,0xF0F7,
   0xFE03,0x0306,0x0D14,0x1715,0x0E07,0x01FF,0xFFFF,0xF9F0,0xE8E4,0xE5E8,
   0xE9E7,0xE3DF,0xDBD9,0xD9DC,0xE0E0,0xDEDD,0xDFE7,0xF3FD,0x0304,0x00FF,
   0x0003,0x0604,0xFBEE,0xE5E1,0xE2E4,0xE4E2,0xDCD8,0xD7DC,0xE3EA,0xECE9,
   0xE6E6,0xEBF4,0xFE04,0x0709,0x0D14,0x1E28,0x2D2E,0x2B28,0x2727,0x2624,
   0x1F19,0x1411,0x1113,0x1515,0x1413,0x1213,0x1415,0x1616,0x1616,0x181C,
   0x2128,0x2F33,0x3739,0x3938,0x3735,0x2E26,0x1B12,0x0B07,0x0403,0x0100,
   0xFFFF,0x0106,0x090A,0x0907,0x0504,0x0509,0x0C0C,0x0B08,0x0505,0x0807,
   0x04FE,0xF5EC,0xE5E2,0xDEDA,0xD5CF,0xCBCA,0xCCCF,0xCFCE,0xCBCA,0xCAC9,
   0xC9C6,0xC4C3,0xC1C3,0xC7CA,0xCCCC,0xCED0,0xD5D8,0xD9D9,0xD6D2,0xD0D0,
   0xD3D7,0xD8D8,0xD6D4,0xD6D9,0xDCE0,0xE1E1,0xE0DF,0xE0E6,0xEDF2,0xF6F8,
   0xFBFF,0x060E,0x161C,0x1E1D,0x1C1D,0x2022,0x221F,0x1B17,0x1719,0x1B1C,
   0x1A17,0x1413,0x1518,0x1B1D,0x1D1A,0x191A,0x1E23,0x292C,0x2C2B,0x2B2D,
   0x2F30,0x302C,0x2721,0x1E1D,0x1C19,0x140F,0x0C0B,0x0B0B,0x0B0C,0x0C0D,
   0x1012,0x1211,0x100F,0x1012,0x1313,0x1111,0x1214,0x1616,0x1412,0x1010,
   0x1112,0x110F,0x0B09,0x090C,0x0E0E,0x0D0A,0x0807,0x0605,0x01FB,0xF4F0,
   0xEDEC,0xEBE7,0xE2DF,0xDFDF,0xE1E2,0xE1DF,0xDEDC,0xDDDF,0xDFDD,0xDCDA,
   0xDCDF,0xE1E7,0xEDF3,0xF8FB,0xFF06,0x1018,0x1D1E,0x1B17,0x1515,0x1818,
   0x140D,0x0605,0x070B,0x0E0D,0x0A07,0x0505,0x0910,0x161B,0x1D1F,0x2227,
   0x2F37,0x3E40,0x3E3A,0x3737,0x3838,0x322A,0x211A,0x1716,0x1614,0x1009,
   0x0402,0x0305,0x0502,0xFFFE,0xFF02,0x070D,0x1112,0x1212,0x151B,0x1E1C,
   0x1710,0x0903,0xFFFE,0xFBF6,0xF0EB,0xEBED,0xF1F2,0xF1EF,0xEDED,0xEFF3,
   0xF6F7,0xF6F3,0xF3F6,0xFD02,0x0507,0x0707,0x0809,0x0907,0x02FB,0xF5F2,
   0xF1F0,0xEEEA,0xE6E3,0xE3E4,0xE7E8,0xE7E5,0xE2E0,0xE1E3,0xE7EB,0xEEEF,
   0xF0F1,0xF5F9,0xFBFB,0xF9F6,0xF5F6,0xF8F9,0xFBFB,0xFCFE,0x0105,0x080A,
   0x0A0A,0x0B0C,0x0E10,0x0F0E,0x0D0B,0x0A0D,0x1013,0x1413,0x1111,0x1110,
   0x100F,0x0C09,0x0603,0x0201,0x0102,0x0507,0x0603,0xFFFE,0xFF01,0xFFFA,
   0xF2EC,0xEAEC,0xF0F4,0xF6F4,0xF2F0,0xF3F7,0xF9F7,0xF4F0,0xEDEE,0xEFF2,
   0xF4F3,0xF0EC,0xEBED,0xF1F2,0xF1ED,0xEAE8,0xE9EB,0xEDED,0xEDEC,0xEEF3,
   0xF9FC,0xFDFC,0xFBFE,0x0002,0x0303,0x0201,0x0203,0x0302,0x00FF,0x0104,
   0x0808,0x0502,0x0204,0x080C,0x0E0C,0x0908,0x090D,0x1112,0x1010,0x1114,
   0x1A1D,0x1D1D,0x1C1D,0x2226,0x2726,0x2322,0x252A,0x2D2D,0x2B27,0x2525,
   0x2627,0x2623,0x201D,0x1B18,0x1715,0x1515,0x120D,0x0703,0x0204,0x0403,
   0xFEF8,0xF1EF,0xEEED,0xEBE8,0xE4E2,0xE2E4,0xE8ED,0xF2F7,0xF8F6,0xF2EE,
   0xEDEC,0xE9E4,0xDDD6,0xD2D1,0xD2D4,0xD3D0,0xCCC9,0xC7C7,0xC7C6,0xC4C4,
   0xC7CC,0xD4DC,0xE3EA,0xEFF5,0xFC02,0x0505,0x02FF,0xFEFC,0xFBFC,0xFBFA,
   0xFAFB,0xFBFB,0xF9F6,0xF5F5,0xF4F1,0xEBE6,0xE5E7,0xECF3,0xF7F8,0xF9FB,
   0xFF05,0x0A0B,0x0905,0x0202,0x0305,0x0607,0x080A,0x0D10,0x1417,0x1717,
   0x191D,0x2328,0x2A2A,0x2B2E,0x343C,0x4246,0x4644,0x4243,0x484D,0x4D4B,
   0x453D,0x3935,0x312E,0x2A23,0x1C18,0x1312,0x1112,0x1313,0x1313,0x1417,
   0x1B1E,0x1E1E,0x1B1B,0x1D1D,0x1D19,0x140D,0x0906,0x0301,0xFBF4,0xEEEA,
   0xE7E5,0xE3E0,0xDBD5,0xD0CB,0xC8C7,0xC8CA,0xCDCF,0xD0CF,0xD0D4,0xDBE2,
   0xE7EA,0xECEE,0xF2F6,0xFC01,0x0405,0x0606,0x0505,0x0303,0x0609,0x0805,
   0x00FD,0xFDFE,0xFFFF,0xFDF8,0xF6F5,0xF7FC,0xFEFE,0xFDFC,0xFE01,0x0507,
   0x0A0C,0x1014,0x1B23,0x2A2D,0x2F2F,0x3136,0x3B3F,0x403D,0x3836,0x373B,
   0x4042,0x3F3A,0x3737,0x3839,0x3735,0x302D,0x2A28,0x2624,0x211D,0x1917,
   0x1411,0x0E0B,0x0906,0x0401,0x0001,0x0202,0x0201,0xFFFD,0xFBF8,0xF5F4,
   0xF2EE,0xEDEC,0xEAE9,0xE8E7,0xE8E9,0xE7E6,0xE4E2,0xDFDE,0xDCDA,0xD9D9,
   0xDDE2,0xE8E8,0xE3DB,0xD7D7,0xDCDF,0xDFDA,0xD3CE,0xCED3,0xDADD,0xDBD8,
   0xD4D2,0xD3D4,0xD3D2,0xD1D1,0xD1D0,0xCFCD,0xCDCF,0xD2D4,0xD7D8,0xD6D7,
   0xD8D8,0xDCE1,0xE6ED,0xF0EE,0xEBEA,0xECF3,0xF8FA,0xFBFB,0xFBFF,0x050A,
   0x0E12,0x1316,0x1C22,0x282F,0x3336,0x3839,0x3A3E,0x3F3F,0x3C37,0x3433,
   0x3434,0x3230,0x2B26,0x2220,0x1F1C,0x1914,0x0E0B,0x0909,0x0B0D,0x0E0D,
   0x0B09,0x0808,0x0908,0x0603,0xFEFB,0xF9F7,0xF7F5,0xEFEA,0xE6E4,0xE2E0,
   0xDAD5,0xD0CB,0xC8C5,0xC2C0,0xC2C7,0xCFD6,0xD7D3,0xD2D3,0xDBE6,0xECEB,
   0xE8E7,0xECF5,0xFF04,0x0503,0x0407,0x0D10,0x0D08,0x0505,0x0A0F,0x0F0C,
   0x0805,0x0406,0x0809,0x0806,0x0301,0x0202,0x0304,0x01FC,0xF6EF,0xECEC,
   0xEEEE,0xEEEC,0xEEF4,0xFC02,0x080B,0x0D0F,0x1116,0x1B1F,0x2020,0x2123,
   0x272A,0x2D2F,0x2E2C,0x2A29,0x2929,0x2926,0x2422,0x1F1D,0x1B17,0x1310,
   0x0C0B,0x0D10,0x1212,0x110F,0x0E0C,0x0B0B,0x0905,0x02FF,0xFF02,0x0302,
   0x0100,0xFDFC,0xFBF8,0xF9FB,0xFAFA,0xFBFA,0xFBFB,0xFAFA,0xFCFF,0x0106,
   0x0907,0x0300,0x0006,0x0D10,0x0D08,0x0301,0x0205,0x0505,0x0404,0x0405,
   0x0402,0xFFFE,0xFF01,0x0201,0xFFFF,0xFF02,0x0304,0x0405,0x0505,0x0608,
   0x090A,0x0C0C,0x0C0D,0x0C0B,0x0A0A,0x0A09,0x0706,0x0606,0x0607,0x090B,
   0x0E0F,0x1216,0x191C,0x1F1F,0x1F20,0x201F,0x1F1D,0x1A17,0x1515,0x1514,
   0x120F,0x0D0A,0x0806,0x0400,0xFDFA,0xF8F8,0xF8F7,0xF5F5,0xF5F7,0xF9FA,
   0xFAF8,0xF4F1,0xF0F1,0xF3F4,0xF0EB,0xE7E6,0xE6E6,0xE4E1,0xDEDB,0xDBD9,
   0xD5D1,0xCCC6,0xC4C7,0xCDD2,0xD8DC,0xDDE0,0xE4EB,0xF6FD,0xFFFD,0xFBFD,
   0x020A,0x0F10,0x0F10,0x151B,0x1F1F,0x1A11,0x0C0D,0x1113,0x1009,0x0201,
   0x060B,0x1011,0x0F0D,0x0D0F,0x1415,0x1513,0x1010,0x1213,0x1313,0x1312,
   0x1214,0x1719,0x1B1B,0x1C1F,0x2327,0x2A2A,0x2B2D,0x2F32,0x3639,0x3B3C,
   0x3B3B,0x3B3B,0x3B39,0x3736,0x3738,0x3534,0x2F2A,0x2724,0x211C,0x1611,
   0x0D0A,0x0907,0x0403,0x0201,0x0101,0x0104,0x0606,0x0401,0xFEFB,0xF7F3,
   0xEEE9,0xE4DF,0xDDDC,0xDCDA,0xD7D3,0xCFCC,0xC7C4,0xC3C3,0xC5C7,0xC8C6,
   0xC8C9,0xCBD2,0xD7D8,0xD8D7,0xD7DB,0xDEDF,0xDEDD,0xDDE0,0xE6E9,0xEAE7,
   0xE4E1,0xE0E1,0xE1DF,0xDEDD,0xDEDF,0xDFDE,0xE0E2,0xE6E8,0xE8E9,0xEBEF,
   0xF4F9,0xFC00,0x0205,0x090D,0x1014,0x181D,0x2225,0x2627,0x282B,0x2E31,
   0x3232,0x3231,0x3336,0x393B,0x3B39,0x3738,0x3838,0x3734,0x3230,0x2E2D,
   0x2D2C,0x2925,0x221F,0x1D1B,0x1714,0x1211,0x0F0D,0x0A07,0x0503,0x0100,
   0xFFFC,0xF9F7,0xF8FB,0xFDFC,0xFAF8,0xF7F9,0xFBFC,0xFDFE,0xFCFC,0xFBFA,
   0xF8F5,0xEEE9,0xE8E8,0xE9EB,0xE9E6,0xE6E7,0xEAEF,0xF3F5,0xF6F6,0xF7F9,
   0xFCFE,0xFFFF,0xFFFF,0xFFFF,0xFFFF,0xFFFE,0xFDFD,0xFCFC,0xFBF8,0xF5F3,
   0xEEEC,0xE9E6,0xE1DD,0xD9D7,0xD7D5,0xD3D0,0xCECE,0xD0D2,0xD4D3,0xD1D1,
   0xD3D8,0xE0E5,0xE7E8,0xE9EA,0xEDF2,0xF9FF,0x0406,0x090C,0x1217,0x1C1D,
   0x1D1D,0x1F23,0x262A,0x2A27,0x2628,0x2A2C,0x2B27,0x211D,0x1B1B,0x1B19,
   0x140E,0x0804,0x0302,0x00FC,0xF7F4,0xF2F2,0xF3F4,0xF4F5,0xF4F5,0xF7F8,
   0xF9F8,0xF7F7,0xF8FA,0xFAFA,0xFAFA,0xFAF8,0xF7F8,0xF9FC,0xFF02,0x0506,
   0x0505,0x070A,0x1015,0x1616,0x1616,0x191E,0x2327,0x2826,0x2729,0x2C2F,
   0x302F,0x2E2D,0x2D2D,0x2D2C,0x2B28,0x2522,0x2121,0x2224,0x2322,0x1E19,
   0x1819,0x1B1C,0x1B1A,0x191B,0x1D20,0x2224,0x2525,0x2628,0x2A2D,0x3133,
   0x3638,0x3634,0x312F,0x2D2B,0x2926,0x2321,0x1E1E,0x1F20,0x2121,0x2122,
   0x2223,0x2221,0x1F1D,0x1B18,0x1514,0x1311,0x0F0C,0x0906,0x0404,0x0403,
   0x01FD,0xF9F7,0xF7F7,0xF6F3,0xF0ED,0xEBEB,0xEEF1,0xF2F2,0xEFED,0xECEC,
   0xECEB,0xE8E6,0xE3E4,0xE6EA,0xECEA,0xE6E4,0xE5E9,0xECEE,0xEEED,0xECED,
   0xEFF3,0xF5F6,0xF5F5,0xF7FB,0xFEFF,0xFFFF,0xFEFE,0xFF00,0x0000,0xFFFD,
   0xFBFA,0xF9F9,0xF9F7,0xF4EF,0xEAE8,0xE7E8,0xE8E8,0xE7E9,0xECF0,0xF5FA,
   0xFDFF,0x0204,0x090E,0x1213,0x1414,0x171A,0x1A19,0x1714,0x1312,0x1313,
   0x1311,0x0D0B,0x0907,0x0604,0x0201,0xFFFE,0xFBF9,0xF9FA,0xFAF9,0xF7F4,
   0xF3F3,0xF3F3,0xF3F0,0xECEA,0xE8E7,0xE5E2,0xDEDB,0xD9D8,0xD7D6,0xD5D3,
   0xD2D1,0xD2D3,0xD3D2,0xD0CD,0xCCCB,0xCBCB,0xC9C6,0xC5C7,0xCBD0,0xD4D4,
   0xD3D3,0xD4D8,0xDBDE,0xDEDD,0xDBDC,0xDFE4,0xE7E9,0xEBEE,0xF4FC,0x0206,
   0x0808,0x090B,0x0F13,0x1413,0x110F,0x1011,0x1313,0x1110,0x0D0C,0x0B0C,
   0x0D0E,0x0D0D,0x0D0F,0x1113,0x1417,0x1919,0x1B1D,0x2024,0x2627,0x282A,
   0x2C2F,0x3132,0x3234,0x3537,0x3838,0x3634,0x3230,0x2F2D,0x2A27,0x2727,
   0x2625,0x2525,0x2627,0x2726,0x2421,0x1F1E,0x1C1A,0x1713,0x100E,0x0E0C,
   0x0A08,0x0606,0x0504,0x0300,0xFEFB,0xF8F6,0xF4F2,0xF1EF,0xEFF0,0xEFEE,
   0xEFF0,0xF0F1,0xF0EE,0xEEEF,0xF2F5,0xF6F5,0xF2EE,0xEEF2,0xF6F7,0xF5F0,
   0xEDED,0xEFF0,0xF0EE,0xEBE9,0xE9EA,0xEAE9,0xE6E5,0xE5E8,0xEAEB,0xE9E7,
   0xE5E3,0xE3E3,0xE2E0,0xDEDB,0xDBDC,0xDEE0,0xE0E1,0xE3E8,0xECF1,0xF5F9,
   0xFC01,0x060D,0x1317,0x1A1E,0x2124,0x2628,0x2A2C,0x2D2C,0x2C2C,0x2B2A,
   0x2927,0x2524,0x211F,0x1D1B,0x1B1C,0x1C1C,0x1D1F,0x2225,0x2829,0x2A2A,
   0x2B2E,0x3132,0x312E,0x2C2C,0x2C2C,0x2A26,0x231F,0x1D1B,0x1A16,0x100A,
   0x0401,0xFFFC,0xF8F4,0xF0EE,0xEFF1,0xF3F3,0xF1EF,0xEFF1,0xF3F3,0xF1EF,
   0xEFEF,0xEFEF,0xEFF1,0xF3F4,0xF5F6,0xF8FB,0xFEFF,0xFFFE,0xFDFC,0xFCFC,
   0xFCFA,0xF8F9,0xFBFF,0x00FF,0xFEFC,0xFBFA,0xF8F5,0xF0EB,0xE6E3,0xE1E0,
   0xDEDB,0xD8D7,0xD8DB,0xDDDD,0xDDDE,0xDFE0,0xE2E3,0xE4E4,0xE3E5,0xE7E9,
   0xEBED,0xEEF0,0xF3F6,0xF9FE,0x0000,0x00FF,0xFFFF,0x00FF,0xFDF9,0xF6F4,
   0xF5F7,0xF8F8,0xF7F7,0xFAFE,0x0103,0x0404,0x0608,0x0A0C,0x0C0A,0x0807,
   0x0809,0x0A0A,0x0A0B,0x0D0D,0x0E0E,0x0F0F,0x0D0B,0x0A09,0x0808,0x0709,
   0x0A0A,0x0B0B,0x0C0E,0x0E0E,0x0D0B,0x0908,0x080A,0x0E0F,0x0D0A,0x0809,
   0x0D10,0x100F,0x0C09,0x0809,0x0A0A,0x0805,0x0507,0x090B,0x0A09,0x0A0C,
   0x0D0D,0x0C0B,0x0B0A,0x0A09,0x0807,0x0503,0x0201,0x00FE,0xFCFB,0xFCFE,
   0xFF01,0x0100,0x0003,0x060A,0x0B09,0x0502,0x0204,0x0606,0x0401,0x0000,
   0x0203,0x0301,0xFFFF,0x0001,0x0200,0xFFFD,0xFCFE,0x0002,0x0404,0x0304,
   0x070A,0x0D0E,0x0E0C,0x0907,0x0504,0x02FF,0xFCF9,0xF8F8,0xF8F7,0xF4F2,
   0xF3F4,0xF5F6,0xF4F2,0xF0F1,0xF4F9,0xFBFC,0xFCFD,0x0106,0x0A0B,0x0C0B,
   0x0B0D,0x0E0F,0x0D09,0x0504,0x0609,0x0905,0x0201,0x0307,0x0B0C,0x0E0F,
   0x0F10,0x1315,0x1618,0x191A,0x1C1D,0x1D1F,0x2021,0x2220,0x2123,0x2626,
   0x2420,0x1D1C,0x1D1C,0x1C1B,0x1714,0x1314,0x1617,0x1819,0x1C1E,0x1F1F,
   0x2021,0x2323,0x211E,0x1A17,0x1514,0x1313,0x110F,0x1012,0x1518,0x1817,
   0x1615,0x1415,0x1413,0x110F,0x0E0F,0x1214,0x1515,0x1414,0x1514,0x1312,
   0x0F0C,0x0905,0x0300,0xFDFA,0xF7F4,0xF1EE,0xEBE9,0xE8E5,0xE1DE,0xDCDA,
   0xD8D5,0xD3D1,0xD1D0,0xCFCD,0xCBCB,0xCCCC,0xCDCE,0xCDCC,0xCCCD,0xCECE,
   0xCDCC,0xCED1,0xD4D7,0xD8D9,0xDBDD,0xDFE2,0xE4E6,0xE7E8,0xEAEB,0xECED,
   0xEEF0,0xF3F4,0xF4F4,0xF4F4,0xF4F3,0xF3F4,0xF5F4,0xF6F9,0xFBFE,0xFF02,
   0x0408,0x0B0C,0x0D0F,0x1011,0x1110,0x1011,0x1111,0x100F,0x0D0C,0x0B0C,
   0x0C0B,0x0804,0x00FF,0x0001,0x01FF,0xFDF9,0xF9FB,0x0003,0x0301,0xFF01,
   0x050A,0x0C0C,0x0B0B,0x0D11,0x1415,0x130F,0x0C0C,0x0E0E,0x0C09,0x0501,
   0xFEFD,0xFDFD,0xFDFD,0xFCFC,0xFE00,0x0408,0x0B0C,0x0C0A,0x0A0B,0x0D0E,
   0x0E0C,0x0906,0x0403,0x0202,0xFFFA,0xF5F1,0xF0EF,0xEEEA,0xE6E3,0xE2E4,
   0xE9ED,0xF1F3,0xF3F4,0xF7FA,0xFE01,0x0303,0x01FF,0xFF02,0x0406,0x0504,
   0x0406,0x090B,0x0D0E,0x0E0D,0x0F11,0x1315,0x1515,0x1719,0x1B1E,0x2022,
   0x2324,0x2426,0x2728,0x2825,0x2221,0x1F1D,0x1B17,0x120D,0x0A08,0x090A,
   0x0B0C,0x0C0F,0x1317,0x1B1E,0x2122,0x2223,0x2527,0x2929,0x2827,0x2829,
   0x2929,0x2927,0x2421,0x1E1C,0x1A18,0x140E,0x0B08,0x0707,0x0605,0x0302,
   0x0102,0x0404,0x0402,0x0101,0x0101,0x0101,0x00FF,0xFEFE,0xFEFF,0xFFFE,
   0xFCFC,0xFBFA,0xF8F6,0xF6F4,0xF3F1,0xEFEE,0xEEEE,0xEFF1,0xF1EF,0xEDED,
   0xEFF1,0xF2F0,0xECE9,0xE8E9,0xEBEE,0xEFEE,0xECEC,0xEEF2,0xF5F6,0xF6F8,
   0xFBFF,0x0308,0x0B0E,0x1215,0x191D,0x1F20,0x1F1E,0x1E1E,0x1E1E,0x1F1F,
   0x1D1A,0x1715,0x1514,0x120F,0x0C08,0x0604,0x02FF,0xFDF8,0xF5F3,0xF3F2,
   0xF1EF,0xEEEE,0xEFF1,0xF3F6,0xF7F6,0xF5F4,0xF3F3,0xF2F1,0xEFED,0xECEB,
   0xEDEF,0xF1F1,0xF0F0,0xF1F4,0xF7F9,0xFAFB,0xFCFC,0xFCFE,0xFFFF,0xFFFD,
   0xFBFB,0xFBFA,0xFBFB,0xFAF8,0xF5F4,0xF3F4,0xF2EE,0xEAE6,0xE6E5,0xE4E3,
   0xE2E0,0xE0E3,0xE8ED,0xF2F3,0xF5F7,0xFC01,0x0406,0x0606,0x0403,0x0101,
   0x0100,0xFFFD,0xFAF8,0xF6F5,0xF6F7,0xF7F7,0xF7F8,0xFAFD,0xFF00,0x0305,
   0x070A,0x0C0E,0x1114,0x1618,0x1B1E,0x2020,0x1F1D,0x1915,0x1211,0x100D,
   0x0904,0x0100,0x0103,0x0303,0x01FF,0xFDFC,0xFBF9,0xF6F3,0xEFED,0xECEC,
   0xEBEB,0xE9E8,0xE9EB,0xEFF1,0xF1EF,0xEFF0,0xF2F4,0xF6F7,0xF7F8,0xFB00,
   0x070C,0x0E10,0x1319,0x1F22,0x2220,0x1F1F,0x2020,0x1F1C,0x1712,0x0F0E,
   0x0E0C,0x0803,0xFFFD,0xFBFA,0xF9F8,0xF7F6,0xF5F8,0xFCFF,0x0203,0x0509,
   0x0E12,0x1619,0x1B1C,0x1D1E,0x1F21,0x2120,0x1F1E,0x1D1D,0x1C1A,0x1916,
   0x1412,0x1212,0x1312,0x0F0E,0x0F11,0x1416,0x1615,0x1516,0x181C,0x1E1D,
   0x1B19,0x191C,0x1D1E,0x1D1D,0x1D1D,0x1E1E,0x1D1E,0x1D1C,0x1C1C,0x1B19,
   0x1816,0x1513,0x0F0D,0x0C0A,0x0907,0x0300,0xFEFC,0xFBFA,0xF9F6,0xF2EE,
   0xEDEE,0xF0F1,0xF1F1,0xF0F2,0xF6FC,0xFF01,0x00FF,0x0003,0x0608,0x0807,
   0x0708,0x090C,0x0E0D,0x0A08,0x0606,0x0604,0x02FF,0xFCF9,0xF7F8,0xFAFB,
   0xFAF6,0xF4F4,0xF6F7,0xF6F3,0xEEEA,0xE9EC,0xEEF0,0xEEEB,0xE9EA,0xEEF1,
   0xF3F1,0xEDEB,0xEAEA,0xECEE,0xEFEF,0xEEEF,0xF2F6,0xF9FB,0xFE00,0x0205,
   0x0709,0x0B0B,0x0A0A,0x0B0F,0x1111,0x100F,0x0F10,0x1215,0x1616,0x1310,
   0x0E0F,0x0F0D,0x0B09,0x0807,0x0606,0x0505,0x0504,0x0405,0x0403,0x01FF,
   0xFEFD,0xFCFA,0xF8F5,0xF1EE,0xECEA,0xE9E6,0xE3E0,0xDEDE,0xDDDC,0xDBDB,
   0xDBDD,0xE0E2,0xE4E5,0xE5E6,0xE7EB,0xEEF0,0xF1F1,0xF1F2,0xF3F5,0xF6F6,
   0xF4F2,0xF1F1,0xF3F5,0xF5F6,0xF7F8,0xFBFF,0x0103,0x0403,0x0303,0x0507,
   0x0808,0x0808,0x090A,0x0C0F,0x1010,0x0F0F,0x0F10,0x1010,0x0F0E,0x0C0C,
   0x0C0B,0x0A08,0x0709,0x0B0D,0x0E0E,0x0E0F,0x1010,0x1112,0x1313,0x1210,
   0x1111,0x1212,0x110F,0x0D0B,0x0907,0x0705,0x0403,0x0507,0x0808,0x0707,
   0x0A0B,0x0D0D,0x0C0B,0x0A09,0x0909,0x0805,0x0201,0x00FF,0xFDFA,0xF8F8,
   0xF8F6,0xF5F4,0xF3F3,0xF2F2,0xF3F4,0xF5F5,0xF6F7,0xF9F8,0xF7F7,0xF8F9,
   0xF9F7,0xF5F3,0xF3F3,0xF4F4,0xF2EF,0xECEA,0xECED,0xEDE9,0xE6E4,0xE5E7,
   0xE9EA,0xEAE9,0xE9EA,0xEEF1,0xF4F6,0xF8FA,0xFCFF,0xFF00,0x0101,0x0202,
   0x0202,0x01FF,0xFFFE,0xFF00,0x00FF,0xFEFC,0xFCFD,0xFF01,0x0203,0x0203,
   0x0507,0x0A0C,0x0C0D,0x0D0C,0x0C0E,0x0E0E,0x0D0D,0x0E0F,0x0F0D,0x0C0C,
   0x0C0D,0x0D0C,0x0B0A,0x0806,0x0606,0x0504,0x0303,0x0303,0x0303,0x0303,
   0x0301,0x0000,0x00FF,0xFEFD,0xFCFD,0xFEFE,0xFF00,0x0000,0x0103,0x060A,
   0x0C0D,0x0E10,0x1213,0x1415,0x1617,0x1717,0x1718,0x1817,0x1613,0x1211,
   0x1111,0x100F,0x0C0A,0x0B0E,0x1111,0x100F,0x1113,0x1515,0x1514,0x1314,
   0x1516,0x1513,0x0F0D,0x0D0E,0x0E0C,0x0703,0x00FF,0x0002,0x0200,0xFDFB,
   0xFD00,0x0406,0x0505,0x0406,0x090B,0x0B0A,0x0707,0x090C,0x0D0C,0x0907,
   0x0607,0x090A,0x0906,0x0301,0x0000,0xFFFE,0xFBF7,0xF5F4,0xF4F3,0xF2F0,
   0xEEEE,0xEEEF,0xF0EE,0xECEB,0xEAEA,0xE9E9,0xE8E8,0xE7E6,0xE6E6,0xE7EA,
   0xEBEC,0xEDED,0xEFF1,0xF5F8,0xF9F9,0xFAFD,0x0105,0x0708,0x090A,0x0C0D,
   0x0D0C,0x0B09,0x0705,0x0301,0xFFFD,0xFDFE,0xFFFD,0xFAF9,0xFAFD,0xFFFF,
   0xFFFF,0xFF00,0x0103,0x0405,0x0709,0x0C0F,0x1112,0x1315,0x1718,0x1818,
   0x1716,0x1515,0x1516,0x1616,0x1513,0x1211,0x1111,0x1110,0x0E0E,0x0E0F,
   0x1212,0x1213,0x1517,0x191A,0x1919,0x191A,0x1B1C,0x1C1B,0x1A1A,0x1A1B,
   0x1B19,0x1817,0x1716,0x1511,0x0E0B,0x0806,0x0503,0x00FE,0xFCFA,0xF9F8,
   0xF7F6,0xF5F4,0xF2F1,0xF1F1,0xF2F2,0xF2F2,0xF2F3,0xF4F6,0xF7F7,0xF7F6,
   0xF7F9,0xFAFB,0xFBFB,0xFBFC,0xFDFE,0xFEFF,0xFEFC,0xFBFA,0xF9FA,0xFAF9,
   0xFAFA,0xFAF9,0xF9F8,0xF7F6,0xF5F5,0xF4F3,0xF2F1,0xF1F1,0xF1F0,0xEFEF,
   0xF1F1,0xF0EE,0xECEB,0xECEE,0xF0F0,0xEEEB,0xEBEC,0xEFF1,0xF1F0,0xF0F1,
   0xF3F5,0xF6F7,0xF8F9,0xFAFB,0xFCFE,0xFF00,0x0204,0x0607,0x090B,0x0D0E,
   0x0D0C,0x0C0C,0x0D0E,0x0D0D,0x0C0D,0x0F13,0x161A,0x1B1B,0x1C1C,0x1E1F,
   0x1F1E,0x1C1A,0x1918,0x1615,0x1412,0x100F,0x0F0E,0x0B08,0x0605,0x0505,
   0x0404,0x0404,0x0608,0x0A0B,0x0C0C,0x0D0F,0x1111,0x1213,0x1415,0x1616,
   0x1717,0x1716,0x1413,0x110F,0x0E0D,0x0B09,0x0705,0x0505,0x0505,0x0402,
   0x0203,0x0405,0x0605,0x0302,0x0203,0x0403,0x00FE,0xFDFE,0x0002,0x0201,
   0xFEFD,0xFEFF,0x00FF,0xFCF9,0xF8F9,0xFCFE,0xFEFC,0xFAF9,0xFAFD,0xFF00,
   0xFFFE,0xFE00,0x0306,0x0707,0x0706,0x0608,0x0B0C,0x0C09,0x0605,0x0505,
   0x0403,0x02FF,0xFDFB,0xFBFB,0xFBF9,0xF8F8,0xF8F8,0xF8F8,0xFAFB,0xFBFB,
   0xFDFE,0x0001,0x0204,0x0609,0x0B0D,0x0F10,0x1010,0x0F11,0x1112,0x1212,
   0x1213,0x1415,0x171A,0x1B1B,0x1B1C,0x1E20,0x2021,0x2122,0x2426,0x2829,
   0x2A29,0x2828,0x2828,0x2623,0x201E,0x1B18,0x1615,0x1415,0x1514,0x1414,
   0x1515,0x1514,0x1312,0x1010,0x0F0E,0x0D0C,0x0D0E,0x0F0E,0x0D0E,0x0E0E,
   0x0E0C,0x0B09,0x0604,0x0200,0xFFFD,0xFCFC,0xFEFF,0x00FF,0xFF00,0x0102,
   0x0304,0x0302,0x0101,0x0203,0x01FF,0xFDFB,0xF9F7,0xF5F4,0xF3F1,0xEEEC,
   0xEBEC,0xECEC,0xEBEA,0xE7E5,0xE3E4,0xE5E5,0xE2DE,0xDBDB,0xDDDE,0xDEDD,
   0xDBDB,0xDDE0,0xE2E2,0xE0DE,0xDEE2,0xE7E9,0xE8E7,0xE8EA,0xEDF1,0xF4F6,
   0xF7F7,0xF8FB,0xFFFF,0xFFFE,0xFDFD,0xFDFD,0xFF00,0x00FF,0xFF00,0x0204,
   0x0503,0x0202,0x0204,0x0403,0x0302,0x0204,0x0606,0x0605,0x0406,0x0808,
   0x0603,0x00FF,0xFF01,0x0202,0x00FF,0x0003,0x0709,0x0A09,0x0A0D,0x1012,
   0x1415,0x1516,0x1719,0x1B1B,0x1918,0x1717,0x1716,0x1514,0x110E,0x0B0A,
   0x0908,0x0603,0x00FF,0xFFFF,0xFEFD,0xFAF9,0xF8F8,0xF7F6,0xF2EF,0xEEED,
   0xECEA,0xE9E8,0xE9E9,0xE8E8,0xE8E8,0xE9EA,0xE9E8,0xE7E7,0xE6E6,0xE7E7,
   0xE6E5,0xE6E8,0xEAEB,0xECED,0xEFF1,0xF4F5,0xF7F9,0xFAFB,0xFCFD,0xFFFF,
   0xFFFF,0xFFFD,0xFCFB,0xFBFC,0xFCFA,0xF7F6,0xF6F6,0xF6F4,0xF1EE,0xEDEE,
   0xEFF1,0xF2F3,0xF3F5,0xFA00,0x0509,0x0A0B,0x0C0F,0x1113,0x1413,0x1110,
   0x1011,0x1213,0x1210,0x0F0E,0x0D0C,0x0B09,0x0705,0x0505,0x0709,0x0A0B,
   0x0D0F,0x1114,0x171A,0x1A19,0x1818,0x191A,0x1918,0x1614,0x1413,0x1311,
   0x100F,0x0E0D,0x0B08,0x0503,0x0100,0xFFFE,0xFDFE,0xFF00,0x0102,0x0201,
   0x0202,0x0202,0x01FF,0xFDFC,0xFDFF,0x0101,0x0102,0x0305,0x080B,0x0C0C,
   0x0D0D,0x0F10,0x0F0E,0x0D0D,0x0E0E,0x0D0D,0x0E0E,0x0F10,0x1010,0x100F,
   0x0E0E,0x0C0A,0x0808,0x090A,0x0B09,0x0707,0x0708,0x090A,0x0908,0x0503,
   0x0304,0x0404,0x0302,0x0201,0x0000,0x0000,0xFFFF,0xFF00,0x0203,0x0405,
   0x070A,0x0D0F,0x1214,0x1617,0x1819,0x1B1B,0x1A18,0x1717,0x1514,0x1414,
   0x1312,0x0F0E,0x0D0C,0x0B08,0x0603,0x00FF,0xFEFD,0xFCFA,0xF8F7,0xF6F6,
   0xF7F7,0xF8F8,0xF8F8,0xF8F8,0xF8F7,0xF6F5,0xF6F5,0xF4F3,0xF3F6,0xF8FA,
   0xFCFD,0xFEFF,0xFF01,0x0101,0xFFFF,0xFF01,0x0303,0x0200,0x0002,0x0304,
   0x0403,0x0100,0x0104,0x0506,0x0504,0x0405,0x0507,0x0808,0x0807,0x0608,
   0x0A0A,0x0906,0x0303,0x0405,0x0705,0x0300,0xFF00,0x0304,0x0300,0xFDFB,
   0xFBFC,0xFDFE,0xFDFC,0xFCFD,0x0005,0x0807,0x0606,0x070B,0x0E10,0x0F0D,
   0x0A0B,0x0D10,0x110E,0x0A07,0x0606,0x0503,0xFFFC,0xF9F8,0xF8F7,0xF7F6,
   0xF4F3,0xF4F5,0xF6F7,0xF6F5,0xF4F4,0xF4F5,0xF7F9,0xFAFB,0xFCFD,0xFFFE,
   0xFDFC,0xFBFA,0xF9F7,0xF5F3,0xF0EE,0xECEA,0xE9E6,0xE3E0,0xDEDE,0xDEDE,
   0xDDDC,0xDADA,0xDADC,0xDFE2,0xE2E1,0xE1E3,0xE5E7,0xEAEB,0xEBEB,0xEBEA,
   0xEAEB,0xEBEC,0xEDEF,0xF1F1,0xF1F2,0xF3F4,0xF3F3,0xF2F2,0xF3F4,0xF5F7,
   0xF8F9,0xFBFE,0x0001,0x0101,0xFF00,0xFF00,0x0203,0x0506,0x0709,0x0D11,
   0x1418,0x1B1E,0x2022,0x2324,0x2526,0x2627,0x2828,0x2724,0x2222,0x2323,
   0x211E,0x1B19,0x1715,0x1514,0x1210,0x0E0F,0x1113,0x1210,0x0F0F,0x0F10,
   0x1011,0x0F0D,0x0B0D,0x1012,0x110E,0x0B0A,0x0B0B,0x0B09,0x0705,0x0405,
   0x0607,0x0605,0x0405,0x0608,0x0908,0x0706,0x0607,0x0809,0x0907,0x0402,
   0x0406,0x0706,0x0300,0xFFFF,0x0000,0xFFFB,0xFAF9,0xFBFE,0x00FF,0xFFFE,
   0xFF00,0x0305,0x0606,0x0606,0x080A,0x0A0A,0x0907,0x0504,0x0201,0xFFFE,
   0xFDFC,0xFDFF,0xFFFF,0xFEFD,0xFDFE,0xFF01,0x0203,0x0303,0x0507,0x090B,
   0x0B0C,0x0C0C,0x0B0C,0x0D0E,0x0F10,0x1112,0x1212,0x1110,0x0E0C,0x0B0A,
   0x0807,0x0605,0x0404,0x0507,0x0705,0x0404,0x0507,0x0808,0x0705,0x0404,
   0x070A,0x0B09,0x0707,0x090B,0x0E0F,0x100F,0x0F10,0x1215,0x1615,0x1312,
   0x1315,0x1718,0x1817,0x1615,0x1617,0x1917,0x130F,0x0D0C,0x0C0D,0x0D0C,
   0x0A08,0x090D,0x1113,0x1311,0x0F10,0x1113,0x1413,0x1211,0x1214,0x1616,
   0x1412,0x1212,0x1210,0x0D0A,0x0705,0x0404,0x0301,0x00FF,0xFFFF,0xFFFE,
   0xFDFC,0xFDFF,0x0100,0xFDF8,0xF6F9,0xFE03,0x03FE,0xF8F7,0xFB00,0x0401,
   0xFAF3,0xEEED,0xF0F0,0xEBE3,0xDAD4,0xD3D3,0xD2CF,0xCAC6,0xC2C0,0xBFC1,
   0xC2C1,0xC0BF,0xBEBE,0xC0C3,0xC5C6,0xC6C5,0xC4C6,0xC9CD,0xCECE,0xCECD,
   0xCFD2,0xD5D8,0xD9D8,0xD7D8,0xDADD,0xDFE1,0xE1E0,0xE0E0,0xE1E3,0xE5E6,
   0xE5E3,0xE3E5,0xE8EA,0xEBEC,0xECEC,0xEEF0,0xF2F3,0xF4F3,0xF5F7,0xFAFC,
   0xFDFD,0xFEFF,0x0001,0x0304,0x0404,0x0404,0x0607,0x0605,0x0303,0x0303,
   0x0404,0x0607,0x0809,0x0B0D,0x0E0F,0x1011,0x1314,0x1515,0x1718,0x1919,
   0x191A,0x1B1C,0x1C1C,0x1C1B,0x1A17,0x1514,0x1312,0x100F,0x0A08,0x0809,
   0x0C0E,0x0B08,0x0708,0x0B0D,0x0C09,0x0606,0x070A,0x0C0C,0x0B0B,0x0B0C,
   0x0D0B,0x0A08,0x0807,0x0503,0x0100,0xFFFE,0xFDFD,0xFEFF,0xFFFF,0xFDFB,
   0xF9F9,0xFAFA,0xF8F5,0xF3F2,0xF3F4,0xF5F5,0xF4F4,0xF4F5,0xF6F7,0xF7F5,
   0xF4F4,0xF6F7,0xF9FA,0xFAFB,0xFCFD,0xFF02,0x0302,0x0101,0x0407,0x0808,
   0x0708,0x090B,0x0D0D,0x0C0B,0x0A0A,0x0B0E,0x0F0E,0x0E0F,0x1114,0x171B,
   0x1D1E,0x1F20,0x2327,0x2A2B,0x2B2B,0x2B2D,0x2F30,0x2F2E,0x2C2A,0x2826,
   0x2522,0x1F1C,0x1918,0x1614,0x1313,0x1414,0x1311,0x1112,0x1212,0x100E,
   0x0E10,0x1215,0x1715,0x1417,0x1A1E,0x1E1B,0x1817,0x191B,0x1D1A,0x1716,
   0x1719,0x1C1C,0x1917,0x1718,0x1818,0x1613,0x1111,0x0F0E,0x0D0C,0x0B08,
   0x0503,0x0200,0xFFFE,0xFCFA,0xF9F9,0xF9FA,0xFBFC,0xFCFD,0xFF01,0x0202,
   0x0304,0x0507,0x0809,0x0A08,0x0707,0x0708,0x0806,0x0403,0x0201,0xFFFF,
   0xFFFF,0xFDFC,0xFCFD,0xFF02,0x0507,0x0809,0x0A0C,0x0E11,0x110F,0x0E0E,
   0x0E0D,0x0B0B,0x0A09,0x0706,0x0504,0x0301,0xFFFC,0xF9F7,0xF4F4,0xF4F3,
   0xF1EF,0xEEEF,0xF1F3,0xF4F4,0xF4F4,0xF5F7,0xF8F9,0xF8F6,0xF4F4,0xF5F5,
   0xF3F2,0xF0EF,0xEEED,0xECEA,0xE7E7,0xE8E9,0xECEC,0xEAEA,0xEFF5,0xF9FB,
   0xF9F7,0xF9FD,0x0102,0xFFFC,0xFAFB,0xFF03,0x0401,0xFFFF,0xFF01,0x01FF,
   0xFDFA,0xF7F7,0xF7F8,0xF8F6,0xF4F3,0xF4F8,0xFBFD,0xFEFE,0xFDFE,0xFF02,
   0x0505,0x0402,0x0203,0x0609,0x0908,0x0808,0x0A0D,0x1114,0x1516,0x181B,
   0x1E20,0x2122,0x2222,0x2223,0x2526,0x2624,0x2222,0x2121,0x1F1E,0x1C19,
   0x1716,0x1414,0x130F,0x0C0A,0x0909,0x0909,0x0809,0x0808,0x090B,0x0D0F,
   0x0F0F,0x1010,0x0F0E,0x0E0E,0x0C0A,0x0806,0x0605,0x0301,0xFFFD,0xFBF9,
   0xF9F8,0xF6F3,0xF0EF,0xF0F1,0xF0ED,0xECEC,0xECED,0xEDEC,0xEBEA,0xEAED,
   0xF2F2,0xF3F1,0xEEF1,0xF6FA,0xFBFA,0xF7F7,0xFB00,0x0609,0x0705,0x050A,
   0x1117,0x1814,0x1110,0x1115,0x1715,0x100A,0x0606,0x0707,0x04FF,0xFAF7,
   0xF8FA,0xFCFC,0xFBFA,0xFAFD,0x0207,0x0A0C,0x0C0E,0x1217,0x1B1D,0x1D1C,
   0x1A1A,0x1C1D,0x1D1B,0x1817,0x1718,0x1817,0x1411,0x0D0B,0x0A09,0x0603,
   0x00FF,0xFF01,0x0203,0x0303,0x0406,0x090B,0x0B0B,0x0909,0x0A0B,0x0B0B,
   0x0A0A,0x0A0A,0x0909,0x0809,0x0A0B,0x0B0B,0x0B0B,0x0C0E,0x1010,0x100F,
   0x0F10,0x100F,0x0F0D,0x0B09,0x0808,0x0807,0x0501,0xFFFF,0xFFFF,0xFDFB,
   0xF9F8,0xF8F8,0xFAFA,0xF8F8,0xF8FA,0xFDFE,0xFDFF,0x0204,0x070A,0x090A,
   0x0E0F,0x1215,0x1515,0x1515,0x1617,0x1514,0x1313,0x1313,0x1211,0x1213,
   0x1313,0x1415,0x1413,0x1211,0x100E,0x0B08,0x0504,0x0303,0x0302,0x0202,
   0x0305,0x0605,0x0403,0x0302,0x0200,0xFFFE,0xFDFD,0xFF00,0x0002,0x0304,
   0x070A,0x0A09,0x0706,0x0504,0x0200,0xFEFB,0xF7F4,0xF1F0,0xEFEE,0xECEC,
   0xEBEA,0xE9E9,0xEAEB,0xECEC,0xEDEF,0xF2F5,0xF6F8,0xFAFC,0xFE00,0x0203,
   0x0302,0x0304,0x0505,0x0301,0x00FF,0x0000,0xFFFF,0xFFFE,0xFDFD,0xFDFE,
   0xFFFF,0xFFFF,0x0002,0x0405,0x0607,0x0707,0x0809,0x0A0A,0x0909,0x0909,
   0x0908,0x0807,0x0400,0xFDFB,0xFAFB,0xFCFC,0xFDFD,0xFCFF,0x0509,0x0C0C,
   0x0B0B,0x0E11,0x1210,0x0D09,0x0706,0x0706,0x03FE,0xF9F6,0xF5F5,0xF4F2,
   0xF0F0,0xEFEF,0xF1F3,0xF5F7,0xF7F8,0xF9FB,0xFDFF,0xFFFF,0xFEFD,0xFE00,
   0x0201,0xFFFB,0xF8F8,0xF9F9,0xF7F4,0xF1EF,0xF0F2,0xF5F6,0xF5F5,0xF6F7,
   0xF9FA,0xF8F6,0xF5F3,0xF2F1,0xF0EE,0xEBEA,0xE9E9,0xE9E8,0xE6E4,0xE4E5,
   0xE5E5,0xE5E5,0xE6E8,0xECF0,0xF3F6,0xF9FC,0x0106,0x0A0D,0x0F11,0x1112,
   0x1111,0x110F,0x0D0B,0x0908,0x0603,0x0200,0x00FF,0xFFFF,0xFFFE,0xFEFF,
   0x0003,0x0507,0x090C,0x1014,0x1618,0x191B,0x1D1F,0x1F1E,0x1C1A,0x1715,
   0x1310,0x0C06,0x00FC,0xF9F7,0xF8F9,0xF8F9,0xF7F5,0xF8FD,0x0103,0x0200,
   0x0002,0x0609,0x0A09,0x0604,0x0609,0x0D0C,0x0703,0x00FF,0x0102,0x00FD,
   0xF9F5,0xF5F6,0xF8F7,0xF6F4,0xF5F7,0xFAFB,0xFCFB,0xFBFC,0xFDFF,0xFFFE,
   0xFBFA,0xFAFB,0xFEFD,0xFCFA,0xF8F8,0xF9F9,0xF8F6,0xF3F1,0xF1F3,0xF5F6,
   0xF7F7,0xF9FC,0xFF01,0x0304,0x0304,0x0406,0x0808,0x0808,0x0808,0x0809,
   0x0909,0x0807,0x080A,0x0B0C,0x0C0C,0x0D10,0x1112,0x1414,0x1415,0x1617,
   0x1A1A,0x1A1A,0x1A19,0x1817,0x1615,0x1311,0x0E0D,0x0C0C,0x0B09,0x0808,
   0x0808,0x0807,0x0706,0x0606,0x0708,0x0807,0x0605,0x0607,0x0605,0x0402,
   0x01FF,0xFCF9,0xF4F0,0xECEA,0xEBEB,0xE9E6,0xE2E1,0xE5EA,0xECED,0xECE9,
   0xE9EC,0xF1F5,0xF5F1,0xEEEF,0xF2F6,0xF9FA,0xF7F7,0xF8F9,0xFBFD,0xFBF7,
   0xF4F1,0xF0F1,0xF0EE,0xEDEC,0xEBEE,0xF2F6,0xFAFC,0xFCFD,0x0003,0x0507,
   0x0707,0x0605,0x0606,0x0503,0xFFFD,0xFCFB,0xF9F7,0xF5F2,0xF1F1,0xF3F4,
   0xF5F3,0xF2F2,0xF3F5,0xF5F4,0xF3F3,0xF4F5,0xF6F7,0xF7F6,0xF5F4,0xF6F7,
   0xF6F5,0xF2F0,0xEFF0,0xF0F0,0xF0F0,0xEFF0,0xF3F6,0xF8F9,0xF9FB,0xFE01,
   0x0405,0x0606,0x0708,0x0A0C,0x0C0B,0x0909,0x0909,0x0907,0x0402,0x00FF,
   0xFEFD,0xFDFD,0xFCFB,0xFBFC,0xFEFF,0x0001,0x0101,0x0204,0x0507,0x0706,
   0x0606,0x0706,0x0401,0xFEFC,0xF8F4,0xF3F5,0xF6F8,0xF9F9,0xFBFF,0x040A,
   0x0F10,0x0F0F,0x1014,0x1819,0x1716,0x171A,0x1D1F,0x1F1E,0x1C1A,0x1A1B,
   0x1A18,0x140F,0x0B09,0x0807,0x0707,0x0707,0x0A0D,0x1115,0x181A,0x1C1E,
   0x2020,0x1E1C,0x1A19,0x1816,0x1514,0x1210,0x1010,0x100E,0x0B09,0x0705,
   0x0200,0xFFFE,0xFDFD,0xFDFF,0xFF00,0x0204,0x0709,0x0A0B,0x0C0C,0x0C0A,
   0x0909,0x0705,0x02FF,0xFEFD,0xFCFB,0xFBFB,0xFDFE,0x0002,0x0406,0x0607,
   0x080B,0x0C0C,0x0C0D,0x0E10,0x1112,0x1313,0x1212,0x1210,0x0F0C,0x0806,
   0x0505,0x0402,0x00FF,0xFFFE,0xFDFD,0xFEFE,0xFDFC,0xFCFC,0xFCFB,0xFBFC,
   0xFEFF,0xFFFF,0xFFFE,0xFDFC,0xFAFA,0xF8F5,0xF2F2,0xF5F7,0xF9F9,0xF7F7,
   0xFAFF,0x0306,0x0501,0x0104,0x090E,0x0D08,0x0404,0x060B,0x0E0C,0x0907,
   0x0507,0x0909,0x0600,0xFBF8,0xF7F8,0xF8F9,0xF8F8,0xFBFF,0x050B,0x0E0E,
   0x0D0D,0x0F12,0x1413,0x110E,0x0B0B,0x0D0E,0x0D0A,0x0401,0x0000,0x00FF,
   0xFBF7,0xF5F3,0xF4F6,0xF6F5,0xF3F3,0xF5F8,0xFAFB,0xFCFC,0xFDFD,0xFDFD,
   0xFDFB,0xFAF9,0xF9F8,0xF6F5,0xF5F6,0xF7F7,0xF7F7,0xF8FA,0xFBFD,0xFF02,
   0x0406,0x080A,0x0C0D,0x0F10,0x1011,0x1010,0x1010,0x110F,0x0E0D,0x0E0E,
   0x0D0B,0x0908,0x0606,0x0505,0x0505,0x0505,0x0708,0x0909,0x0909,0x0A0A,
   0x0908,0x0807,0x0604,0x0302,0xFFFD,0xF9F5,0xF2EF,0xEAE5,0xE2E0,0xE1E5,
   0xE8EA,0xEAEB,0xF0F7,0x0006,0x0704,0x0305,0x0B10,0x120F,0x0B08,0x090D,
   0x1113,0x120E,0x0A09,0x0B0E,0x0E0B,0x0702,0x0002,0x070B,0x0C0A,0x080A,
   0x1018,0x1C1D,0x1916,0x1416,0x181A,0x1712,0x0E0B,0x0D0E,0x0E0D,0x0906,
   0x0402,0x0100,0xFFFD,0xFBFA,0xFAFD,0xFF01,0x0203,0x0405,0x070B,0x0D0D,
   0x0B08,0x0706,0x0503,0x01FF,0xFEFB,0xF9F7,0xF7F7,0xF7F6,0xF6F5,0xF6F7,
   0xF9FD,0x0001,0x0305,0x080D,0x1012,0x1212,0x1111,0x1212,0x110F,0x0D0B,
   0x0A0B,0x0B0A,0x0807,0x0504,0x0303,0x0202,0x0000,0x0000,0xFFFF,0xFEFD,
   0xFEFE,0xFEFD,0xFDFD,0xFCFC,0xFCFC,0xFDFC,0xFBFA,0xFAF9,0xF7F6,0xF4F3,
   0xF3F2,0xF0EF,0xEFF2,0xF5F8,0xFBFD,0xFF02,0x0609,0x0B0B,0x0806,0x0708,
   0x0807,0x0401,0x0000,0x0102,0x0201,0xFFFE,0xFDFE,0xFF01,0x0202,0x0305,
   0x080B,0x0E11,0x1111,0x1213,0x1617,0x1612,0x0F0C,0x0B0A,0x0A08,0x0400,
   0xFEFD,0xFEFE,0xFDFB,0xF9F8,0xF9FB,0xFDFE,0xFEFF,0xFF03,0x070B,0x0C0D,
   0x0D0D,0x0D0E,0x0E0F,0x0D0A,0x0705,0x0403,0x0200,0xFFFC,0xFAF9,0xFAFC,
   0xFFFF,0xFFFF,0x0005,0x0B0F,0x1214,0x1313,0x1518,0x1A19,0x1612,0x0F0F,
   0x0E0D,0x0A07,0x0402,0xFFFF,0xFEFC,0xF9F5,0xF3F3,0xF3F2,0xF2F1,0xF1F1,
   0xF2F3,0xF5F6,0xF6F5,0xF4F3,0xF4F4,0xF3F2,0xF1F1,0xF0F0,0xF0EF,0xEEED,
   0xECEA,0xE8E6,0xE5E4,0xE4E5,0xE6E6,0xE7EC,0xF3FA,0xFF01,0x0103,0x070B,
   0x0E0D,0x0903,0xFFFF,0x0001,0xFEFA,0xF6F5,0xF5F8,0xF8F7,0xF5F4,0xF3F5,
   0xF8FA,0xFDFE,0x0003,0x080D,0x1115,0x1718,0x191A,0x1B1B,0x1916,0x1210,
   0x0E0C,0x0906,0x0301,0x00FF,0x0001,0x00FF,0xFEFE,0xFF02,0x0406,0x070A,
   0x0D10,0x1418,0x1A1B,0x1B1B,0x1B1A,0x1815,0x120F,0x0C09,0x0705,0x0300,
   0xFDFB,0xFAF9,0xF8F7,0xF6F7,0xF7F8,0xF9FB,0xFF02,0x0406,0x0809,0x0B0C,
   0x0B0B,0x0906,0x0200,0xFFFE,0xFCF9,0xF7F7,0xF8F9,0xFAFB,0xFCFD,0xFDFE,
   0xFF00,0xFFFF,0xFEFD,0xFDFC,0xFAF8,0xF7F5,0xF5F3,0xF2F0,0xEFED,0xECEB,
   0xEBEC,0xECEB,0xEBEB,0xEAEA,0xEAEA,0xECED,0xEFF0,0xF2F5,0xF8FB,0xFE01,
   0x0304,0x0406,0x0A0D,0x0E0D,0x0B0B,0x0B0C,0x0D0C,0x0907,0x0607,0x090B,
   0x0B0A,0x090A,0x0C11,0x1417,0x191A,0x1B1D,0x2023,0x2625,0x2220,0x1E1E,
   0x1E1D,0x1A17,0x1310,0x0E0F,0x0F0D,0x0905,0x0302,0x0203,0x0404,0x0303,
   0x0407,0x0C0E,0x1010,0x1113,0x1416,0x1717,0x1614,0x1110,0x0F0E,0x0D0B,
   0x0907,0x0403,0x0202,0x0201,0x00FF,0x0002,0x0303,0x0405,0x0505,0x0506,
   0x0707,0x0504,0x0304,0x0404,0x0404,0x0403,0x0203,0x0303,0x01FF,0xFEFE,
   0xFDFC,0xFCFC,0xFCFD,0xFDFE,0xFFFF,0x0000,0x0000,0x0000,0xFFFF,0xFFFF,
   0xFEFD,0xFDFD,0xFDFC,0xFAF8,0xF8F8,0xF8F9,0xF8F9,0xFC01,0x070D,0x1112,
   0x1216,0x1A1F,0x211E,0x1A16,0x1516,0x1817,0x1511,0x0D0D,0x0F11,0x1110,
   0x0B08,0x0605,0x0607,0x0807,0x0707,0x0B11,0x171B,0x1C1C,0x1D1E,0x1F1F,
   0x1E1B,0x1612,0x0F0E,0x0E0E,0x0D0C,0x0B0A,0x0908,0x0909,0x0704,0x01FF,
   0xFFFF,0xFFFF,0xFF00,0x0002,0x0506,0x0706,0x0403,0x02FF,0xFDF9,0xF6F4,
   0xF3F1,0xF0F0,0xEFEF,0xEEEE,0xEEED,0xECEC,0xECEE,0xEFF1,0xF2F6,0xFB01,
   0x0508,0x0A0C,0x0D0E,0x0E0E,0x0D0A,0x0705,0x0505,0x0606,0x0605,0x0505,
   0x0506,0x0707,0x0503,0x0203,0x0403,0x0302,0x0100,0xFFFF,0xFFFD,0xFAF7,
   0xF5F3,0xF1F0,0xEFEE,0xEDED,0xECEB,0xEAEA,0xE9E7,0xE5E3,0xE1E1,0xE0E1,
   0xE1E1,0xE2E4,0xE7EB,0xEFF2,0xF3F5,0xF7F9,0xFCFD,0xFDFC,0xFBFC,0xFDFF,
   0x00FF,0xFEFD,0xFEFF,0x00FF,0xFEFC,0xFBFA,0xFBFC,0xFEFF,0xFF00,0x0205,
   0x0809,0x0A0A,0x0B0A,0x0A09,0x0908,0x0707,0x0606,0x0505,0x0405,0x0504,
   0x0200,0x0000,0x0102,0x0305,0x0607,0x080A,0x0C0E,0x0F10,0x1214,0x1516,
   0x1617,0x1818,0x1817,0x1615,0x1413,0x1314,0x1312,0x1112,0x1416,0x1614,
   0x1414,0x1517,0x1817,0x1614,0x1415,0x1718,0x1715,0x1414,0x1516,0x1614,
   0x1310,0x0E0D,0x0B0A,0x0704,0x01FF,0xFFFF,0xFEFD,0xFCFC,0xFCFC,0xFCFC,
   0xFCFC,0xFCFB,0xFBFB,0xFBFA,0xF9F8,0xF7F6,0xF5F5,0xF5F4,0xF2F0,0xEEEE,
   0xEFEF,0xEFEE,0xEDED,0xEFF2,0xF5F7,0xF7F5,0xF4F5,0xF7F8,0xF8F7,0xF6F5,
   0xF5F7,0xF8F8,0xF7F6,0xF4F3,0xF4F4,0xF5F5,0xF6F6,0xF6F8,0xFAFE,0x0103,
   0x0507,0x0809,0x0909,0x0908,0x0707,0x0709,0x0B0C,0x0C0D,0x0C0B,0x0A0B,
   0x0C0D,0x0C0B,0x0909,0x0A0B,0x0C0D,0x0E0F,0x1011,0x1416,0x1614,0x1210,
   0x100F,0x0E0C,0x0B0B,0x0A09,0x090A,0x0A09,0x0706,0x0504,0x0201,0x0102,
   0x0203,0x0306,0x090B,0x0D0E,0x0F10,0x1111,0x1112,0x1110,0x0F0F,0x1010,
   0x0F0D,0x0B0A,0x0806,0x0402,0x01FF,0xFFFE,0xFDFD,0xFEFF,0x0102,0x0201,
   0x00FF,0x00FF,0xFDF9,0xF5F4,0xF4F4,0xF4F3,0xF1F0,0xF0F0,0xF2F1,0xEEEB,
   0xE8E7,0xE8E9,0xE8E7,0xE6E6,0xE7EB,0xEEF1,0xF3F4,0xF6F9,0xFCFF,0x0000,
   0xFF00,0x0000,0x0203,0x0507,0x0809,0x0A0A,0x0A0A,0x0A09,0x0806,0x0505,
   0x0506,0x0607,0x0707,0x0808,0x0909,0x0909,0x0807,0x0707,0x0707,0x0706,
   0x0402,0x0203,0x0404,0x0201,0x0101,0x0102,0x0305,0x0607,0x0809,0x0B0D,
   0x0E0F,0x1111,0x1010,0x1012,0x1211,0x0F0E,0x0D0C,0x0B0A,0x090A,0x0B0B,
   0x0C0D,0x0D0D,0x0C0A,0x0909,0x0808,0x0707,0x0604,0x0202,0x0304,0x0402,
   0x00FF,0xFFFF,0xFFFE,0xFCF9,0xF7F6,0xF6F6,0xF5F3,0xF1F0,0xEFF0,0xF0F0,
   0xF0F0,0xEFEF,0xEFF2,0xF3F4,0xF4F4,0xF3F4,0xF4F4,0xF4F4,0xF4F3,0xF2F0,
   0xF0EE,0xEDEB,0xEBEB,0xEAEA,0xEAEC,0xEEF1,0xF3F5,0xF5F3,0xF1F0,0xF2F3,
   0xF2EF,0xECEA,0xEBED,0xEFF1,0xF1EF,0xEDEB,0xEAEB,0xEBEB,0xECED,0xEFF2,
   0xF4F7,0xFBFD,0xFEFF,0x0001,0x0203,0x0304,0x0404,0x0304,0x0508,0x0908,
   0x0706,0x0606,0x0605,0x0402,0xFFFF,0xFF02,0x0406,0x0607,0x080A,0x0C0F,
   0x1010,0x0D0A,0x0809,0x0A0B,0x0B0A,0x0807,0x0606,0x0809,0x0805,0x0202,
   0x0305,0x0708,0x090A,0x0C0F,0x1317,0x1918,0x1719,0x1C1F,0x2221,0x2020,
   0x1F1F,0x2021,0x201E,0x1C1A,0x1A1B,0x1B1B,0x1A1A,0x1A1A,0x1B1D,0x1F22,
   0x2323,0x2222,0x2323,0x2221,0x1E1B,0x1714,0x110E,0x0C09,0x0603,0x00FE,
   0xFCF9,0xF7F5,0xF2EE,0xECEC,0xEDEE,0xEEEF,0xEFF0,0xF1F4,0xF8FB,0xFDFD,
   0xFDFF,0x0104,0x0505,0x0506,0x0607,0x0707,0x0706,0x0505,0x0402,0x00FF,
   0xFEFD,0xFCFA,0xF9F9,0xFAFB,0xFDFE,0xFFFF,0xFEFD,0xFDFD,0xFCFB,0xFAF8,
   0xF8F7,0xF8F9,0xFAFB,0xFAF8,0xF7F8,0xF8F8,0xF7F6,0xF5F5,0xF6F8,0xFAFB,
   0xFCFC,0xFE00,0x0204,0x0405,0x0506,0x0606,0x0809,0x0909,0x0909,0x0A0B,
   0x0B0A,0x0B0B,0x0A09,0x0A0B,0x0D0D,0x0D0E,0x0E0F,0x100F,0x1011,0x1212,
   0x1213,0x1415,0x1515,0x1514,0x1414,0x1414,0x1412,0x1110,0x1011,0x1111,
   0x100E,0x0D0B,0x0A0A,0x0B0C,0x0B0A,0x0908,0x0808,0x0807,0x0604,0x0201,
   0x0101,0x0100,0x0001,0x0102,0x0201,0x0101,0x0000,0xFFFF,0xFFFE,0xFDFE,
   0xFEFF,0x0102,0x0202,0x0101,0x0203,0x0301,0x00FF,0xFFFF,0xFEFD,0xFBF8,
   0xF6F5,0xF5F5,0xF6F6,0xF6F5,0xF6F6,0xF7F8,0xF8F9,0xF8F7,0xF7F9,0xFAFC,
   0xFCFC,0xFCFC,0xFAF9,0xF9FA,0xFAF8,0xF6F3,0xF3F3,0xF3F4,0xF5F6,0xF4F3,
   0xF3F5,0xF7F8,0xF8F7,0xF7F7,0xF9FB,0xFDFF,0xFFFD,0xFCFC,0xFDFE,0xFDFC,
   0xF9F7,0xF5F4,0xF4F5,0xF5F5,0xF5F5,0xF6F8,0xF9FC,0xFEFF,0x0102,0x0407,
   0x0A0D,0x0F10,0x1112,0x1212,0x1211,0x100E,0x0C0C,0x0C0C,0x0A07,0x0503,
   0x0201,0x00FF,0xFFFF,0xFFFF,0x0001,0x0203,0x0303,0x0201,0xFFFF,0x0001,
   0x01FF,0xFEFD,0xFCFC,0xFBF8,0xF6F3,0xF1F0,0xF1F3,0xF4F4,0xF3F4,0xF6F9,
   0xFAFA,0xF9F9,0xFAFC,0xFF03,0x0506,0x0708,0x0B0E,0x0E0C,0x0A08,0x0808,
   0x090B,0x0B09,0x0706,0x0608,0x0909,0x0707,0x0708,0x0A0D,0x0F0F,0x0D0C,
   0x0B0B,0x0B0B,0x0907,0x0605,0x0405,0x0605,0x0402,0x0101,0x0101,0x00FF,
   0xFFFF,0xFFFF,0x0102,0x0303,0x0304,0x0607,0x090C,0x0F11,0x1212,0x1315,
   0x1718,0x1918,0x1716,0x1515,0x1414,0x1210,0x1010,0x1112,0x1314,0x1516,
   0x1616,0x1616,0x1616,0x1616,0x1616,0x1517,0x181A,0x1A1B,0x1A1A,0x1919,
   0x1919,0x1919,0x1817,0x1616,0x1615,0x1413,0x1210,0x0F0F,0x1010,0x0F0C,
   0x0908,0x0706,0x0401,0xFFFC,0xFBFA,0xFAFA,0xFBFA,0xF9FA,0xFAFA,0xF9F6,
   0xF3F2,0xF2F2,0xF3F2,0xF1EF,0xEEF0,0xF2F3,0xF3F2,0xF2F2,0xF3F2,0xF1F0,
   0xEEED,0xEDEC,0xECEE,0xEEEE,0xEFF1,0xF2F4,0xF4F4,0xF5F5,0xF6F7,0xF9FA,
   0xFAFB,0xFBFE,0xFF01,0x0101,0x0101,0x0101,0x0000,0xFFFE,0xFDFD,0xFCFA,
   0xF8F7,0xF7F8,0xF8F7,0xF7F7,0xF7F6,0xF6F7,0xF8F7,0xF7F7,0xF9FB,0xFCFC,
   0xFCFD,0xFF00,0x0000,0x0100,0x0000,0x0103,0x0404,0x0303,0x0404,0x0505,
   0x0504,0x0202,0x0306,0x0908,0x0706,0x0506,0x0809,0x0A09,0x0706,0x0708,
   0x0908,0x0603,0x0100,0x0101,0x0101,0x0101,0x0102,0x0303,0x01FF,0xFFFE,
   0xFDFD,0xFCFB,0xFAF7,0xF5F2,0xF0EF,0xEDEB,0xEAE9,0xE9E8,0xE8E8,0xE9EA,
   0xEBEB,0xEBEB,0xEBEC,0xEEEF,0xF0F0,0xF0F2,0xF5F9,0xFDFE,0xFEFE,0xFEFF,
   0x0000,0x00FF,0xFEFD,0xFCFB,0xF9F6,0xF5F4,0xF5F5,0xF5F5,0xF5F6,0xF7F7,
   0xF9FA,0xFAFA,0xF9F9,0xFAFC,0xFEFF,0xFFFE,0xFDFE,0xFFFF,0x00FF,0xFDFB,
   0xFBFC,0xFEFE,0xFDFD,0xFCFC,0xFDFF,0x0102,0x0202,0x0508,0x0C0D,0x0E0F,
   0x1112,0x1416,0x1818,0x1717,0x1819,0x1A19,0x1715,0x1413,0x1312,0x1212,
   0x1111,0x1111,0x1111,0x1112,0x1213,0x1314,0x1516,0x1616,0x1514,0x1413,
   0x1211,0x1010,0x0F0D,0x0D0C,0x0C0B,0x0A08,0x0707,0x0809,0x0A0A,0x0A0A,
   0x0A0B,0x0C0D,0x0C0A,0x0908,0x0707,0x0604,0x0200,0xFFFF,0xFFFE,0xFCFA,
   0xF8F8,0xF8F9,0xF8F6,0xF4F2,0xF1F1,0xF1F2,0xF2F1,0xEFEF,0xEFF0,0xF1F1,
   0xF1F1,0xF0F0,0xEFF1,0xF1F2,0xF2F2,0xF3F5,0xF6F7,0xF8F8,0xF8F8,0xF9FB,
   0xFDFE,0xFF00,0x0103,0x0404,0x0405,0x0505,0x0505,0x0605,0x0504,0x0404,
   0x0403,0x0303,0x0303,0x0405,0x0709,0x090A,0x0C0D,0x0E0F,0x1112,0x1414,
   0x1415,0x1718,0x1919,0x191A,0x1B1A,0x1A1B,0x1C1E,0x1F1F,0x1F1E,0x1D1D,
   0x1E1F,0x201F,0x1F1F,0x2022,0x2222,0x2222,0x2222,0x2120,0x1F1E,0x1C1A,
   0x1818,0x1816,0x1513,0x110F,0x0F0F,0x0F0F,0x0D0B,0x0908,0x0809,0x0807,
   0x0607,0x0708,0x0707,0x0503,0x0202,0x0100,0xFFFD,0xFCFC,0xFCFB,0xF9F7,
   0xF5F3,0xF2F1,0xF0EE,0xEDEB,0xEBEC,0xEDED,0xEDED,0xEDEE,0xEEEE,0xEFEF,
   0xEFEF,0xEFF0,0xF1F0,0xEFEF,0xEEED,0xEBEA,0xE9E9,0xE9E7,0xE6E6,0xE7E8,
   0xE8E9,0xEAEB,0xECEC,0xEDEF,0xF1F2,0xF2F4,0xF5F6,0xF5F5,0xF5F6,0xF7F7,
   0xF7F8,0xF9FA,0xFBFC,0xFEFF,0xFFFF,0xFF01,0x0203,0x0304,0x0607,0x080A,
   0x0C0E,0x0F10,0x1113,0x1414,0x1415,0x1515,0x1413,0x1313,0x1210,0x0E0C,
   0x0B0A,0x0806,0x0503,0x0100,0x0000,0x0101,0x0203,0x0405,0x0606,0x0707,
   0x0606,0x0607,0x0808,0x0706,0x0504,0x0302,0x0202,0x01FF,0xFEFE,0xFEFF,
   0xFFFF,0xFEFE,0xFEFE,0xFF00,0x0000,0xFFFF,0xFF00,0xFFFE,0xFCFB,0xF9F8,
   0xF8F8,0xF8F7,0xF7F6,0xF6F8,0xF9F9,0xF8F8,0xF8F8,0xF7F8,0xF8F8,0xF7F5,
   0xF4F4,0xF5F4,0xF3F3,0xF3F3,0xF3F3,0xF3F4,0xF4F4,0xF4F5,0xF6F6,0xF6F7,
   0xF8F9,0xFAFB,0xFDFF,0x0001,0x0203,0x0507,0x0708,0x090A,0x0B0B,0x0B0B,
   0x0C0C,0x0C0B,0x0B0A,0x0A0A,0x0A0B,0x0B0B,0x0B0C,0x0E10,0x1112,0x1314,
   0x1516,0x1819,0x1919,0x1A1A,0x1A1A,0x1A1A,0x1A1B,0x1B1B,0x1A1A,0x1919,
   0x1918,0x1817,0x1717,0x1818,0x1818,0x1818,0x191A,0x1A19,0x1919,0x1A1A,
   0x1A1A,0x1919,0x1817,0x1717,0x1615,0x1413,0x1312,0x1110,0x0F0F,0x0E0D,
   0x0D0E,0x0E0E,0x0E0F,0x1111,0x1110,0x1010,0x0F0D,0x0C0B,0x0B0A,0x0806,
   0x0503,0x0200,0x00FF,0xFFFD,0xFBF9,0xF9FA,0xFAFB,0xFBFB,0xFBFB,0xFBFC,
   0xFCFB,0xFAF9,0xF9FA,0xFAF9,0xF8F8,0xF7F7,0xF7F7,0xF7F7,0xF5F4,0xF4F4,
   0xF3F1,0xF0F0,0xF0EF,0xEFEF,0xF1F2,0xF3F4,0xF6F8,0xFAFA,0xFBFC,0xFCFC,
   0xFBFB,0xFCFB,0xFBFA,0xF9F9,0xFAFA,0xFBFC,0xFDFD,0xFCFB,0xFCFD,0xFDFD,
   0xFCFC,0xFDFE,0xFF00,0x0202,0x0303,0x0507,0x0909,0x090A,0x0A0B,0x0B0B,
   0x0C0B,0x0A09,0x0908,0x0807,0x0605,0x0606,0x0708,0x090B,0x0C0E,0x1011,
   0x1212,0x1212,0x1213,0x1212,0x1110,0x1010,0x100F,0x0F0E,0x0D0C,0x0C0C,
   0x0B0A,0x0908,0x090A,0x0A0B,0x0C0C,0x0C0D,0x0E0F,0x0F0F,0x0D0C,0x0C0B,
   0x0A08,0x0503,0x0200,0xFFFD,0xFBF9,0xF6F4,0xF3F3,0xF2F0,0xEEEE,0xEEEE,
   0xEEEF,0xEFEF,0xEEEE,0xEFF0,0xF1F0,0xF0F0,0xF1F1,0xF1EF,0xEFEE,0xEEED,
   0xEDED,0xECEB,0xEAEB,0xECED,0xEDEC,0xECEE,0xF0F0,0xF0F1,0xF2F3,0xF4F6,
   0xF8F9,0xF8F8,0xF8FA,0xFBFB,0xFBFB,0xFBFB,0xFBFA,0xFAFA,0xFAFA,0xFBFD,
   0xFEFF,0xFF00,0x0204,0x0607,0x090A,0x0B0C,0x0D0F,0x1112,0x1111,0x1112,
   0x1212,0x1212,0x1111,0x1112,0x1212,0x1212,0x1314,0x1515,0x1617,0x1819,
   0x191A,0x1B1C,0x1C1C,0x1C1B,0x1A1A,0x1918,0x1817,0x1615,0x1413,0x1110,
   0x0E0E,0x0E0D,0x0C0A,0x0908,0x0808,0x0808,0x0808,0x0707,0x0708,0x0807,
   0x0707,0x0707,0x0605,0x0301,0xFFFF,0xFFFF,0xFEFC,0xFAFA,0xFCFC,0xFCFC,
   0xFDFE,0xFEFE,0xFFFF,0xFFFF,0xFEFE,0xFEFF,0xFEFD,0xFCFC,0xFCFC,0xFCFC,
   0xFCFB,0xFAF9,0xF9F9,0xF7F5,0xF3F3,0xF4F4,0xF4F5,0xF5F5,0xF5F6,0xF8FA,
   0xFCFC,0xFDFD,0xFEFF,0x0102,0x0302,0x0100,0x0001,0x0100,0xFFFF,0xFFFF,
   0xFFFF,0x0000,0x0001,0x0305,0x0505,0x0506,0x090B,0x0D0E,0x0F10,0x1010,
   0x1213,0x1413,0x1212,0x1212,0x100F,0x0D0C,0x0B0A,0x0908,0x0605,0x0303,
   0x0304,0x0404,0x0404,0x0506,0x0607,0x0707,0x0707,0x0707,0x0606,0x0404,
   0x0302,0x01FF,0xFFFD,0xFBFB,0xFBFC,0xFDFC,0xFCFC,0xFDFF,0x0102,0x0303,
   0x0405,0x0609,0x0B0C,0x0C0B,0x0B0B,0x0B0B,0x0B0A,0x0806,0x0505,0x0505,
   0x0402,0x0000,0x0000,0x00FF,0xFFFF,0xFEFE,0xFFFF,0xFFFE,0xFDFD,0xFDFD,
   0xFCFB,0xFBFC,0xFCFB,0xFBFC,0xFCFC,0xFCFC,0xFCFC,0xFCFC,0xFDFE,0xFEFD,
   0xFDFF,0x0102,0x0201,0x0101,0x0102,0x0303,0x0301,0xFFFF,0xFFFF,0xFEFD,
   0xFCFB,0xFBFB,0xFCFD,0xFDFC,0xFCFD,0xFF00,0x0000,0x0000,0x0000,0x0101,
   0xFFFE,0xFCFB,0xFCFC,0xFCFB,0xFAF9,0xF8F8,0xF8F8,0xF7F6,0xF5F4,0xF4F5,
   0xF4F4,0xF3F3,0xF4F5,0xF7F8,0xF9F9,0xF9FA,0xFBFE,0xFFFF,0xFFFE,0xFEFF,
   0xFFFF,0xFFFF,0xFFFF,0xFF00,0x0101,0x0000,0x0000,0x0102,0x0202,0x0203,
   0x0406,0x0707,0x0707,0x0809,0x0909,0x0707,0x0606,0x0504,0x0301,0x0000,
   0xFF00,0x00FF,0xFFFF,0xFF00,0x0000,0x0002,0x0203,0x0304,0x0505,0x0506,
   0x0809,0x0909,0x090B,0x0C0B,0x0A0A,0x0909,0x0807,0x0707,0x0605,0x0506,
   0x0606,0x0505,0x0606,0x0605,0x0505,0x0606,0x0607,0x0708,0x0708,0x0809,
   0x0909,0x0A0B,0x0C0C,0x0C0D,0x0F0F,0x0F0F,0x0F10,0x100F,0x0F10,0x1010,
   0x1011,0x1315,0x1515,0x1617,0x1818,0x1818,0x1715,0x1312,0x1110,0x0E0C,
   0x0A09,0x0908,0x0707,0x0606,0x0505,0x0606,0x0606,0x0506,0x0708,0x0806,
   0x0504,0x0404,0x0404,0x0301,0xFFFF,0xFF00,0xFFFF,0xFEFD,0xFEFD,0xFDFC,
   0xFBFB,0xFBFB,0xFBFB,0xFBFB,0xFBFC,0xFDFD,0xFDFB,0xFBFB,0xFBFA,0xF8F6,
   0xF5F4,0xF3F3,0xF2F1,0xF0F0,0xF0F2,0xF3F2,0xF2F1,0xF1F1,0xF1F2,0xF3F3,
   0xF3F2,0xF2F4,0xF6F6,0xF5F4,0xF3F3,0xF3F3,0xF3F3,0xF1EF,0xEEEE,0xEEED,
   0xEBEA,0xE9E8,0xE7E6,0xE6E6,0xE7E7,0xE7E9,0xEBEC,0xEDEE,0xEFF0,0xF1F2,
   0xF4F5,0xF6F6,0xF5F6,0xF8FA,0xFAFA,0xFAFB,0xFCFC,0xFDFE,0xFEFE,0xFEFF,
   0x0001,0x0102,0x0305,0x0708,0x0809,0x0A0A,0x0B0C,0x0D0D,0x0D0C,0x0B0B,
   0x0B0B,0x0A0A,0x0A0B,0x0C0C,0x0D0E,0x0F10,0x1112,0x1414,0x1515,0x1618,
   0x1919,0x191A,0x1A1B,0x1B1A,0x1A1A,0x1919,0x1818,0x1716,0x1514,0x1414,
   0x1312,0x1111,0x1111,0x1112,0x1415,0x1617,0x181A,0x1B1C,0x1D1E,0x1F20,
   0x2021,0x2222,0x211F,0x1F1F,0x1E1D,0x1C1A,0x1A18,0x1717,0x1717,0x1615,
   0x1415,0x1615,0x1312,0x1213,0x1314,0x1413,0x1210,0x0F10,0x100E,0x0B09,
   0x0707,0x0605,0x0403,0x01FF,0xFFFF,0x0100,0xFFFE,0xFEFF,0xFFFF,0xFFFF,
   0xFEFD,0xFDFD,0xFEFE,0xFDFD,0xFDFE,0xFFFF,0xFFFF,0xFFFE,0xFDFC,0xFCFA,
   0xF9F8,0xF7F7,0xF7F7,0xF7F8,0xF8F8,0xF9F9,0xFAFA,0xF9F9,0xF8F8,0xF8F8,
   0xF8F7,0xF7F7,0xF7F7,0xF7F6,0xF5F3,0xF2F1,0xF1F0,0xEEEC,0xECEC,0xECED,
   0xEDEC,0xECEC,0xECEC,0xECEC,0xECEB,0xEAEA,0xEBEB,0xEAE9,0xE8E8,0xE7E6,
   0xE6E6,0xE5E4,0xE3E4,0xE6E7,0xE8E7,0xE8E9,0xEBEC,0xEDEF,0xF1F1,0xF2F3,
   0xF4F5,0xF6F5,0xF6F6,0xF6F5,0xF4F5,0xF6F5,0xF4F2,0xF2F3,0xF2F1,0xF0EF,
   0xEEEC,0xEBEC,0xEDEE,0xEEEE,0xEFF0,0xF1F3,0xF4F6,0xF7F7,0xF6F7,0xF8FA,
   0xFBFA,0xFAFA,0xFAFA,0xFAFA,0xFAFA,0xFAFB,0xFCFD,0xFEFE,0xFF00,0x0101,
   0x0203,0x0405,0x0506,0x0707,0x0808,0x0909,0x0A0A,0x0909,0x0808,0x0706,
   0x0605,0x0504,0x0404,0x0405,0x0708,0x090A,0x0C0D,0x0F10,0x1112,0x1212,
   0x1213,0x1313,0x1212,0x1212,0x1212,0x1212,0x1111,0x1212,0x1312,0x1212,
   0x1415,0x1617,0x181A,0x1B1D,0x1E1F,0x2020,0x1F20,0x2021,0x2020,0x2020,
   0x1F1F,0x1F1F,0x201F,0x1D1B,0x1B1B,0x1B1A,0x1918,0x1716,0x1616,0x1818,
   0x1716,0x1718,0x1919,0x1818,0x1817,0x1615,0x1413,0x120F,0x0E0D,0x0D0C,
   0x0A0A,0x0B0B,0x0A0A,0x0A0B,0x0A0A,0x0909,0x0909,0x0808,0x0909,0x0909,
   0x0909,0x0807,0x0605,0x0504,0x0404,0x0303,0x0201,0x0000,0x00FF,0xFEFD,
   0xFDFD,0xFCFA,0xF9F8,0xF7F6,0xF5F4,0xF3F2,0xF0EE,0xEDEB,0xEAE8,0xE6E4,
   0xE3E1,0xDFDD,0xDCDA,0xD9D7,0xD6D6,0xD6D6,0xD5D5,0xD6D7,0xD7D8,0xD8DA,
   0xDBDB,0xDCDD,0xDEE0,0xE0E1,0xE2E2,0xE2E2,0xE2E2,0xE3E2,0xE2E2,0xE3E4,
   0xE5E6,0xE7E8,0xE9EA,0xEBED,0xEEEE,0xEEEF,0xF1F2,0xF3F4,0xF6F7,0xF8FA,
   0xFBFD,0xFFFF,0x0000,0x0204,0x0506,0x0809,0x0A0B,0x0B0C,0x0E0F,0x1010,
   0x1112,0x1314,0x1517,0x1819,0x191A,0x1C1D,0x1E1E,0x1D1D,0x1D1D,0x1D1C,
   0x1C1B,0x1A19,0x1918,0x1716,0x1413,0x1313,0x1314,0x1414,0x1415,0x1617,
   0x1818,0x1717,0x1819,0x1919,0x1817,0x1616,0x1516,0x1614,0x1313,0x1314,
   0x1414,0x1312,0x1212,0x1211,0x1110,0x0E0E,0x0F10,0x1111,0x1111,0x1110,
   0x1010,0x1110,0x0E0D,0x0C0C,0x0C0B,0x0B0B,0x0B0B,0x0B0B,0x0C0C,0x0C0C,
   0x0C0D,0x0D0D,0x0C0C,0x0C0B,0x0B0A,0x0A0A,0x0907,0x0605,0x0504,0x0200,
   0xFFFF,0xFFFF,0xFFFF,0x0000,0x0102,0x0303,0x0303,0x0303,0x0303,0x0202,
   0x0202,0x0202,0x0101,0x00FF,0xFEFE,0xFDFC,0xFBFA,0xFAFA,0xF9F9,0xF9FA,
   0xFBFC,0xFCFD,0xFDFD,0xFDFD,0xFDFE,0xFDFC,0xFBFB,0xFBFB,0xFAFA,0xF9F8,
   0xF7F6,0xF5F6,0xF5F3,0xF1F1,0xF2F3,0xF3F3,0xF3F4,0xF5F6,0xF7F9,0xFBFC,
   0xFBFB,0xFCFF,0x0100,0xFFFF,0xFFFD,0xFBFB,0xFBFA,0xF8F6,0xF5F4,0xF3F0,
   0xEFF0,0xEFEF,0xEFEF,0xF0F1,0xEFEF,0xF0F0,0xF0F0,0xF0F1,0xF1F0,0xF0F2,
   0xF4F5,0xF5F5,0xF6F6,0xF6F6,0xF7F8,0xF7F6,0xF5F5,0xF5F5,0xF6F5,0xF5F6,
   0xF6F5,0xF4F6,0xF9F9,0xF8F8,0xF7F7,0xF8F8,0xF8F8,0xFAFB,0xFAF9,0xFAFA,
   0xF8F7,0xF6F6,0xF8F7,0xF7F8,0xF8F7,0xF8F8,0xF8F9,0xFAFB,0xFCFE,0xFE00,
   0x0000,0x0203,0x0404,0x0507,0x090A,0x0B0C,0x0D0F,0x0F0F,0x1012,0x1314,
   0x1416,0x1717,0x1717,0x181A,0x1B1C,0x1E1F,0x2120,0x2021,0x2323,0x2222,
   0x2223,0x2321,0x2021,0x2120,0x1E1D,0x1D1E,0x1D1D,0x1E1F,0x1F1E,0x1C1C,
   0x1E1E,0x1F20,0x1F1F,0x201E,0x1E1E,0x1E1D,0x1C1A,0x1A1A,0x1A19,0x1917,
   0x1616,0x1616,0x1616,0x1515,0x1618,0x1A1A,0x1918,0x1716,0x1616,0x1616,
   0x1412,0x1211,0x0F0E,0x0D0B,0x0A09,0x0808,0x0806,0x0504,0x0201,0x0000,
   0x0000,0x0102,0x0100,0x0001,0x00FF,0xFFFE,0xFDFE,0xFCFB,0xFBF9,0xF8F7,
   0xF5F3,0xF3F3,0xF3F2,0xF1F4,0xF5F3,0xF3F5,0xF6F7,0xF7F7,0xF9FB,0xFBFC,
   0xFDFF,0x00FF,0xFE00,0x0000,0x00FF,0xFF01,0x01FF,0xFFFE,0xFEFD,0xF9FA,
   0xFBFA,0xF9FA,0xFBFB,0xF9F9,0xFAFC,0xFDFF,0xFFFF,0x0000,0x01FF,0xFF03,
   0x01FF,0xFF01,0x0302,0x0001,0x0303,0x0302,0x0104,0x0605,0x0406,0x0604,
   0x0304,0x0504,0x0608,0x0909,0x090B,0x0908,0x0B0C,0x0A09,0x0A08,0x0504,
   0x0606,0x0405,0x0704,0x0103,0x0404,0x0305,0x0403,0x0202,0x01FE,0xFF00,
   0xFEFE,0x0101,0xFFFD,0xFFFF,0xFEFF,0x0102,0x00FF,0xFF00,0x00FF,0xFDFB,
   0xFBFC,0xFDFD,0xFEFE,0xFEFF,0xFEFF,0xFFFE,0xFDFB,0xFDFE,0xFEFC,0xFCFD,
   0xFAF9,0xFBFC,0xFDFD,0xFCFB,0xFAFB,0xFBFC,0xFBFC,0xFCF9,0xF9FA,0xFBFC,
   0xFDFE,0x0101,0x0204,0x0200,0xFF01,0x0404,0x0407,0x0605,0x0403,0x0506,
   0x0709,0x0A0A,0x0D0C,0x0A0C,0x0C0D,0x0D0C,0x0D0E,0x0D0E,0x0F10,0x0F0F,
   0x0F0E,0x0F0F,0x0F0E,0x0D0C,0x0C0B,0x0909,0x0908,0x0707,0x0506,0x0706,
   0x0705,0x0402,0x0101,0x0100,0x0000,0x0100,0xFF00,0xFFFF,0xFF00,0xFFFF,
   0x0000,0x0201,0x0001,0xFFFF,0x0001,0x0102,0x0404,0x0404,0x0304,0x0506,
   0x0605,0x0405,0x0506,0x0604,0x0403,0x0302,0x0102,0x0301,0x00FF,0xFFFF,
   0xFFFE,0xFFFF,0xFEFE,0xFFFF,0xFF01,0xFFFF,0xFF00,0x00FF,0x00FF,0xFFFE,
   0xFFFF,0xFEFC,0xFCFC,0xFBFB,0xFBFC,0xFDFD,0xFCFC,0xFCFB,0xFCFC,0xFEFE,
   0xFF00,0x0102,0x0405,0x0504,0x0201,0x0100,0x0000,0xFFFF,0xFFFF,0xFEFA,
   0xF8F8,0xF8F7,0xF8F8,0xF7F7,0xF8F9,0xFAFA,0xFCFC,0xFBFD,0x0000,0x0002,
   0x0303,0x0202,0x0201,0x0202,0x0202,0x0405,0x0401,0x0101,0x00FF,0xFF02,
   0x0100,0x0203,0x0302,0x0406,0x0607,0x0A0B,0x0C0D,0x0F10,0x0F12,0x1311,
   0x0F11,0x1312,0x1011,0x110D,0x0C0C,0x0C09,0x0A0B,0x0908,0x0808,0x0705,
   0x0607,0x0506,0x0706,0x0506,0x0707,0x0706,0x0606,0x0607,0x0605,0x0504,
   0x0505,0x0505,0x0401,0x0203,0x0202,0x0304,0x0404,0x0302,0x0001,0x0101,
   0x0101,0x0200,0xFF00,0x00FF,0xFFFF,0xFE00,0x0100,0xFFFE,0xFEFD,0xFCFC,
   0xFEFD,0xFBFB,0xFDFF,0xFFFF,0x00FF,0x00FF,0xFFFF,0x0000,0x00FF,0xFF00,
   0x0101,0x0203,0x0404,0x0405,0x0707,0x0707,0x0709,0x090A,0x0807,0x090A,
   0x090A,0x0B0D,0x0D0B,0x0A0A,0x0A0A,0x0A09,0x0709,0x0807,0x0605,0x0404,
   0x0304,0x0403,0x0202,0x0404,0x0505,0x0404,0x0505,0x0606,0x0504,0x0403,
   0x0203,0x0202,0x0301,0x0102,0x0102,0x0101,0x0000,0x0001,0x0101,0x0101,
   0x0101,0x0301,0x0100,0x0000,0xFFFF,0xFFFE,0xFCFB,0xFAF9,0xF8F7,0xF6F6,
   0xF5F6,0xF6F6,0xF6F6,0xF6F5,0xF5F6,0xF7F8,0xF9FA,0xF9FA,0xFAFA,0xFCFC,
   0xFBFB,0xF9F9,0xFAFA,0xFAF9,0xF8F8,0xF6F5,0xF6F6,0xF5F4,0xF3F2,0xF1F2,
   0xF2F2,0xF3F4,0xF4F4,0xF5F6,0xF7F8,0xF9FA,0xFBFC,0xFDFD,0xFEFF,0xFF00,
   0x0102,0x0303,0x0405,0x0505,0x0605,0x0607,0x0707,0x0605,0x0606,0x0505,
   0x0607,0x0708,0x0909,0x0A0B,0x0B0A,0x090A,0x0907,0x0708,0x0907,0x0607,
   0x0707,0x0707,0x0707,0x0707,0x0706,0x0708,0x0807,0x0708,0x0706,0x0607,
   0x0706,0x0606,0x0403,0x0202,0x0101,0x0202,0x0101,0x00FF,0xFFFE,0xFEFF,
   0xFEFE,0xFF00,0x0101,0x0202,0x0202,0x0203,0x0304,0x0302,0x0201,0x0101,
   0x00FF,0x0000,0x0001,0x0201,0x0000,0x0000,0x0101,0x0100,0x0000,0x00FF,
   0xFF00,0xFFFF,0xFEFE,0xFEFD,0xFCFC,0xFBFB,0xFCFC,0xFCFD,0xFEFE,0xFDFD,
   0xFEFF,0xFFFF,0x0000,0xFFFF,0x0001,0x0203,0x0303,0x0203,0x0402,0x0000,
   0x0101,0x0102,0x0201,0x0101,0x0102,0x0304,0x0404,0x0507,0x0707,0x0708,
   0x0708,0x090B,0x0B0A,0x0A0A,0x0A0A,0x0A09,0x0808,0x0707,0x0504,0x0404,
   0x0303,0x0303,0x0303,0x0406,0x0607,0x0706,0x0708,0x0808,0x0807,0x0705,
   0x0505,0x0505,0x0403,0x0303,0x0201,0x00FF,0xFEFE,0xFEFD,0xFDFC,0xFCFB,
   0xFBFC,0xFDFC,0xFCFD,0xFFFF,0x0000,0x0101,0x0102,0x0304,0x0504,0x0403,
   0x0303,0x0303,0x0201,0x0000,0x0001,0x0100,0xFFFF,0xFEFE,0xFFFF,0x00FF,
   0xFFFF,0xFEFE,0xFFFF,0xFEFD,0xFCFD,0xFDFD,0xFEFF,0xFFFF,0xFEFE,0xFF00,
   0xFFFF,0xFEFF,0x0000,0x00FF,0x0001,0xFFFF,0xFFFF,0xFFFE,0xFCFC,0xFCFC,
   0xFBFA,0xFAFB,0xFCFC,0xFCFD,0xFEFE,0xFDFD,0xFEFE,0xFEFD,0xFEFF,0xFEFE,
   0xFFFF,0x0102,0x0304,0x0405,0x0505,0x0606,0x0706,0x0505,0x0506,0x0605,
   0x0506,0x0607,0x0808,0x0707,0x0605,0x0506,0x0706,0x0607,0x0707,0x0808,
   0x0A09,0x090A,0x0A0A,0x0A09,0x0809,0x0909,0x0908,0x0808,0x0808,0x0809,
   0x0908,0x0809,0x0B0B,0x0B0B,0x0C0D,0x0E0E,0x0E0E,0x0E0D,0x0D0D,0x0C0D,
   0x0C0B,0x0B0C,0x0C0B,0x0B0B,0x0A09,0x0808,0x0808,0x0807,0x0606,0x0606,
   0x0504,0x0505,0x0505,0x0504,0x0303,0x0201,0x00FF,0xFEFE,0xFEFE,0xFEFC,
   0xFCFC,0xFBFA,0xFAFA,0xFBFB,0xFBFA,0xF9FA,0xFBFB,0xFCFD,0xFEFE,0xFEFF,
   0xFFFF,0xFFFF,0xFFFF,0x0000,0x00FF,0xFFFF,0xFFFF,0x0102,0x0200,0xFFFF,
   0xFFFF,0xFFFF,0xFFFF,0xFFFF,0x0001,0x0202,0x0101,0x0202,0x0101,0x0101,
   0x00FF,0xFFFF,0xFFFF,0xFEFD,0xFDFD,0xFDFD,0xFDFC,0xFBFA,0xFAFA,0xFAF9,
   0xF9F9,0xFAFA,0xFBFB,0xFCFC,0xFDFC,0xFCFC,0xFCFB,0xFBFA,0xFAFA,0xFAF9,
   0xF9F9,0xFAFA,0xFAF9,0xF9FA,0xFAF9,0xF9F9,0xF8F8,0xF8F8,0xF9F9,0xF8F9,
   0xF9F9,0xF8F8,0xF6F6,0xF6F7,0xF7F8,0xF8F8,0xF8F8,0xF8F9,0xF9F9,0xF8F8,
   0xF9FA,0xFBFB,0xFAF9,0xF9F9,0xF9F9,0xF9F8,0xF8F8,0xF9FA,0xFAF9,0xF8F8,
   0xF9FA,0xFAFB,0xFCFD,0xFCFC,0xFDFF,0x0001,0x0101,0x0101,0x0203,0x0404,
   0x0403,0x0203,0x0504,0x0303,0x0304,0x0403,0x0404,0x0505,0x0505,0x0506,
   0x0606,0x0607,0x0705,0x0506,0x0606,0x0506,0x0606,0x0604,0x0404,0x0405,
   0x0506,0x0606,0x0506,0x0707,0x0707,0x0707,0x0707,0x0707,0x0707,0x0708,
   0x0808,0x0807,0x0808,0x0809,0x0808,0x0808,0x0808,0x0808,0x0809,0x0A0C,
   0x0C0C,0x0C0C,0x0D0D,0x0E0F,0x0F0F,0x0E0F,0x0F0F,0x1011,0x1110,0x1112,
   0x1212,0x1212,0x1111,0x1212,0x1111,0x1110,0x100F,0x1111,0x0F0E,0x0E0E,
   0x0F0F,0x0F0F,0x0E0C,0x0C0C,0x0C0D,0x0C0B,0x0B0B,0x0C0C,0x0B0C,0x0C0C,
   0x0B0B,0x0C0C,0x0B0B,0x0C0D,0x0C0B,0x0B0B,0x0C0C,0x0B0A,0x0A0B,0x0B0A,
   0x0A0B,0x0C0B,0x0B0C,0x0C0C,0x0B0B,0x0C0C,0x0C0B,0x0A0A,0x0A0A,0x0909,
   0x0A0A,0x0A09,0x0908,0x0707,0x0706,0x0605,0x0404,0x0403,0x0201,0x0000,
   0x0101,0x0202,0x0101,0x0000,0x0001,0x0101,0x0000,0x0000,0x0101,0x0202,
   0x0202,0x0203,0x0404,0x0302,0x0202,0x0101,0x00FF,0xFEFD,0xFDFD,0xFEFD,
   0xFDFD,0xFDFE,0xFFFF,0xFFFF,0xFFFF,0xFF00,0x0001,0x0100,0x0001,0x0101,
   0x00FF,0xFF00,0x0000,0x00FF,0xFFFF,0xFEFE,0xFFFF,0xFFFE,0xFDFE,0xFEFF,
   0xFF00,0x00FF,0xFF00,0x0001,0x0101,0x0101,0x0102,0x0303,0x0302,0x0000,
   0x0000,0xFFFE,0xFDFE,0xFFFF,0xFEFE,0xFDFD,0xFEFE,0xFEFE,0xFDFC,0xFBFC,
   0xFDFD,0xFCFB,0xFCFB,0xFBFC,0xFCFC,0xFCFC,0xFBFA,0xFBFC,0xFCFC,0xFCFC,
   0xFCFC,0xFDFE,0xFFFF,0xFEFE,0xFEFF,0x00FF,0x0000,0x0000,0x0001,0x0303,
   0x0303,0x0405,0x0405,0x0505,0x0606,0x0606,0x0708,0x0809,0x0A0B,0x0C0C,
   0x0C0C,0x0D0D,0x0D0D,0x0D0E,0x0E0E,0x0E0E,0x0E0E,0x0E0F,0x100F,0x0F0F,
   0x100F,0x0F0F,0x1010,0x1112,0x1212,0x1212,0x1212,0x1314,0x1414,0x1414,
   0x1415,0x1515,0x1616,0x1616,0x1616,0x1616,0x1514,0x1312,0x1211,0x1111,
   0x100F,0x1010,0x1112,0x1211,0x0F0F,0x0F0F,0x0F0E,0x0D0C,0x0B0B,0x0C0C,
   0x0C0B,0x0A09,0x0909,0x0808,0x0706,0x0403,0x0304,0x0402,0x0101,0x0000,
   0xFFFF,0x00FF,0xFFFF,0xFFFF,0xFFFF,0xFEFD,0xFEFD,0xFDFC,0xFCFC,0xFBF9,
   0xF8F8,0xF8F7,0xF7F7,0xF6F6,0xF5F5,0xF5F5,0xF4F3,0xF2F1,0xF2F1,0xF1F1,
   0xF1F2,0xF3F3,0xF4F5,0xF5F6,0xF6F7,0xF9FA,0xFAFA,0xFAFA,0xFAFB,0xFCFD,
   0xFDFD,0xFCFC,0xFEFF,0xFFFF,0xFFFF,0xFFFE,0xFEFE,0xFEFE,0xFEFE,0xFDFC,
   0xFCFC,0xFCFB,0xFBFA,0xF9F9,0xF9F9,0xF9F8,0xF8F7,0xF7F7,0xF7F7,0xF7F7,
   0xF7F6,0xF6F7,0xF7F7,0xF8F8,0xF9F9,0xFAFA,0xFCFC,0xFDFC,0xFCFD,0xFEFE,
   0xFFFF,0xFF00,0x0102,0x0304,0x0506,0x0708,0x090A,0x090A,0x0B0D,0x0E0F,
   0x0F10,0x1010,0x1112,0x1313,0x1211,0x1111,0x1110,0x1110,0x1111,0x1011,
   0x1112,0x1211,0x1112,0x1212,0x1212,0x1111,0x1110,0x1010,0x1010,0x1011,
   0x1010,0x0F0E,0x0D0E,0x0D0C,0x0B0B,0x0B0A,0x0A0A,0x0A0A,0x0A0A,0x0A0B,
   0x0B0B,0x0B0B,0x0C0C,0x0C0C,0x0D0D,0x0C0A,0x0A0A,0x0A0A,0x0A09,0x0909,
   0x0908,0x0809,0x0907,0x0605,0x0504,0x0303,0x0200,0xFFFF,0xFFFF,0xFFFF,
   0xFFFF,0xFFFF,0xFFFF,0xFFFF,0xFFFF,0xFFFF,0x00FF,0xFFFF,0x0001,0x0202,
   0x0203,0x0303,0x0303,0x0404,0x0405,0x0505,0x0606,0x0707,0x0606,0x0505,
   0x0506,0x0504,0x0404,0x0303,0x0303,0x0302,0x0201,0x0202,0x0101,0x0100,
   0xFFFF,0xFFFF,0xFEFE,0xFEFD,0xFDFC,0xFBFB,0xFBFA,0xFAFA,0xF9F9,0xF9FA,
   0xF8F8,0xF8F8,0xF8F8,0xF9F9,0xFAFA,0xFAF9,0xF8F9,0xFAF9,0xF8F8,0xF8F7,
   0xF7F7,0xF7F6,0xF5F5,0xF4F4,0xF5F5,0xF4F3,0xF3F3,0xF3F2,0xF1F1,0xF0EF,
   0xEFEF,0xEFEF,0xEFEF,0xEFEE,0xEEEE,0xEEEF,0xEFEE,0xEEEF,0xF0EF,0xEFEF,
   0xEFEF,0xF0F1,0xF2F3,0xF3F3,0xF2F2,0xF3F3,0xF3F3,0xF4F4,0xF4F4,0xF4F6,
   0xF7F8,0xF7F8,0xF8F9,0xF9F9,0xF9F8,0xF8F8,0xF8F8,0xF8F8,0xF7F6,0xF6F7,
   0xF7F6,0xF5F5,0xF5F6,0xF7F7,0xF8F9,0xF9FA,0xFCFE,0xFFFF,0xFFFF,0xFF01,
   0x0101,0x0100,0x0102,0x0304,0x0404,0x0302,0x0304,0x0505,0x0404,0x0403,
   0x0303,0x0505,0x0505,0x0506,0x0606,0x0606,0x0707,0x0606,0x0707,0x0605,
   0x0405,0x0504,0x0403,0x0303,0x0303,0x0202,0x0201,0x0203,0x0505,0x0404,
   0x0505,0x0506,0x0605,0x0403,0x0304,0x0505,0x0403,0x0304,0x0505,0x0505,
   0x0505,0x0506,0x0707,0x0707,0x0707,0x0706,0x0606,0x0606,0x0504,0x0405,
   0x0505,0x0506,0x0606,0x0607,0x0807,0x0606,0x0606,0x0707,0x0706,0x0606,
   0x0606,0x0707,0x0707,0x0606,0x0605,0x0404,0x0302,0x0101,0x0100,0x0100,
   0x0000,0x0102,0x0202,0x0405,0x0403,0x0405,0x0606,0x0707,0x0607,0x0808,
   0x0808,0x0705,0x0405,0x0504,0x0301,0x0000,0x0000,0xFFFF,0xFFFE,0xFEFE,
   0xFEFE,0xFDFD,0xFDFE,0xFFFF,0xFFFF,0xFFFF,0xFFFF,0xFFFF,0x00FF,0xFFFF,
   0xFFFF,0xFFFF,0xFFFF,0xFFFF,0xFFFF,0xFFFF,0xFFFF,0xFFFF,0xFFFF,0xFFFF,
   0xFFFE,0xFEFF,0xFFFF,0xFFFE,0xFEFD,0xFDFD,0xFDFE,0xFDFD,0xFCFC,0xFCFD,
   0xFDFD,0xFEFF,0xFFFF,0xFFFF,0x0001,0x0102,0x0304,0x0505,0x0607,0x0706,
   0x0607,0x0809,0x0909,0x090A,0x0B0A,0x0A0B,0x0C0B,0x090A,0x0A0A,0x0909,
   0x0A09,0x0A0A,0x0B0C,0x0D0D,0x0C0C,0x0D0D,0x0C0B,0x0B0A,0x0A09,0x0909,
   0x0909,0x0806,0x0707,0x0605,0x0505,0x0505,0x0506,0x0708,0x0909,0x0909,
   0x0B0B,0x0C0C,0x0B0A,0x0909,0x0908,0x0706,0x0505,0x0505,0x0403,0x0201,
   0x0000,0x0000,0x00FF,0x00FF,0x0000,0x0101,0x0102,0x0202,0x0303,0x0402,
   0x00FF,0x0000,0x00FF,0xFFFF,0xFFFE,0xFEFE,0xFEFE,0xFDFB,0xFBFB,0xFBFB,
   0xFBFC,0xFCFC,0xFDFF,0xFF00,0x00FF,0xFF00,0x0000,0x0000,0xFFFF,0xFFFF,
   0xFFFF,0xFFFE,0xFEFE,0xFFFF,0xFFFF,0xFFFF,0xFF00,0x0001,0x0100,0x0000,
   0x0101,0x0100,0x0100,0x00FF,0xFFFF,0xFEFE,0xFEFE,0xFDFE,0xFDFD,0xFDFE,
   0xFEFE,0xFDFD,0xFEFF,0xFFFF,0xFFFF,0x0000,0x0001,0x0101,0x0000,0x0101,
   0x0102,0x0202,0x0202,0x0202,0x0303,0x0303,0x0405,0x0606,0x0608,0x0909,
   0x0A0B,0x0B0B,0x0B0B,0x0B0B,0x0A09,0x0808,0x0808,0x0707,0x0708,0x0809,
   0x0909,0x0909,0x0A0B,0x0C0C,0x0C0C,0x0C0D,0x0D0D,0x0E0E,0x0D0E,0x0E0D,
   0x0D0C,0x0C0B,0x0A09,0x0807,0x0605,0x0503,0x0201,0x0100,0x00FF,0xFF00,
   0x0000,0x0101,0x0101,0x0103,0x0405,0x0606,0x0707,0x0808,0x0706,0x0503,
   0x0302,0x0201,0x00FF,0xFFFF,0xFFFF,0xFEFE,0xFEFF,0xFF00,0x00FF,0x0000,
   0x0101,0x0202,0x0203,0x0303,0x0405,0x0504,0x0405,0x0505,0x0606,0x0504,
   0x0403,0x0404,0x0404,0x0403,0x0303,0x0404,0x0404,0x0304,0x0404,0x0404,
   0x0404,0x0404,0x0404,0x0403,0x0100,0x0100,0x00FF,0x0000,0x0103,0x0406,
   0x0709,0x0A0C,0x0E0F,0x0F0E,0x0F10,0x1111,0x1112,0x1212,0x1213,0x1313,
   0x1312,0x1111,0x1111,0x100F,0x0F0E,0x0E0E,0x0F0F,0x0F0F,0x0F0F,0x1011,
   0x1110,0x0F0F,0x0F0E,0x0D0C,0x0B0A,0x0908,0x0808,0x0707,0x0605,0x0404,
   0x0404,0x0405,0x0506,0x0607,0x0809,0x0A0C,0x0D0D,0x0C0C,0x0D0E,0x0E0D,
   0x0C0C,0x0B0A,0x0A09,0x0908,0x0604,0x0303,0x0303,0x0101,0x0000,0x0102,
   0x0303,0x0302,0x0203,0x0303,0x0302,0x0100,0xFFFF,0xFFFE,0xFEFE,0xFEFE,
   0xFFFF,0x00FF,0xFFFF,0xFFFF,0xFF00,0x0000,0xFF00,0x0001,0x0101,0x0101,
   0x0100,0x0102,0x0201,0x00FF,0xFFFF,0xFEFE,0xFDFD,0xFCFC,0xFCFD,0xFCFC,
   0xFBFC,0xFDFF,0xFF00,0x0001,0x0102,0x0101,0x0100,0xFFFF,0xFEFD,0xFCFA,
   0xF8F8,0xF8F8,0xF7F6,0xF5F4,0xF3F2,0xF2F2,0xF1F1,0xF1F2,0xF3F4,0xF5F6,
   0xF8F9,0xFAFC,0xFCFC,0xFDFE,0xFCFC,0xFCFC,0xFCFC,0xFBFA,0xFAF9,0xF8F7,
   0xF7F7,0xF7F6,0xF5F5,0xF6F5,0xF5F5,0xF5F5,0xF6F7,0xF8F9,0xFAFA,0xFAFB,
   0xFBFB,0xFBFB,0xFAFA,0xF9FA,0xFAFA,0xF9F8,0xF8F8,0xF9F9,0xF9F9,0xF9F9,
   0xF9FA,0xFBFC,0xFDFE,0xFEFE,0xFF00,0x0101,0x0202,0x0201,0x0102,0x0303,
   0x0202,0x0304,0x0404,0x0504,0x0404,0x0505,0x0607,0x0706,0x0608,0x0808,
   0x0808,0x0809,0x0908,0x0807,0x0605,0x0403,0x0201,0x00FF,0xFFFF,0xFFFE,
   0xFEFE,0xFEFE,0xFEFF,0x00FF,0x0002,0x0304,0x0504,0x0507,0x0809,0x0908,
   0x0808,0x0807,0x0707,0x0503,0x0203,0x0403,0x0201,0x00FF,0x0000,0x0102,
   0x0202,0x0203,0x0506,0x0607,0x0708,0x0809,0x0909,0x0908,0x0707,0x0707,
   0x0706,0x0606,0x0605,0x0607,0x0707,0x0707,0x0708,0x090A,0x0B0C,0x0D0F,
   0x1011,0x1314,0x1414,0x1415,0x1616,0x1514,0x1312,0x1111,0x100F,0x0E0C,
   0x0B0B,0x0C0C,0x0C0B,0x0B0B,0x0A0B,0x0B0C,0x0C0B,0x0909,0x0807,0x0706,
   0x0403,0x0201,0x0101,0x00FF,0xFFFE,0xFEFE,0xFEFD,0xFDFC,0xFCFB,0xFBFC,
   0xFCFB,0xFBFA,0xFBFB,0xFBFB,0xFBFA,0xFAF9,0xF8F8,0xF8F7,0xF6F6,0xF6F7,
   0xF6F5,0xF4F4,0xF4F4,0xF5F4,0xF4F5,0xF5F6,0xF6F8,0xF9FA,0xFBFC,0xFDFD,
   0xFEFF,0x0000,0x0101,0x0102,0x0202,0x0101,0x0102,0x0201,0x0201,0x0100,
   0x0101,0x0202,0x0304,0x0505,0x0606,0x0708,0x0808,0x090A,0x0A0A,0x0A0A,
   0x0A0A,0x0A0A,0x0909,0x0A0A,0x0909,0x0909,0x0908,0x0808,0x0909,0x0809,
   0x0A0C,0x0C0D,0x0D0E,0x0E0E,0x0E0E,0x0E0D,0x0C0B,0x0B0C,0x0B0B,0x0B0B,
   0x0B0A,0x0A0A,0x0A0A,0x0A09,0x090A,0x0B0B,0x0B0B,0x0C0B,0x0B0A,0x0A0A,
   0x0A0A,0x0A0A,0x0908,0x0808,0x0707,0x0706,0x0505,0x0504,0x0303,0x0302,
   0x0101,0x0000,0xFF00,0xFFFF,0xFFFF,0xFFFE,0xFEFE,0xFDFC,0xFCFC,0xFCFD,
   0xFDFC,0xFBFB,0xFAF9,0xF9F9,0xF9F8,0xF8F8,0xFAFB,0xFDFE,0xFFFF,0xFFFF,
   0x0001,0x0100,0x0000,0x0101,0x0201,0x0101,0x0102,0x0203,0x0201,0x00FF,
   0x0000,0x00FF,0xFFFF,0xFFFF,0xFF00,0x0101,0x0101,0x0101,0x0202,0x0101,
   0x00FF,0xFF00,0x0000,0x0000,0x0101,0x0202,0x0303,0x0202,0x0303,0x0404,
   0x0505,0x0607,0x0808,0x090A,0x0A0A,0x0A09,0x0909,0x0909,0x0909,0x0908,
   0x0807,0x0707,0x0605,0x0404,0x0403,0x0202,0x0201,0x0202,0x0304,0x0404,
   0x0404,0x0404,0x0302,0x0201,0x0000,0x0000,0x00FF,0xFFFF,0xFFFF,0xFFFF,
   0xFEFE,0xFEFD,0xFEFE,0xFEFE,0xFEFD,0xFEFE,0xFEFE,0xFEFD,0xFDFC,0xFBFB,
   0xFCFC,0xFBFB,0xFAFA,0xFBFB,0xFAFA,0xFAF9,0xF8F8,0xF9F9,0xF8F8,0xF8F9,
   0xF9FA,0xFAFA,0xFAFA,0xFAFA,0xFAFA,0xFAF9,0xF9F9,0xFAF9,0xF9FA,0xFAFA,
   0xFAFB,0xFCFC,0xFCFC,0xFCFC,0xFDFE,0xFFFF,0x0001,0x0102,0x0304,0x0505,
   0x0606,0x0606,0x0707,0x0807,0x0706,0x0606,0x0706,0x0605,0x0505,0x0505,
   0x0505,0x0606,0x0606,0x0607,0x0808,0x0909,0x0A0A,0x0A0A,0x0A0B,0x0A0B,
   0x0C0C,0x0C0C,0x0C0C,0x0C0C,0x0C0C,0x0C0D,0x0C0C,0x0D0E,0x0F0F,0x0F10,
   0x1111,0x1112,0x1313,0x1212,0x1212,0x1212,0x1212,0x1313,0x1212,0x1213,
   0x1212,0x1212,0x1010,0x100F,0x0F0F,0x0E0D,0x0C0C,0x0B0A,0x0908,0x0706,
   0x0505,0x0403,0x0202,0x0201,0x0201,0x00FF,0xFF00,0xFF00,0x0001,0x0102,
   0x0304,0x0405,0x0504,0x0404,0x0402,0x0101,0x0101,0x0000,0x00FF,0xFF00,
   0x00FF,0xFFFF,0xFEFE,0xFEFE,0xFEFC,0xFBFB,0xFBFB,0xFBFC,0xFDFE,0xFEFE,
   0xFFFF,0xFEFD,0xFCFC,0xFCFD,0xFEFF,0xFFFF,0xFFFF,0x0000,0x0202,0x0304,
   0x0405,0x0607,0x0707,0x0708,0x090A,0x0A0A,0x0A0A,0x0A09,0x0908,0x0909,
   0x0909,0x0A0A,0x0B0B,0x0B0B,0x0B0B,0x0B0A,0x0A0A,0x0A08,0x0807,0x0707,
   0x0808,0x0807,0x0605,0x0404,0x0302,0x00FF,0xFFFE,0xFDFD,0xFDFD,0xFDFC,
   0xFCFC,0xFCFC,0xFBFB,0xFBFB,0xFAFB,0xFCFC,0xFDFC,0xFBFB,0xFBFB,0xFBFA,
   0xF9F9,0xF8F7,0xF6F6,0xF5F4,0xF3F2,0xF3F4,0xF3F2,0xF1F1,0xF1F1,0xF0F0,
   0xF1F1,0xF1F0,0xF1F2,0xF3F2,0xF3F4,0xF5F5,0xF5F5,0xF6F6,0xF7F7,0xF8F8,
   0xF9F9,0xF9FA,0xFCFC,0xFCFC,0xFDFD,0xFDFD,0xFCFC,0xFCFC,0xFCFD,0xFEFF,
   0xFFFF,0xFF00,0x0101,0x0202,0x0303,0x0404,0x0505,0x0505,0x0505,0x0505,
   0x0506,0x0606,0x0606,0x0505,0x0505,0x0506,0x0505,0x0505,0x0505,0x0504,
   0x0403,0x0403,0x0302,0x0202,0x0303,0x0303,0x0303,0x0304,0x0505,0x0506,
   0x0607,0x0707,0x0708,0x0808,0x0809,0x0909,0x0707,0x0707,0x0706,0x0504,
   0x0505,0x0404,0x0505,0x0403,0x0404,0x0303,0x0202,0x0101,0x00FF,0xFFFF,
   0xFFFF,0xFEFE,0xFFFF,0xFFFF,0xFFFF,0xFEFE,0xFF00,0x0100,0xFF00,0x0001,
   0x0102,0x0304,0x0505,0x0506,0x0708,0x0807,0x0706,0x0505,0x0606,0x0504,
   0x0303,0x0405,0x0504,0x0403,0x0302,0x0202,0x0201,0x0000,0x0000,0x0001,
   0x0101,0x0102,0x0202,0x0202,0x0202,0x0203,0x0303,0x0404,0x0505,0x0607,
   0x0707,0x0707,0x0707,0x0808,0x0808,0x0809,0x0909,0x090A,0x0A0A,0x0A0A,
   0x0908,0x0708,0x0707,0x0605,0x0504,0x0404,0x0303,0x0303,0x0201,0x0202,
   0x0202,0x0303,0x0201,0x0100,0x0000,0xFF00,0xFF00,0x00FF,0x00FF,0xFFFF,
   0xFFFF,0xFFFF,0xFEFE,0xFEFE,0xFEFE,0xFDFE,0xFEFF,0xFFFF,0xFFFF,0xFFFF,
   0xFFFF,0x00FF,0xFFFF,0x0000,0x0101,0x0102,0x0203,0x0202,0x0304,0x0404,
   0x0403,0x0302,0x0202,0x0202,0x0101,0x0001,0x0102,0x0203,0x0303,0x0304,
   0x0405,0x0404,0x0506,0x0606,0x0607,0x0707,0x0807,0x0807,0x0707,0x0809,
   0x0908,0x0809,0x0909,0x0A0A,0x0A0A,0x090A,0x0A0B,0x0C0B,0x0B0C,0x0C0C,
   0x0D0D,0x0D0D,0x0D0C,0x0B0C,0x0C0C,0x0C0B,0x0C0C,0x0D0E,0x0E0E,0x0E0D,
   0x0D0D,0x0D0C,0x0B09,0x0808,0x0707,0x0707,0x0707,0x0708,0x0909,0x0909,
   0x0809,0x0908,0x0707,0x0706,0x0505,0x0505,0x0504,0x0404,0x0404,0x0403,
   0x0403,0x0302,0x0203,0x0303,0x0203,0x0302,0x0202,0x0202,0x0201,0x0100,
   0x00FF,0xFFFF,0xFEFD,0xFCFA,0xFAFA,0xFAFA,0xF9F8,0xF7F7,0xF7F7,0xF7F8,
   0xF8F7,0xF7F8,0xF9F8,0xF8F9,0xF9F8,0xF8F9,0xF9F9,0xF9F8,0xF8F8,0xF9F9,
   0xF9F9,0xF8F8,0xF7F8,0xF9FA,0xFAFA,0xFAFA,0xFAFA,0xFAFB,0xFBFB,0xFAFA,
   0xFBFC,0xFCFC,0xFCFC,0xFCFC,0xFCFD,0xFEFE,0xFEFE,0xFEFF,0x0000,0x0101,
   0x0101,0x0203,0x0303,0x0404,0x0405,0x0606,0x0706,0x0607,0x0708,0x0808,
   0x0808,0x0808,0x0809,0x0909,0x0808,0x0809,0x0909,0x0909,0x0A09,0x0A0A,
   0x0B0B,0x0B0A,0x0A0A,0x0A09,0x0908,0x0808,0x0808,0x0807,0x0606,0x0607,
   0x0707,0x0606,0x0505,0x0404,0x0404,0x0303,0x0303,0x0303,0x0303,0x0404,
   0x0303,0x0303,0x0302,0x0303,0x0304,0x0403,0x0302,0x0202,0x0202,0x0302,
   0x0102,0x0201,0x0000,0x0000,0xFFFF,0xFFFF,0xFEFE,0xFEFE,0xFEFE,0xFEFD,
   0xFDFE,0xFEFE,0xFFFF,0xFF00,0x0000,0x0101,0x0101,0x0102,0x0202,0x0203,
   0x0304,0x0303,0x0303,0x0202,0x0100,0x0000,0x0001,0x0203,0x0405,0x0506,
   0x0809,0x0A0B,0x0C0D,0x0D0D,0x0E0F,0x0F0E,0x0E0E,0x0F0F,0x0F10,0x1010,
   0x1010,0x0F0F,0x0E0D,0x0C0B,0x0C0C,0x0B0C,0x0C0C,0x0C0C,0x0C0C,0x0D0E,
   0x0E0E,0x0D0D,0x0D0D,0x0C0C,0x0C0C,0x0C0C,0x0C0C,0x0C0C,0x0C0C,0x0B0B,
   0x0B0B,0x0B0B,0x0A0A,0x0A0A,0x0909,0x0A09,0x0909,0x090A,0x0A0B,0x0A0A,
   0x0A0A,0x0909,0x0909,0x0808,0x0707,0x0606,0x0605,0x0505,0x0504,0x0303,
   0x0202,0x01FF,0xFFFF,0xFFFE,0xFDFD,0xFDFC,0xFBFB,0xFBFB,0xFAF9,0xF8F8,
   0xF9F9,0xF8F8,0xF8F7,0xF7F7,0xF8F8,0xF8F7,0xF8F8,0xF8F8,0xF8F8,0xF9F9,
   0xF8F8,0xF9F9,0xF9F9,0xF9F9,0xF9F9,0xF8F8,0xF8F8,0xF8F8,0xF8F9,0xFAFA,
   0xFBFC,0xFCFD,0xFDFE,0xFFFF,0xFFFF,0xFFFF,0xFFFF,0xFFFF,0xFFFF,0x0000,
   0x0100,0x0000,0xFFFF,0xFFFF,0xFFFE,0xFEFE,0xFDFD,0xFCFC,0xFCFD,0xFDFD,
   0xFEFE,0xFEFE,0xFEFE,0xFEFE,0xFEFE,0xFEFE,0xFEFD,0xFDFE,0xFEFD,0xFDFC,
   0xFCFC,0xFDFD,0xFDFD,0xFCFB,0xFBFC,0xFCFB,0xFBFB,0xFBFB,0xFBFB,0xFBFB,
   0xFAF9,0xF8F8,0xF8F7,0xF7F7,0xF7F7,0xF6F6,0xF5F6,0xF5F4,0xF4F4,0xF4F5,
   0xF5F5,0xF6F6,0xF6F6,0xF6F7,0xF8F7,0xF7F6,0xF6F6,0xF6F6,0xF6F7,0xF6F6,
   0xF6F6,0xF6F6,0xF6F6,0xF6F7,0xF7F7,0xF8F8,0xF9F9,0xFAFA,0xFBFC,0xFCFD,
   0xFDFE,0xFFFF,0xFFFF,0x0000,0x0001,0x0101,0x0000,0x0001,0x0101,0x0101,
   0x0101,0x0001,0x0101,0x0202,0x0303,0x0405,0x0606,0x0707,0x0808,0x0809,
   0x0909,0x0909,0x0A0A,0x0A0A,0x090A,0x0A0B,0x0B0C,0x0C0C,0x0C0C,0x0D0D,
   0x0D0D,0x0D0E,0x0E0E,0x0E0E,0x0E0E,0x0D0D,0x0E0E,0x0D0C,0x0C0C,0x0D0D,
   0x0D0D,0x0E0E,0x0E0E,0x0F0F,0x0F0F,0x0F0F,0x0F0F,0x0F0F,0x0F10,0x1010,
   0x1011,0x1111,0x1111,0x1111,0x100E,0x0E0E,0x0E0E,0x0D0D,0x0D0C,0x0C0C,
   0x0C0C,0x0B0A,0x0A0A,0x0909,0x0909,0x0908,0x0707,0x0707,0x0605,0x0504,
   0x0404,0x0302,0x0201,0x0100,0x0000,0xFFFF,0xFEFE,0xFDFD,0xFCFC,0xFBFB,
   0xFBFA,0xFAF9,0xF9F9,0xF8F8,0xF8F8,0xF7F6,0xF6F6,0xF6F6,0xF6F6,0xF5F5,
   0xF4F4,0xF4F4,0xF4F4,0xF4F4,0xF4F3,0xF3F3,0xF4F5,0xF5F5,0xF5F5,0xF5F5,
   0xF5F6,0xF6F6,0xF6F6,0xF6F7,0xF8F8,0xF8F8,0xF9F9,0xFAFA,0xFBFB,0xFBFC,
   0xFCFD,0xFDFE,0xFEFF,0xFF00,0x0101,0x0303,0x0404,0x0405,0x0605,0x0505,
   0x0505,0x0606,0x0607,0x0707,0x0707,0x0808,0x0808,0x0808,0x0809,0x0909,
   0x0A0A,0x0A0A,0x0A0B,0x0B0A,0x0A0B,0x0B0B,0x0B0B,0x0B0B,0x0B0B,0x0B0B,
   0x0C0B,0x0A0A,0x0A0A,0x0909,0x0909,0x0808,0x0808,0x0808,0x0808,0x0807,
   0x0707,0x0707,0x0605,0x0505,0x0404,0x0404,0x0303,0x0202,0x0203,0x0201,
   0x0100,0x0000,0x0000,0x0000,0xFFFF,0x0000,0x00FF,0xFFFF,0x00FF,0x00FF,
   0x00FF,0xFFFF,0xFEFE,0xFFFF,0xFFFF,0xFF00,0x0000,0x0101,0x0202,0x0303,
   0x0404,0x0404,0x0403,0x0303,0x0303,0x0303,0x0304,0x0405,0x0605,0x0505,
   0x0606,0x0707,0x0707,0x0708,0x0808,0x0909,0x0808,0x0909,0x0909,0x0909,
   0x0908,0x0808,0x0909,0x090A,0x0A0A,0x0A0A,0x0A0B,0x0B0A,0x0A0B,0x0B0C,
   0x0B0B,0x0C0C,0x0C0C,0x0D0E,0x0E0D,0x0D0D,0x0D0C,0x0B0B,0x0B0B,0x0B0A,
   0x0A0A,0x0A09,0x0909,0x0909,0x0808,0x0708,0x0707,0x0606,0x0605,0x0404,
   0x0404,0x0302,0x0201,0x0100,0xFFFF,0xFEFE,0xFEFD,0xFDFE,0xFEFE,0xFEFE,
   0xFEFE,0xFEFE,0xFEFE,0xFEFE,0xFEFE,0xFEFD,0xFDFC,0xFCFC,0xFCFC,0xFBFB,
   0xFAF9,0xF9F9,0xF8F8,0xF8F7,0xF8F8,0xF7F7,0xF8F8,0xF9F9,0xF9FA,0xFBFB,
   0xFBFB,0xFCFC,0xFCFC,0xFCFD,0xFDFD,0xFDFE,0xFEFF,0xFFFF,0xFFFF,0xFFFF,
   0xFFFF,0xFFFF,0xFFFF,0xFFFF,0xFFFF,0xFFFF,0xFFFF,0xFEFF,0xFFFF,0xFFFF,
   0xFFFF,0xFFFF,0xFFFF,0xFFFF,0xFFFF,0xFFFF,0xFF00,0xFF00,0x0000,0x0001,
   0x0102,0x0202,0x0303,0x0303,0x0303,0x0404,0x0403,0x0304,0x0505,0x0607,
   0x0708,0x0809,0x0A0A,0x0B0B,0x0B0B,0x0C0C,0x0C0C,0x0C0D,0x0D0D,0x0E0F,
   0x0F0E,0x0E0F,0x0F0E,0x0D0D,0x0E0E,0x0E0D,0x0E0E,0x0D0D,0x0E0F,0x0F0F,
   0x0F0F,0x0F0F,0x0F0F,0x0F0F,0x0F10,0x0F0F,0x0F0F,0x0F0E,0x0E0E,0x0D0D,
   0x0D0D,0x0C0C,0x0B0A,0x0A0A,0x0A09,0x0909,0x0908,0x0808,0x0808,0x0808,
   0x0809,0x0909,0x0909,0x0A0A,0x0909,0x0909,0x0909,0x090A,0x0A0A,0x0A09,
   0x0908,0x0807,0x0707,0x0606,0x0505,0x0404,0x0303,0x0203,0x0303,0x0202,
   0x0201,0x0101,0x0100,0x0000,0x0102,0x0203,0x0303,0x0505,0x0505,0x0505,
   0x0606,0x0607,0x0807,0x0707,0x0809,0x0909,0x0909,0x0A09,0x090A,0x0A09,
   0x0808,0x0809,0x0908,0x0809,0x0909,0x090A,0x0A09,0x0808,0x0808,0x0808,
   0x0808,0x0807,0x0707,0x0707,0x0605,0x0605,0x0403,0x0202,0x0201,0x0000,
   0xFFFF,0xFFFF,0xFEFE,0xFDFD,0xFCFC,0xFCFC,0xFBFB,0xFBFB,0xFBFB,0xFCFC,
   0xFBFB,0xFBFC,0xFCFC,0xFCFC,0xFCFC,0xFCFD,0xFDFD,0xFDFD,0xFDFD,0xFEFE,
   0xFEFE,0xFEFE,0xFEFE,0xFFFE,0xFEFE,0xFEFE,0xFFFF,0xFFFF,0xFFFF,0xFFFF,
   0xFFFF,0xFFFF,0xFFFF,0xFFFF,0xFFFF,0xFFFF,0xFF00,0x0000,0x0000,0x0101,
   0x0101,0x0202,0x0303,0x0405,0x0505,0x0504,0x0405,0x0504,0x0404,0x0403,
   0x0202,0x0202,0x0202,0x0203,0x0202,0x0100,0x0101,0x0001,0x0101,0x0000,
   0x0000,0x00FF,0xFFFF,0xFFFF,0xFFFF,0xFEFE,0xFEFE,0xFDFD,0xFDFD,0xFDFD,
   0xFDFD,0xFCFC,0xFBFB,0xFBFB,0xFAF9,0xFAFA,0xF9FA,0xFAFA,0xF9F8,0xF9F9,
   0xF9F8,0xF8F8,0xF8F8,0xF8F8,0xF8F8,0xF7F7,0xF7F8,0xF9F8,0xF8F8,0xF9F9,
   0xFAFA,0xFBFB,0xFCFC,0xFCFE,0xFFFF,0xFFFF,0xFF00,0x0001,0x0102,0x0201,
   0x0202,0x0304,0x0403,0x0304,0x0506,0x0707,0x0707,0x0708,0x0809,0x0909,
   0x0809,0x090A,0x0A0B,0x0B0B,0x0B0B,0x0C0C,0x0D0D,0x0D0E,0x0E0E,0x0E0F,
   0x0F0E,0x0D0D,0x0D0D,0x0D0C,0x0B0B,0x0B0A,0x0908,0x0908,0x0807,0x0706,
   0x0605,0x0404,0x0303,0x0302,0x0303,0x0303,0x0304,0x0405,0x0404,0x0405,
   0x0404,0x0404,0x0403,0x0202,0x0202,0x0202,0x0202,0x0201,0x0100,0x00FF,
   0xFFFE,0xFEFD,0xFDFD,0xFCFB,0xFAFA,0xFAFA,0xFAFA,0xFAF9,0xF9F9,0xF9F8,
   0xF7F7,0xF7F6,0xF6F6,0xF6F6,0xF6F6,0xF6F6,0xF7F7,0xF7F8,0xF8F8,0xF9F9,
   0xFAFA,0xFAFA,0xFAFA,0xFBFB,0xFBFB,0xFBFA,0xFAFA,0xFAFA,0xFAFA,0xFAFA,
   0xFBFA,0xFAFA,0xFBFC,0xFCFC,0xFCFC,0xFCFD,0xFDFD,0xFEFF,0xFFFF,0xFF00,
   0xFF00,0x0001,0x0101,0x0102,0x0202,0x0202,0x0203,0x0304,0x0404,0x0404,
   0x0404,0x0404,0x0404,0x0404,0x0405,0x0505,0x0505,0x0505,0x0505,0x0606,
   0x0505,0x0506,0x0505,0x0606,0x0707,0x0808,0x090A,0x0909,0x0A0A,0x0A0A,
   0x090A,0x0A09,0x0A0A,0x0A0A,0x0909,0x0909,0x0909,0x0909,0x0909,0x0808,
   0x0807,0x0706,0x0607,0x0706,0x0606,0x0605,0x0505,0x0505,0x0504,0x0404,
   0x0404,0x0404,0x0404,0x0404,0x0404,0x0403,0x0303,0x0404,0x0303,0x0304,
   0x0404,0x0404,0x0404,0x0303,0x0303,0x0303,0x0404,0x0404,0x0404,0x0404,
   0x0303,0x0303,0x0302,0x0202,0x0201,0x0102,0x0202,0x0303,0x0303,0x0404,
   0x0404,0x0505,0x0505,0x0606,0x0605,0x0504,0x0404,0x0303,0x0304,0x0403,
   0x0303,0x0202,0x0202,0x0100,0x0000,0x0001,0x0101,0x0000,0x0000,0x0101,
   0x0101,0x0000,0x0000,0x0100,0x00FF,0xFFFF,0x0000,0x0101,0x0000,0x0001,
   0x0101,0x0101,0x0100,0x0000,0x0000,0x0000,0x0000,0x0101,0x0000,0x0000,
   0xFFFF,0xFFFF,0xFFFE,0xFEFE,0xFFFF,0xFFFE,0xFEFE,0xFEFE,0xFEFF,0xFFFF,
   0xFEFD,0xFDFD,0xFDFC,0xFBFB,0xFBFB,0xFBFA,0xFAFA,0xF9F9,0xF9F8,0xF7F7,
   0xF7F7,0xF7F7,0xF7F6,0xF7F7,0xF7F7,0xF7F7,0xF8F7,0xF7F7,0xF7F6,0xF5F5,
   0xF5F5,0xF5F4,0xF4F4,0xF4F4,0xF4F4,0xF4F4,0xF3F3,0xF3F4,0xF4F4,0xF5F5,
   0xF6F6,0xF6F7,0xF7F8,0xF8F8,0xF8F8,0xF8F8,0xF8F8,0xF9F9,0xFAFA,0xFBFB,
   0xFCFD,0xFEFE,0xFFFF,0xFFFF,0xFFFF,0xFF00,0x0000,0x0102,0x0203,0x0405,
   0x0505,0x0608,0x0807,0x0707,0x0808,0x090A,0x0A0B,0x0C0C,0x0D0E,0x0F0F,
   0x0F0F,0x0F10,0x1010,0x1111,0x1111,0x1112,0x1313,0x1313,0x1314,0x1414,
   0x1414,0x1414,0x1415,0x1515,0x1515,0x1515,0x1515,0x1415,0x1514,0x1313,
   0x1313,0x1212,0x1211,0x1010,0x0F10,0x0F0F,0x0E0E,0x0E0D,0x0C0B,0x0A0A,
   0x0908,0x0707,0x0707,0x0605,0x0505,0x0404,0x0404,0x0404,0x0404,0x0404,
   0x0404,0x0304,0x0404,0x0303,0x0302,0x0202,0x0202,0x0101,0x0000,0x0000,
   0x00FF,0xFFFF,0xFFFF,0xFFFF,0xFFFF,0xFFFF,0xFFFF,0xFFFE,0xFEFE,0xFEFE,
   0xFEFE,0xFEFE,0xFEFD,0xFEFE,0xFEFD,0xFDFD,0xFEFE,0xFFFE,0xFFFF,0xFFFF,
   0xFFFF,0xFFFF,0xFF00,0x0001,0x0101,0x0102,0x0202,0x0304,0x0404,0x0404,
   0x0505,0x0505,0x0506,0x0606,0x0606,0x0606,0x0606,0x0708,0x0707,0x0808,
   0x0808,0x0707,0x0707,0x0707,0x0707,0x0707,0x0707,0x0707,0x0707,0x0707,
   0x0706,0x0606,0x0504,0x0404,0x0403,0x0303,0x0303,0x0303,0x0303,0x0302,
   0x0201,0x0202,0x0101,0x0000,0x0000,0x0000,0x0000,0x0000,0x0000,0x00FF,
   0xFFFF,0xFFFF,0xFEFE,0xFEFE,0xFDFD,0xFDFE,0xFEFE,0xFDFD,0xFDFD,0xFCFC,
   0xFCFC,0xFBFB,0xFAFA,0xFAF9,0xF9F9,0xF9F9,0xF9F8,0xF8F8,0xF8F7,0xF6F6,
   0xF6F7,0xF7F7,0xF7F8,0xF8F7,0xF8F8,0xF9F9,0xF9FA,0xFAFA,0xFAFA,0xFBFB,
   0xFCFC,0xFCFD,0xFEFE,0xFEFE,0xFFFF,0xFFFF,0xFFFF,0xFFFF,0xFF00,0x0001,
   0x0101,0x0202,0x0303,0x0304,0x0505,0x0505,0x0606,0x0606,0x0707,0x0707,
   0x0707,0x0707,0x0606,0x0607,0x0707,0x0708,0x0808,0x0909,0x0909,0x0909,
   0x090A,0x0A0A,0x0A0A,0x0A09,0x0909,0x0909,0x0908,0x0808,0x0807,0x0707,
   0x0707,0x0606,0x0606,0x0606,0x0606,0x0607,0x0606,0x0707,0x0707,0x0708,
   0x0808,0x0808,0x0808,0x0808,0x0807,0x0707,0x0606,0x0606,0x0505,0x0404,
   0x0504,0x0302,0x0201,0x0101,0x00FF,0xFFFE,0xFDFD,0xFDFC,0xFBFA,0xF9F8,
   0xF7F7,0xF6F6,0xF5F5,0xF4F4,0xF4F3,0xF3F2,0xF2F2,0xF2F2,0xF2F3,0xF3F2,
   0xF3F3,0xF4F4,0xF4F4,0xF4F5,0xF5F5,0xF6F7,0xF7F7,0xF8F8,0xF9F9,0xF9FA,
   0xFAFB,0xFBFB,0xFBFC,0xFCFC,0xFDFD,0xFEFF,0xFFFF,0xFF00,0x0001,0x0102,
   0x0303,0x0404,0x0506,0x0607,0x0707,0x0808,0x0909,0x0A0B,0x0B0C,0x0C0E,
   0x0F0F,0x1011,0x1212,0x1313,0x1313,0x1313,0x1313,0x1413,0x1313,0x1313,
   0x1313,0x1313,0x1312,0x1211,0x1111,0x1111,0x1111,0x1111,0x1112,0x1111,
   0x1111,0x1111,0x1110,0x0F0F,0x0E0E,0x0D0D,0x0C0C,0x0B0B,0x0B0B,0x0A0A,
   0x0909,0x0908,0x0706,0x0505,0x0504,0x0404,0x0505,0x0404,0x0404,0x0404,
   0x0404,0x0303,0x0203,0x0201,0x0000,0xFF00,0xFFFF,0xFFFF,0xFFFE,0xFEFE,
   0xFEFE,0xFEFE,0xFEFE,0xFEFE,0xFEFE,0xFEFE,0xFEFE,0xFEFD,0xFCFB,0xFBFA,
   0xFAF9,0xF9F9,0xFAFA,0xF9FA,0xFBFB,0xFCFC,0xFCFD,0xFDFD,0xFDFD,0xFDFE,
   0xFDFE,0xFEFE,0xFEFE,0xFEFF,0xFFFF,0xFF00,0x0000,0x0000,0x0101,0x0202,
   0x0202,0x0303,0x0404,0x0505,0x0606,0x0606,0x0707,0x0606,0x0707,0x0607,
   0x0707,0x0606,0x0606,0x0606,0x0605,0x0505,0x0606,0x0607,0x0807,0x0706,
   0x090A,0x0A0A,0x0A0A,0x0909,0x090A,0x0A09,0x0808,0x0808,0x0706,0x0605,
   0x0505,0x0505,0x0403,0x0303,0x0303,0x0302,0x0202,0x0201,0x0102,0x0101,
   0x0101,0x0100,0x0000,0x00FF,0xFFFF,0xFFFE,0xFDFD,0xFDFD,0xFCFC,0xFBFA,
   0xFAFB,0xFBFB,0xFBFA,0xF8F8,0xF8F8,0xF8F9,0xF9FA,0xF9FA,0xFAF9,0xF9F9,
   0xF9F9,0xFAFB,0xFBFB,0xFBFB,0xFCFC,0xFCFD,0xFEFF,0xFFFF,0x0000,0x0102,
   0x0102,0x0202,0x0203,0x0304,0x0303,0x0303,0x0304,0x0404,0x0404,0x0504,
   0x0405,0x0505,0x0607,0x0708,0x0809,0x0A0A,0x0B0C,0x0D0D,0x0D0D,0x0D0E,
   0x0D0E,0x0E0E,0x0D0D,0x0C0C,0x0D0D,0x0D0D,0x0D0C,0x0C0B,0x0C0D,0x0D0D,
   0x0D0D,0x0D0E,0x0E0E,0x0E0E,0x0E0F,0x0F0E,0x0E0F,0x0F0E,0x0E0E,0x0F0F,
   0x0F0F,0x0E0F,0x0F0E,0x0E0F,0x0F0F,0x0E0E,0x0E0E,0x0E0E,0x0E0E,0x0D0D,
   0x0D0C,0x0C0B,0x0A09,0x0909,0x0909,0x0808,0x0807,0x0606,0x0606,0x0605,
   0x0606,0x0605,0x0606,0x0606,0x0505,0x0606,0x0606,0x0606,0x0605,0x0506,
   0x0505,0x0402,0x0304,0x0201,0x0101,0x0100,0xFF00,0x0100,0xFF00,0x0001,
   0x0100,0x00FF,0x00FF,0xFFFF,0x0101,0x0000,0xFF00,0x00FF,0xFFFF,0xFFFE,
   0xFFFF,0xFFFD,0xFDFD,0xFEFE,0xFFFF,0xFFFF,0x0001,0x0101,0x0302,0x0101,
   0x0203,0x0202,0x0202,0x0202,0x0101,0x0202,0x0202,0x0202,0x0000,0x0001,
   0xFF00,0x0101,0x0000,0x0101,0x0102,0x0201,0x0203,0x0201,0x0102,0x0200,
   0x0001,0x00FF,0xFFFF,0xFFFE,0xFFFF,0xFEFE,0xFEFE,0xFCFD,0xFEFD,0xFDFE,
   0xFEFD,0xFCFD,0xFDFC,0xFDFD,0xFCFC,0xFCFB,0xFAFA,0xFAF9,0xF7F7,0xF7F7,
   0xF7F7,0xF7F7,0xF8F8,0xF8F8,0xF8F9,0xF9FA,0xFBFB,0xFBFB,0xFCFB,0xFBFC,
   0xFBFB,0xFBFB,0xFBFA,0xFAFA,0xFAFA,0xFAFA,0xF8F9,0xF9FA,0xFAFA,0xFAFC,
   0xFCFD,0xFFFF,0xFDFC,0xFDFF,0xFF00,0x0000,0x00FF,0xFFFF,0x0000,0x0000,
   0x0001,0x0201,0x0100,0x0102,0x0202,0x0304,0x0506,0x0607,0x0808,0x0808,
   0x090A,0x0A0A,0x0A0A,0x0B0B,0x0B0B,0x0B0C,0x0B09,0x0A0C,0x0C0C,0x0B0B,
   0x0B0B,0x0B0B,0x0C0C,0x0C0C,0x0D0E,0x0F0E,0x0D0E,0x0F0E,0x0E0E,0x0D0E,
   0x0E0D,0x0E0D,0x0C0C,0x0B0B,0x0C0C,0x0B0B,0x0A0A,0x0A0A,0x0B0A,0x0A0A,
   0x0A09,0x0A0B,0x0909,0x0909,0x0807,0x0808,0x0708,0x0705,0x0505,0x0404,
   0x0303,0x0303,0x0101,0x0201,0x0000,0x0000,0x0000,0x00FF,0x0001,0x0000,
   0x0001,0x0100,0x0000,0x0000,0x00FF,0xFFFF,0xFFFF,0xFEFE,0xFEFE,0xFEFF,
   0xFFFF,0xFFFF,0x0000,0x0001,0x0100,0x0101,0x0202,0x0303,0x0100,0x0000,
   0x0001,0x0100,0x0000,0x0100,0x0102,0x0201,0x0102,0x0303,0x0303,0x0303,
   0x0304,0x0304,0x0404,0x0404,0x0404,0x0303,0x0302,0x0000,0x0101,0x0000,
   0x00FF,0xFFFF,0x00FF,0x0000,0x0101,0x0102,0x0302,0x0303,0x0303,0x0405,
   0x0402,0x0303,0x0100,0x0101,0xFFFF,0xFFFF,0xFFFF,0xFFFF,0xFEFE,0xFEFD,
   0xFEFF,0xFFFF,0xFFFF,0x00FF,0xFF00,0x0000,0x0000,0x0000,0x0000,0x00FF,
   0xFFFF,0xFEFE,0xFEFD,0xFDFD,0xFDFD,0xFEFE,0xFEFD,0xFDFD,0xFDFD,0xFEFF,
   0xFEFE,0xFEFE,0xFDFD,0xFDFD,0xFDFD,0xFCFB,0xFBFC,0xFCFB,0xFBFC,0xFCFB,
   0xFCFD,0xFDFD,0xFDFD,0xFEFF,0xFFFF,0xFFFF,0x0000,0x0000,0x0000,0x0000,
   0x0000,0xFFFF,0xFFFF,0xFFFF,0xFFFE,0xFEFE,0xFFFF,0xFEFF,0xFFFF,0xFFFF,
   0x0000,0x00FF,0x0000,0x0001,0x0100,0x0101,0x0101,0x0000,0x0000,0x00FF,
   0xFFFF,0xFFFF,0xFFFF,0x0000,0x0000,0x0102,0x0202,0x0203,0x0202,0x0303,
   0x0405,0x0404,0x0404,0x0505,0x0505,0x0404,0x0404,0x0403,0x0302,0x0202,
   0x0201,0x0101,0x0101,0x0001,0x0201,0x0101,0x0102,0x0101,0x0000,0x0000,
   0xFFFF,0x0000,0xFFFF,0xFFFF,0xFF00,0x00FF,0x00FF,0xFF00,0x0000,0x0000,
   0x0001,0x0101,0x0101,0x0101,0x0102,0x0202,0x0202,0x0101,0x0102,0x0101,
   0x0101,0x0101,0x0102,0x0203,0x0304,0x0505,0x0505,0x0505,0x0607,0x0707,
   0x0707,0x0706,0x0606,0x0504,0x0404,0x0505,0x0404,0x0403,0x0304,0x0405,
   0x0506,0x0505,0x0607,0x0707,0x0808,0x0808,0x0909,0x0909,0x0908,0x0808,
   0x0808,0x0707,0x0606,0x0506,0x0708,0x0707,0x0707,0x0808,0x0808,0x0708,
   0x0807,0x0807,0x0706,0x0607,0x0707,0x0606,0x0605,0x0403,0x0403,0x0303,
   0x0303,0x0303,0x0303,0x0304,0x0404,0x0405,0x0504,0x0404,0x0404,0x0303,
   0x0302,0x0201,0x00FF,0xFFFF,0xFFFE,0xFEFE,0xFDFD,0xFDFD,0xFDFD,0xFDFE,
   0xFDFE,0xFEFD,0xFDFD,0xFDFD,0xFDFE,0xFFFF,0xFEFE,0xFEFE,0xFEFE,0xFFFF,
   0xFFFF,0xFFFE,0xFEFE,0xFEFE,0xFEFF,0xFFFF,0xFF00,0x00FF,0x0000,0x0101,
   0x0101,0x0101,0x0101,0x0001,0x0202,0x0102,0x0101,0x0100,0x0000,0x0101,
   0x0101,0x0102,0x0202,0x0304,0x0403,0x0404,0x0505,0x0405,0x0505,0x0605,
   0x0505,0x0504,0x0404,0x0505,0x0404,0x0506,0x0606,0x0606,0x0708,0x0808,
   0x0808,0x0808,0x0809,0x090A,0x0A0A,0x0A0B,0x0B0B,0x0A0A,0x0A09,0x0909,
   0x0909,0x0808,0x0807,0x0707,0x0707,0x0808,0x0708,0x0808,0x0808,0x0808,
   0x0807,0x0707,0x0706,0x0606,0x0606,0x0505,0x0404,0x0404,0x0303,0x0303,
   0x0202,0x0202,0x0101,0x0102,0x0202,0x0202,0x0202,0x0202,0x0203,0x0201,
   0x0102,0x0201,0x0000,0x0000,0xFFFF,0xFFFF,0xFFFF,0xFEFE,0xFEFE,0xFEFD,
   0xFEFE,0xFEFD,0xFDFD,0xFDFD,0xFDFD,0xFDFD,0xFCFC,0xFCFC,0xFCFC,0xFCFC,
   0xFCFC,0xFCFC,0xFCFD,0xFDFE,0xFEFF,0xFFFF,0xFFFF,0xFF00,0xFF00,0x0000,
   0x0101,0x0000,0x0000,0xFFFF,0xFF00,0x0000,0xFFFF,0x00FF,0xFF00,0x0000,
   0x0100,0x0001,0x0000,0x0000,0x0101,0x0100,0x0000,0x0000,0x0000,0x0000,
   0xFF00,0x00FF,0xFFFF,0xFFFF,0xFF00,0x0000,0x0001,0x0101,0x0202,0x0202,
   0x0303,0x0303,0x0303,0x0304,0x0404,0x0404,0x0404,0x0304,0x0404,0x0303,
   0x0304,0x0404,0x0404,0x0404,0x0303,0x0404,0x0303,0x0404,0x0303,0x0303,
   0x0303,0x0303,0x0303,0x0303,0x0203,0x0303,0x0303,0x0303,0x0303,0x0304,
   0x0404,0x0505,0x0505,0x0404,0x0404,0x0405,0x0404,0x0403,0x0302,0x0303,
   0x0302,0x0202,0x0202,0x0303,0x0304,0x0304,0x0404,0x0404,0x0304,0x0404,
   0x0404,0x0404,0x0404,0x0404,0x0404,0x0303,0x0302,0x0202,0x0102,0x0202,
   0x0202,0x0303,0x0303,0x0404,0x0505,0x0505,0x0506,0x0606,0x0607,0x0707,
   0x0708,0x0808,0x0808,0x0808,0x0707,0x0807,0x0706,0x0607,0x0707,0x0707,
   0x0707,0x0606,0x0606,0x0606,0x0505,0x0505,0x0504,0x0404,0x0403,0x0303,
   0x0404,0x0303,0x0304,0x0404,0x0405,0x0505,0x0505,0x0606,0x0606,0x0606,
   0x0606,0x0606,0x0605,0x0505,0x0505,0x0505,0x0404,0x0404,0x0405,0x0404,
   0x0304,0x0403,0x0304,0x0403,0x0304,0x0303,0x0303,0x0201,0x0202,0x0201,
   0x0101,0x0000,0x0000,0x0000,0xFF00,0x0000,0x0000,0x0000,0x0000,0x0000,
   0x0000,0x0000,0x0000,0x0100,0x0000,0x00FF,0xFFFF,0xFFFF,0x00FF,0xFFFF,
   0xFFFF,0xFFFF,0xFFFF,0x00FF,0x0000,0x00FF,0xFFFF,0xFFFF,0xFFFF,0xFFFF,
   0xFFFF,0xFFFF,0xFFFF,0xFFFE,0xFEFE,0xFEFE,0xFEFE,0xFEFF,0xFFFF,0xFF00,
   0x0000,0x0001,0x0100,0x0001,0x0101,0x0001,0x0101,0x0000,0x0000,0xFFFF,
   0xFF00,0x00FF,0xFFFF,0xFFFF,0xFFFF,0xFFFF,0xFFFF,0xFFFF,0x0000,0xFFFF,
   0xFFFF,0xFFFF,0xFFFF,0xFFFF,0xFFFF,0x0000,0xFFFF,0xFFFF,0xFF00,0x0000,
   0x0000,0x0001,0x0102,0x0303,0x0304,0x0505,0x0505,0x0505,0x0505,0x0606,
   0x0505,0x0404,0x0303,0x0303,0x0303,0x0303,0x0202,0x0303,0x0303,0x0404,
   0x0404,0x0404,0x0405,0x0506,0x0606,0x0606,0x0606,0x0605,0x0505,0x0505,
   0x0504,0x0504,0x0404,0x0404,0x0505,0x0505,0x0606,0x0606,0x0606,0x0606,
   0x0607,0x0707,0x0707,0x0808,0x0808,0x0808,0x0808,0x0708,0x0808,0x0707,
   0x0808,0x0808,0x0808,0x0808,0x0807,0x0707,0x0706,0x0607,0x0707,0x0606,
   0x0606,0x0606,0x0606,0x0606,0x0506,0x0707,0x0707,0x0707,0x0707,0x0808,
   0x0908,0x0808,0x0808,0x0807,0x0707,0x0707,0x0707,0x0706,0x0605,0x0505,
   0x0504,0x0404,0x0404,0x0404,0x0404,0x0404,0x0404,0x0404,0x0404,0x0404,
   0x0404,0x0404,0x0404,0x0404,0x0404,0x0404,0x0505,0x0505,0x0606,0x0607,
   0x0707,0x0707,0x0707,0x0707,0x0707,0x0707,0x0707,0x0707,0x0706,0x0606,
   0x0505,0x0504,0x0404,0x0404,0x0404,0x0404,0x0403,0x0304,0x0303,0x0302,
   0x0202,0x0202,0x0202,0x0101,0x0101,0x0101,0x0000,0x0000,0x0000,0x0000,
   0x00FF,0x0000,0x0000,0x0001,0x0102,0x0202,0x0202,0x0202,0x0202,0x0202,
   0x0202,0x0202,0x0101,0x0101,0x0101,0x0000,0x0001,0x0000,0x0000,0xFF00,
   0x0000,0x0000,0x0000,0x0000,0x0000,0x0000,0x0000,0x0000,0x0000,0x00FF,
   0x0000,0x00FF,0xFF00,0xFF00,0x0000,0x0000,0x0000,0x0001,0x0101,0x0101,
   0x0202,0x0303,0x0303,0x0302,0x0202,0x0202,0x0101,0x0101,0x0000,0x0000,
   0x0000,0x0000,0x0000,0x0000,0x0000,0x0000,0x0000,0x0000,0xFFFF,0xFFFF,
   0xFFFF,0xFEFE,0xFEFE,0xFDFD,0xFDFE,0xFEFE,0xFEFE,0xFFFF,0xFFFF,0xFFFF,
   0xFFFF,0xFFFF,0xFFFF,0xFF00,0x0000,0x0001,0x0101,0x0000,0x0000,0xFFFF,
   0xFFFF,0xFFFF,0xFFFF,0xFFFF,0xFF00,0x0000,0x0000,0x0000,0x0100,0x0000,
   0x0101,0x0101,0x0102,0x0202,0x0203,0x0303,0x0303,0x0304,0x0404,0x0404,
   0x0404,0x0404,0x0505,0x0505,0x0505,0x0505,0x0505,0x0505,0x0504,0x0404,
   0x0404,0x0404,0x0404,0x0303,0x0303,0x0202,0x0202,0x0202,0x0201,0x0101,
   0x0101,0x0101,0x0100,0x00FF,0xFFFF,0xFFFF,0xFFFE,0xFEFE,0xFEFE,0xFEFD,
   0xFDFE,0xFEFE,0xFEFE,0xFFFF,0xFFFF,0xFFFF,0x0000,0x0000,0x0001,0x0102,
   0x0202,0x0202,0x0202,0x0202,0x0101,0x0202,0x0202,0x0202,0x0202,0x0202,
   0x0202,0x0101,0x0202,0x0202,0x0102,0x0202,0x0101,0x0101,0x0101,0x0101,
   0x0101,0x0101,0x0102,0x0202,0x0203,0x0404,0x0404,0x0404,0x0405,0x0505,
   0x0505,0x0506,0x0606,0x0505,0x0505,0x0505,0x0404,0x0404,0x0404,0x0404,
   0x0303,0x0303
}
;



   0xFCFC,0xFDFE,0xFF00,0x0202,0x0303,0x0507,0x0909,0x090A,0x0A0B,0x0B0B,
   0x0C0B,0x0A09,0x0908,0x0807,0x0605,0x0606,0x0708,0x090B,0x0C0E,0x1011,
   0x1212,0x1212,0x1213,0x1212,0x1110,0x1010,0x100F,0x0F0E,0x0D0C,0x0C0C,
   0x0B0A,0x0908,0x090A,0x0A0B,0x0C0C,0x0C0D,0x0E0F,0x0F0F,0x0D0C,0x0C0B,
   0x0A08,0x0503,0x0200,0xFFFD,0xFBF9,0xF6F4,0xF3F3,0xF2F0,0xEEEE,0xEEEE,
   0xEEEF,0xEFEF,0xEEEE,0xEFF0,0xF1F0,0xF0F0,0xF1F1,0xF1EF,0xEFEE,0xEEED,
   0xEDED,0xECEB,0xEAEB,0xECED,0xEDEC,0xECEE,0xF0F0,0xF0F1,0xF2F3,0xF4F6,
   0xF8F9,0xF8F8,0xF8FA,0xFBFB,0xFBFB,0xFBFB,0xFBFA,0xFAFA,0xFAFA,0xFBFD,
   0xFEFF,0xFF00,0x0204,0x0607,0x090A,0x0B0C,0x0D0F,0x1112,0x1111,0x1112,
   0x1212,0x1212,0x1111,0x1112,0x1212,0x1212,0x1314,0x1515,0x1617,0x1819,
   0x191A,0x1B1C,0x1C1C,0x1C1B,0x1A1A,0x1918,0x1817,0x1615,0x1413,0x1110,
   0x0E0E,0x0E0D,0x0C0A,0x0908,0x0808,0x0808,0x0808,0x0707,0x0708,0x0807,
   0x0707,0x0707,0x0605,0x0301,0xFFFF,0xFFFF,0xFEFC,0xFAFA,0xFCFC,0xFCFC,
   0xFDFE,0xFEFE,0xFFFF,0xFFFF,0xFEFE,0xFEFF,0xFEFD,0xFCFC,0xFCFC,0xFCFC,
   0xFCFB,0xFAF9,0xF9F9,0xF7F5,0xF3F3,0xF4F4,0xF4F5,0xF5F5,0xF5F6,0xF8FA,
   0xFCFC,0xFDFD,0xFEFF,0x0102,0x0302,0x0100,0x0001,0x0100,0xFFFF,0xFFFF,
   0xFFFF,0x0000,0x0001,0x0305,0x0505,0x0506,0x090B,0x0D0E,0x0F10,0x1010,
   0x1213,0x1413,0x1212,0x1212,0x100F,0x0D0C,0x0B0A,0x0908,0x0605,0x0303,
   0x0304,0x0404,0x0404,0x0506,0x0607,0x0707,0x0707,0x0707,0x0606,0x0404,
   0x0302,0x01FF,0xFFFD,0xFBFB,0xFBFC,0xFDFC,0xFCFC,0xFDFF,0x0102,0x0303,
   0x0405,0x0609,0x0B0C,0x0C0B,0x0B0B,0x0B0B,0x0B0A,0x0806,0x0505,0x0505,
   0x0402,0x0000,0x0000,0x00FF,0xFFFF,0xFEFE,0xFFFF,0xFFFE,0xFDFD,0xFDFD,
   0xFCFB,0xFBFC,0xFCFB,0xFBFC,0xFCFC,0xFCFC,0xFCFC,0xFCFC,0xFDFE,0xFEFD,
   0xFDFF,0x0102,0x0201,0x0101,0x0102,0x0303,0x0301,0xFFFF,0xFFFF,0xFEFD,
   0xFCFB,0xFBFB,0xFCFD,0xFDFC,0xFCFD,0xFF00,0x0000,0x0000,0x0000,0x0101,
   0xFFFE,0xFCFB,0xFCFC,0xFCFB,0xFAF9,0xF8F8,0xF8F8,0xF7F6,0xF5F4,0xF4F5,
   0xF4F4,0xF3F3,0xF4F5,0xF7F8,0xF9F9,0xF9FA,0xFBFE,0xFFFF,0xFFFE,0xFEFF,
   0xFFFF,0xFFFF,0xFFFF,0xFF00,0x0101,0x0000,0x0000,0x0102,0x0202,0x0203,
   0x0406,0x0707,0x0707,0x0809,0x0909,0x0707,0x0606,0x0504,0x0301,0x0000,
   0xFF00,0x00FF,0xFFFF,0xFF00,0x0000,0x0002,0x0203,0x0304,0x0505,0x0506,
   0x0809,0x0909,0x090B,0x0C0B,0x0A0A,0x0909,0x0807,0x0707,0x0605,0x0506,
   0x0606,0x0505,0x0606,0x0605,0x0505,0x0606,0x0607,0x0708,0x0708,0x0809,
   0x0909,0x0A0B,0x0C0C,0x0C0D,0x0F0F,0x0F0F,0x0F10,0x100F,0x0F10,0x1010,
   0x1011,0x1315,0x1515,0x1617,0x1818,0x1818,0x1715,0x1312,0x1110,0x0E0C,
   0x0A09,0x0908,0x0707,0x0606,0x0505,0x0606,0x0606,0x0506,0x0708,0x0806,
   0x0504,0x0404,0x0404,0x0301,0xFFFF,0xFF00,0xFFFF,0xFEFD,0xFEFD,0xFDFC,
   0xFBFB,0xFBFB,0xFBFB,0xFBFB,0xFBFC,0xFDFD,0xFDFB,0xFBFB,0xFBFA,0xF8F6,
   0xF5F4,0xF3F3,0xF2F1,0xF0F0,0xF0F2,0xF3F2,0xF2F1,0xF1F1,0xF1F2,0xF3F3,
   0xF3F2,0xF2F4,0xF6F6,0xF5F4,0xF3F3,0xF3F3,0xF3F3,0xF1EF,0xEEEE,0xEEED,
   0xEBEA,0xE9E8,0xE7E6,0xE6E6,0xE7E7,0xE7E9,0xEBEC,0xEDEE,0xEFF0,0xF1F2,
   0xF4F5,0xF6F6,0xF5F6,0xF8FA,0xFAFA,0xFAFB,0xFCFC,0xFDFE,0xFEFE,0xFEFF,
   0x0001,0x0102,0x0305,0x0708,0x0809,0x0A0A,0x0B0C,0x0D0D,0x0D0C,0x0B0B,
   0x0B0B,0x0A0A,0x0A0B,0x0C0C,0x0D0E,0x0F10,0x1112,0x1414,0x1515,0x1618,
   0x1919,0x191A,0x1A1B,0x1B1A,0x1A1A,0x1919,0x1818,0x1716,0x1514,0x1414,
   0x1312,0x1111,0x1111,0x1112,0x1415,0x1617,0x181A,0x1B1C,0x1D1E,0x1F20,
   0x2021,0x2222,0x211F,0x1F1F,0x1E1D,0x1C1A,0x1A18,0x1717,0x1717,0x1615,
   0x1415,0x1615,0x1312,0x1213,0x1314,0x1413,0x1210,0x0F10,0x100E,0x0B09,
   0x0707,0x0605,0x0403,0x01FF,0xFFFF,0x0100,0xFFFE,0xFEFF,0xFFFF,0xFFFF,
   0xFEFD,0xFDFD,0xFEFE,0xFDFD,0xFDFE,0xFFFF,0xFFFF,0xFFFE,0xFDFC,0xFCFA,
   0xF9F8,0xF7F7,0xF7F7,0xF7F8,0xF8F8,0xF9F9,0xFAFA,0xF9F9,0xF8F8,0xF8F8,
   0xF8F7,0xF7F7,0xF7F7,0xF7F6,0xF5F3,0xF2F1,0xF1F0,0xEEEC,0xECEC,0xECED,
   0xEDEC,0xECEC,0xECEC,0xECEC,0xECEB,0xEAEA,0xEBEB,0xEAE9,0xE8E8,0xE7E6,
   0xE6E6,0xE5E4,0xE3E4,0xE6E7,0xE8E7,0xE8E9,0xEBEC,0xEDEF,0xF1F1,0xF2F3,
   0xF4F5,0xF6F5,0xF6F6,0xF6F5,0xF4F5,0xF6F5,0xF4F2,0xF2F3,0xF2F1,0xF0EF,
   0xEEEC,0xEBEC,0xEDEE,0xEEEE,0xEFF0,0xF1F3,0xF4F6,0xF7F7,0xF6F7,0xF8FA,
   0xFBFA,0xFAFA,0xFAFA,0xFAFA,0xFAFA,0xFAFB,0xFCFD,0xFEFE,0xFF00,0x0101,
   0x0203,0x0405,0x0506,0x0707,0x0808,0x0909,0x0A0A,0x0909,0x0808,0x0706,
   0x0605,0x0504,0x0404,0x0405,0x0708,0x090A,0x0C0D,0x0F10,0x1112,0x1212,
   0x1213,0x1313,0x1212,0x1212,0x1212,0x1212,0x1111,0x1212,0x1312,0x1212,
   0x1415,0x1617,0x181A,0x1B1D,0x1E1F,0x2020,0x1F20,0x2021,0x2020,0x2020,
   0x1F1F,0x1F1F,0x201F,0x1D1B,0x1B1B,0x1B1A,0x1918,0x1716,0x1616,0x1818,
   0x1716,0x1718,0x1919,0x1818,0x1817,0x1615,0x1413,0x120F,0x0E0D,0x0D0C,
   0x0A0A,0x0B0B,0x0A0A,0x0A0B,0x0A0A,0x0909,0x0909,0x0808,0x0909,0x0909,
   0x0909,0x0807,0x0605,0x0504,0x0404,0x0303,0x0201,0x0000,0x00FF,0xFEFD,
   0xFDFD,0xFCFA,0xF9F8,0xF7F6,0xF5F4,0xF3F2,0xF0EE,0xEDEB,0xEAE8,0xE6E4,
   0xE3E1,0xDFDD,0xDCDA,0xD9D7,0xD6D6,0xD6D6,0xD5D5,0xD6D7,0xD7D8,0xD8DA,
   0xDBDB,0xDCDD,0xDEE0,0xE0E1,0xE2E2,0xE2E2,0xE2E2,0xE3E2,0xE2E2,0xE3E4,
   0xE5E6,0xE7E8,0xE9EA,0xEBED,0xEEEE,0xEEEF,0xF1F2,0xF3F4,0xF6F7,0xF8FA,
   0xFBFD,0xFFFF,0x0000,0x0204,0x0506,0x0809,0x0A0B,0x0B0C,0x0E0F,0x1010,
   0x1112,0x1314,0x1517,0x1819,0x191A,0x1C1D,0x1E1E,0x1D1D,0x1D1D,0x1D1C,
   0x1C1B,0x1A19,0x1918,0x1716,0x1413,0x1313,0x1314,0x1414,0x1415,0x1617,
   0x1818,0x1717,0x1819,0x1919,0x1817,0x1616,0x1516,0x1614,0x1313,0x1314,
   0x1414,0x1312,0x1212,0x1211,0x1110,0x0E0E,0x0F10,0x1111,0x1111,0x1110,
   0x1010,0x1110,0x0E0D,0x0C0C,0x0C0B,0x0B0B,0x0B0B,0x0B0B,0x0C0C,0x0C0C,
   0x0C0D,0x0D0D,0x0C0C,0x0C0B,0x0B0A,0x0A0A,0x0907,0x0605,0x0504,0x0200,
   0xFFFF,0xFFFF,0xFFFF,0x0000,0x0102,0x0303,0x0303,0x0303,0x0303,0x0202,
   0x0202,0x0202,0x0101,0x00FF,0xFEFE,0xFDFC,0xFBFA,0xFAFA,0xF9F9,0xF9FA,
   0xFBFC,0xFCFD,0xFDFD,0xFDFD,0xFDFE,0xFDFC,0xFBFB,0xFBFB,0xFAFA,0xF9F8,
   0xF7F6,0xF5F6,0xF5F3,0xF1F1,0xF2F3,0xF3F3,0xF3F4,0xF5F6,0xF7F9,0xFBFC,
   0xFBFB,0xFCFF,0x0100,0xFFFF,0xFFFD,0xFBFB,0xFBFA,0xF8F6,0xF5F4,0xF3F0,
   0xEFF0,0xEFEF,0xEFEF,0xF0F1,0xEFEF,0xF0F0,0xF0F0,0xF0F1,0xF1F0,0xF0F2,
   0xF4F5,0xF5F5,0xF6F6,0xF6F6,0xF7F8,0xF7F6,0xF5F5,0xF5F5,0xF6F5,0xF5F6,
   0xF6F5,0xF4F6,0xF9F9,0xF8F8,0xF7F7,0xF8F8,0xF8F8,0xFAFB,0xFAF9,0xFAFA,
   0xF8F7,0xF6F6,0xF8F7,0xF7F8,0xF8F7,0xF8F8,0xF8F9,0xFAFB,0xFCFE,0xFE00,
   0x0000,0x0203,0x0404,0x0507,0x090A,0x0B0C,0x0D0F,0x0F0F,0x1012,0x1314,
   0x1416,0x1717,0x1717,0x181A,0x1B1C,0x1E1F,0x2120,0x2021,0x2323,0x2222,
   0x2223,0x2321,0x2021,0x2120,0x1E1D,0x1D1E,0x1D1D,0x1E1F,0x1F1E,0x1C1C,
   0x1E1E,0x1F20,0x1F1F,0x201E,0x1E1E,0x1E1D,0x1C1A,0x1A1A,0x1A19,0x1917,
   0x1616,0x1616,0x1616,0x1515,0x1618,0x1A1A,0x1918,0x1716,0x1616,0x1616,
   0x1412,0x1211,0x0F0E,0x0D0B,0x0A09,0x0808,0x0806,0x0504,0x0201,0x0000,
   0x0000,0x0102,0x0100,0x0001,0x00FF,0xFFFE,0xFDFE,0xFCFB,0xFBF9,0xF8F7,
   0xF5F3,0xF3F3,0xF3F2,0xF1F4,0xF5F3,0xF3F5,0xF6F7,0xF7F7,0xF9FB,0xFBFC,
   0xFDFF,0x00FF,0xFE00,0x0000,0x00FF,0xFF01,0x01FF,0xFFFE,0xFEFD,0xF9FA,
   0xFBFA,0xF9FA,0xFBFB,0xF9F9,0xFAFC,0xFDFF,0xFFFF,0x0000,0x01FF,0xFF03,
   0x01FF,0xFF01,0x0302,0x0001,0x0303,0x0302,0x0104,0x0605,0x0406,0x0604,
   0x0304,0x0504,0x0608,0x0909,0x090B,0x0908,0x0B0C,0x0A09,0x0A08,0x0504,
   0x0606,0x0405,0x0704,0x0103,0x0404,0x0305,0x0403,0x0202,0x01FE,0xFF00,
   0xFEFE,0x0101,0xFFFD,0xFFFF,0xFEFF,0x0102,0x00FF,0xFF00,0x00FF,0xFDFB,
   0xFBFC,0xFDFD,0xFEFE,0xFEFF,0xFEFF,0xFFFE,0xFDFB,0xFDFE,0xFEFC,0xFCFD,
   0xFAF9,0xFBFC,0xFDFD,0xFCFB,0xFAFB,0xFBFC,0xFBFC,0xFCF9,0xF9FA,0xFBFC,
   0xFDFE,0x0101,0x0204,0x0200,0xFF01,0x0404,0x0407,0x0605,0x0403,0x0506,
   0x0709,0x0A0A,0x0D0C,0x0A0C,0x0C0D,0x0D0C,0x0D0E,0x0D0E,0x0F10,0x0F0F,
   0x0F0E,0x0F0F,0x0F0E,0x0D0C,0x0C0B,0x0909,0x0908,0x0707,0x0506,0x0706,
   0x0705,0x0402,0x0101,0x0100,0x0000,0x0100,0xFF00,0xFFFF,0xFF00,0xFFFF,
   0x0000,0x0201,0x0001,0xFFFF,0x0001,0x0102,0x0404,0x0404,0x0304,0x0506,
   0x0605,0x0405,0x0506,0x0604,0x0403,0x0302,0x0102,0x0301,0x00FF,0xFFFF,
   0xFFFE,0xFFFF,0xFEFE,0xFFFF,0xFF01,0xFFFF,0xFF00,0x00FF,0x00FF,0xFFFE,
   0xFFFF,0xFEFC,0xFCFC,0xFBFB,0xFBFC,0xFDFD,0xFCFC,0xFCFB,0xFCFC,0xFEFE,
   0xFF00,0x0102,0x0405,0x0504,0x0201,0x0100,0x0000,0xFFFF,0xFFFF,0xFEFA,
   0xF8F8,0xF8F7,0xF8F8,0xF7F7,0xF8F9,0xFAFA,0xFCFC,0xFBFD,0x0000,0x0002,
   0x0303,0x0202,0x0201,0x0202,0x0202,0x0405,0x0401,0x0101,0x00FF,0xFF02,
   0x0100,0x0203,0x0302,0x0406,0x0607,0x0A0B,0x0C0D,0x0F10,0x0F12,0x1311,
   0x0F11,0x1312,0x1011,0x110D,0x0C0C,0x0C09,0x0A0B,0x0908,0x0808,0x0705,
   0x0607,0x0506,0x0706,0x0506,0x0707,0x0706,0x0606,0x0607,0x0605,0x0504,
   0x0505,0x0505,0x0401,0x0203,0x0202,0x0304,0x0404,0x0302,0x0001,0x0101,
   0x0101,0x0200,0xFF00,0x00FF,0xFFFF,0xFE00,0x0100,0xFFFE,0xFEFD,0xFCFC,
   0xFEFD,0xFBFB,0xFDFF,0xFFFF,0x00FF,0x00FF,0xFFFF,0x0000,0x00FF,0xFF00,
   0x0101,0x0203,0x0404,0x0405,0x0707,0x0707,0x0709,0x090A,0x0807,0x090A,
   0x090A,0x0B0D,0x0D0B,0x0A0A,0x0A0A,0x0A09,0x0709,0x0807,0x0605,0x0404,
   0x0304,0x0403,0x0202,0x0404,0x0505,0x0404,0x0505,0x0606,0x0504,0x0403,
   0x0203,0x0202,0x0301,0x0102,0x0102,0x0101,0x0000,0x0001,0x0101,0x0101,
   0x0101,0x0301,0x0100,0x0000,0xFFFF,0xFFFE,0xFCFB,0xFAF9,0xF8F7,0xF6F6,
   0xF5F6,0xF6F6,0xF6F6,0xF6F5,0xF5F6,0xF7F8,0xF9FA,0xF9FA,0xFAFA,0xFCFC,
   0xFBFB,0xF9F9,0xFAFA,0xFAF9,0xF8F8,0xF6F5,0xF6F6,0xF5F4,0xF3F2,0xF1F2,
   0xF2F2,0xF3F4,0xF4F4,0xF5F6,0xF7F8,0xF9FA,0xFBFC,0xFDFD,0xFEFF,0xFF00,
   0x0102,0x0303,0x0405,0x0505,0x0605,0x0607,0x0707,0x0605,0x0606,0x0505,
   0x0607,0x0708,0x0909,0x0A0B,0x0B0A,0x090A,0x0907,0x0708,0x0907,0x0607,
   0x0707,0x0707,0x0707,0x0707,0x0706,0x0708,0x0807,0x0708,0x0706,0x0607,
   0x0706,0x0606,0x0403,0x0202,0x0101,0x0202,0x0101,0x00FF,0xFFFE,0xFEFF,
   0xFEFE,0xFF00,0x0101,0x0202,0x0202,0x0203,0x0304,0x0302,0x0201,0x0101,
   0x00FF,0x0000,0x0001,0x0201,0x0000,0x0000,0x0101,0x0100,0x0000,0x00FF,
   0xFF00,0xFFFF,0xFEFE,0xFEFD,0xFCFC,0xFBFB,0xFCFC,0xFCFD,0xFEFE,0xFDFD,
   0xFEFF,0xFFFF,0x0000,0xFFFF,0x0001,0x0203,0x0303,0x0203,0x0402,0x0000,
   0x0101,0x0102,0x0201,0x0101,0x0102,0x0304,0x0404,0x0507,0x0707,0x0708,
   0x0708,0x090B,0x0B0A,0x0A0A,0x0A0A,0x0A09,0x0808,0x0707,0x0504,0x0404,
   0x0303,0x0303,0x0303,0x0406,0x0607,0x0706,0x0708,0x0808,0x0807,0x0705,
   0x0505,0x0505,0x0403,0x0303,0x0201,0x00FF,0xFEFE,0xFEFD,0xFDFC,0xFCFB,
   0xFBFC,0xFDFC,0xFCFD,0xFFFF,0x0000,0x0101,0x0102,0x0304,0x0504,0x0403,
   0x0303,0x0303,0x0201,0x0000,0x0001,0x0100,0xFFFF,0xFEFE,0xFFFF,0x00FF,
   0xFFFF,0xFEFE,0xFFFF,0xFEFD,0xFCFD,0xFDFD,0xFEFF,0xFFFF,0xFEFE,0xFF00,
   0xFFFF,0xFEFF,0x0000,0x00FF,0x0001,0xFFFF,0xFFFF,0xFFFE,0xFCFC,0xFCFC,
   0xFBFA,0xFAFB,0xFCFC,0xFCFD,0xFEFE,0xFDFD,0xFEFE,0xFEFD,0xFEFF,0xFEFE,
   0xFFFF,0x0102,0x0304,0x0405,0x0505,0x0606,0x0706,0x0505,0x0506,0x0605,
   0x0506,0x0607,0x0808,0x0707,0x0605,0x0506,0x0706,0x0607,0x0707,0x0808,
   0x0A09,0x090A,0x0A0A,0x0A09,0x0809,0x0909,0x0908,0x0808,0x0808,0x0809,
   0x0908,0x0809,0x0B0B,0x0B0B,0x0C0D,0x0E0E,0x0E0E,0x0E0D,0x0D0D,0x0C0D,
   0x0C0B,0x0B0C,0x0C0B,0x0B0B,0x0A09,0x0808,0x0808,0x0807,0x0606,0x0606,
   0x0504,0x0505,0x0505,0x0504,0x0303,0x0201,0x00FF,0xFEFE,0xFEFE,0xFEFC,
   0xFCFC,0xFBFA,0xFAFA,0xFBFB,0xFBFA,0xF9FA,0xFBFB,0xFCFD,0xFEFE,0xFEFF,
   0xFFFF,0xFFFF,0xFFFF,0x0000,0x00FF,0xFFFF,0xFFFF,0x0102,0x0200,0xFFFF,
   0xFFFF,0xFFFF,0xFFFF,0xFFFF,0x0001,0x0202,0x0101,0x0202,0x0101,0x0101,
   0x00FF,0xFFFF,0xFFFF,0xFEFD,0xFDFD,0xFDFD,0xFDFC,0xFBFA,0xFAFA,0xFAF9,
   0xF9F9,0xFAFA,0xFBFB,0xFCFC,0xFDFC,0xFCFC,0xFCFB,0xFBFA,0xFAFA,0xFAF9,
   0xF9F9,0xFAFA,0xFAF9,0xF9FA,0xFAF9,0xF9F9,0xF8F8,0xF8F8,0xF9F9,0xF8F9,
   0xF9F9,0xF8F8,0xF6F6,0xF6F7,0xF7F8,0xF8F8,0xF8F8,0xF8F9,0xF9F9,0xF8F8,
   0xF9FA,0xFBFB,0xFAF9,0xF9F9,0xF9F9,0xF9F8,0xF8F8,0xF9FA,0xFAF9,0xF8F8,
   0xF9FA,0xFAFB,0xFCFD,0xFCFC,0xFDFF,0x0001,0x0101,0x0101,0x0203,0x0404,
   0x0403,0x0203,0x0504,0x0303,0x0304,0x0403,0x0404,0x0505,0x0505,0x0506,
   0x0606,0x0607,0x0705,0x0506,0x0606,0x0506,0x0606,0x0604,0x0404,0x0405,
   0x0506,0x0606,0x0506,0x0707,0x0707,0x0707,0x0707,0x0707,0x0707,0x0708,
   0x0808,0x0807,0x0808,0x0809,0x0808,0x0808,0x0808,0x0808,0x0809,0x0A0C,
   0x0C0C,0x0C0C,0x0D0D,0x0E0F,0x0F0F,0x0E0F,0x0F0F,0x1011,0x1110,0x1112,
   0x1212,0x1212,0x1111,0x1212,0x1111,0x1110,0x100F,0x1111,0x0F0E,0x0E0E,
   0x0F0F,0x0F0F,0x0E0C,0x0C0C,0x0C0D,0x0C0B,0x0B0B,0x0C0C,0x0B0C,0x0C0C,
   0x0B0B,0x0C0C,0x0B0B,0x0C0D,0x0C0B,0x0B0B,0x0C0C,0x0B0A,0x0A0B,0x0B0A,
   0x0A0B,0x0C0B,0x0B0C,0x0C0C,0x0B0B,0x0C0C,0x0C0B,0x0A0A,0x0A0A,0x0909,
   0x0A0A,0x0A09,0x0908,0x0707,0x0706,0x0605,0x0404,0x0403,0x0201,0x0000,
   0x0101,0x0202,0x0101,0x0000,0x0001,0x0101,0x0000,0x0000,0x0101,0x0202,
   0x0202,0x0203,0x0404,0x0302,0x0202,0x0101,0x00FF,0xFEFD,0xFDFD,0xFEFD,
   0xFDFD,0xFDFE,0xFFFF,0xFFFF,0xFFFF,0xFF00,0x0001,0x0100,0x0001,0x0101,
   0x00FF,0xFF00,0x0000,0x00FF,0xFFFF,0xFEFE,0xFFFF,0xFFFE,0xFDFE,0xFEFF,
   0xFF00,0x00FF,0xFF00,0x0001,0x0101,0x0101,0x0102,0x0303,0x0302,0x0000,
   0x0000,0xFFFE,0xFDFE,0xFFFF,0xFEFE,0xFDFD,0xFEFE,0xFEFE,0xFDFC,0xFBFC,
   0xFDFD,0xFCFB,0xFCFB,0xFBFC,0xFCFC,0xFCFC,0xFBFA,0xFBFC,0xFCFC,0xFCFC,
   0xFCFC,0xFDFE,0xFFFF,0xFEFE,0xFEFF,0x00FF,0x0000,0x0000,0x0001,0x0303,
   0x0303,0x0405,0x0405,0x0505,0x0606,0x0606,0x0708,0x0809,0x0A0B,0x0C0C,
   0x0C0C,0x0D0D,0x0D0D,0x0D0E,0x0E0E,0x0E0E,0x0E0E,0x0E0F,0x100F,0x0F0F,
   0x100F,0x0F0F,0x1010,0x1112,0x1212,0x1212,0x1212,0x1314,0x1414,0x1414,
   0x1415,0x1515,0x1616,0x1616,0x1616,0x1616,0x1514,0x1312,0x1211,0x1111,
   0x100F,0x1010,0x1112,0x1211,0x0F0F,0x0F0F,0x0F0E,0x0D0C,0x0B0B,0x0C0C,
   0x0C0B,0x0A09,0x0909,0x0808,0x0706,0x0403,0x0304,0x0402,0x0101,0x0000,
   0xFFFF,0x00FF,0xFFFF,0xFFFF,0xFFFF,0xFEFD,0xFEFD,0xFDFC,0xFCFC,0xFBF9,
   0xF8F8,0xF8F7,0xF7F7,0xF6F6,0xF5F5,0xF5F5,0xF4F3,0xF2F1,0xF2F1,0xF1F1,
   0xF1F2,0xF3F3,0xF4F5,0xF5F6,0xF6F7,0xF9FA,0xFAFA,0xFAFA,0xFAFB,0xFCFD,
   0xFDFD,0xFCFC,0xFEFF,0xFFFF,0xFFFF,0xFFFE,0xFEFE,0xFEFE,0xFEFE,0xFDFC,
   0xFCFC,0xFCFB,0xFBFA,0xF9F9,0xF9F9,0xF9F8,0xF8F7,0xF7F7,0xF7F7,0xF7F7,
   0xF7F6,0xF6F7,0xF7F7,0xF8F8,0xF9F9,0xFAFA,0xFCFC,0xFDFC,0xFCFD,0xFEFE,
   0xFFFF,0xFF00,0x0102,0x0304,0x0506,0x0708,0x090A,0x090A,0x0B0D,0x0E0F,
   0x0F10,0x1010,0x1112,0x1313,0x1211,0x1111,0x1110,0x1110,0x1111,0x1011,
   0x1112,0x1211,0x1112,0x1212,0x1212,0x1111,0x1110,0x1010,0x1010,0x1011,
   0x1010,0x0F0E,0x0D0E,0x0D0C,0x0B0B,0x0B0A,0x0A0A,0x0A0A,0x0A0A,0x0A0B,
   0x0B0B,0x0B0B,0x0C0C,0x0C0C,0x0D0D,0x0C0A,0x0A0A,0x0A0A,0x0A09,0x0909,
   0x0908,0x0809,0x0907,0x0605,0x0504,0x0303,0x0200,0xFFFF,0xFFFF,0xFFFF,
   0xFFFF,0xFFFF,0xFFFF,0xFFFF,0xFFFF,0xFFFF,0x00FF,0xFFFF,0x0001,0x0202,
   0x0203,0x0303,0x0303,0x0404,0x0405,0x0505,0x0606,0x0707,0x0606,0x0505,
   0x0506,0x0504,0x0404,0x0303,0x0303,0x0302,0x0201,0x0202,0x0101,0x0100,
   0xFFFF,0xFFFF,0xFEFE,0xFEFD,0xFDFC,0xFBFB,0xFBFA,0xFAFA,0xF9F9,0xF9FA,
   0xF8F8,0xF8F8,0xF8F8,0xF9F9,0xFAFA,0xFAF9,0xF8F9,0xFAF9,0xF8F8,0xF8F7,
   0xF7F7,0xF7F6,0xF5F5,0xF4F4,0xF5F5,0xF4F3,0xF3F3,0xF3F2,0xF1F1,0xF0EF,
   0xEFEF,0xEFEF,0xEFEF,0xEFEE,0xEEEE,0xEEEF,0xEFEE,0xEEEF,0xF0EF,0xEFEF,
   0xEFEF,0xF0F1,0xF2F3,0xF3F3,0xF2F2,0xF3F3,0xF3F3,0xF4F4,0xF4F4,0xF4F6,
   0xF7F8,0xF7F8,0xF8F9,0xF9F9,0xF9F8,0xF8F8,0xF8F8,0xF8F8,0xF7F6,0xF6F7,
   0xF7F6,0xF5F5,0xF5F6,0xF7F7,0xF8F9,0xF9FA,0xFCFE,0xFFFF,0xFFFF,0xFF01,
   0x0101,0x0100,0x0102,0x0304,0x0404,0x0302,0x0304,0x0505,0x0404,0x0403,
   0x0303,0x0505,0x0505,0x0506,0x0606,0x0606,0x0707,0x0606,0x0707,0x0605,
   0x0405,0x0504,0x0403,0x0303,0x0303,0x0202,0x0201,0x0203,0x0505,0x0404,
   0x0505,0x0506,0x0605,0x0403,0x0304,0x0505,0x0403,0x0304,0x0505,0x0505,
   0x0505,0x0506,0x0707,0x0707,0x0707,0x0706,0x0606,0x0606,0x0504,0x0405,
   0x0505,0x0506,0x0606,0x0607,0x0807,0x0606,0x0606,0x0707,0x0706,0x0606,
   0x0606,0x0707,0x0707,0x0606,0x0605,0x0404,0x0302,0x0101,0x0100,0x0100,
   0x0000,0x0102,0x0202,0x0405,0x0403,0x0405,0x0606,0x0707,0x0607,0x0808,
   0x0808,0x0705,0x0405,0x0504,0x0301,0x0000,0x0000,0xFFFF,0xFFFE,0xFEFE,
   0xFEFE,0xFDFD,0xFDFE,0xFFFF,0xFFFF,0xFFFF,0xFFFF,0xFFFF,0x00FF,0xFFFF,
   0xFFFF,0xFFFF,0xFFFF,0xFFFF,0xFFFF,0xFFFF,0xFFFF,0xFFFF,0xFFFF,0xFFFF,
   0xFFFE,0xFEFF,0xFFFF,0xFFFE,0xFEFD,0xFDFD,0xFDFE,0xFDFD,0xFCFC,0xFCFD,
   0xFDFD,0xFEFF,0xFFFF,0xFFFF,0x0001,0x0102,0x0304,0x0505,0x0607,0x0706,
   0x0607,0x0809,0x0909,0x090A,0x0B0A,0x0A0B,0x0C0B,0x090A,0x0A0A,0x0909,
   0x0A09,0x0A0A,0x0B0C,0x0D0D,0x0C0C,0x0D0D,0x0C0B,0x0B0A,0x0A09,0x0909,
   0x0909,0x0806,0x0707,0x0605,0x0505,0x0505,0x0506,0x0708,0x0909,0x0909,
   0x0B0B,0x0C0C,0x0B0A,0x0909,0x0908,0x0706,0x0505,0x0505,0x0403,0x0201,
   0x0000,0x0000,0x00FF,0x00FF,0x0000,0x0101,0x0102,0x0202,0x0303,0x0402,
   0x00FF,0x0000,0x00FF,0xFFFF,0xFFFE,0xFEFE,0xFEFE,0xFDFB,0xFBFB,0xFBFB,
   0xFBFC,0xFCFC,0xFDFF,0xFF00,0x00FF,0xFF00,0x0000,0x0000,0xFFFF,0xFFFF,
   0xFFFF,0xFFFE,0xFEFE,0xFFFF,0xFFFF,0xFFFF,0xFF00,0x0001,0x0100,0x0000,
   0x0101,0x0100,0x0100,0x00FF,0xFFFF,0xFEFE,0xFEFE,0xFDFE,0xFDFD,0xFDFE,
   0xFEFE,0xFDFD,0xFEFF,0xFFFF,0xFFFF,0x0000,0x0001,0x0101,0x0000,0x0101,
   0x0102,0x0202,0x0202,0x0202,0x0303,0x0303,0x0405,0x0606,0x0608,0x0909,
   0x0A0B,0x0B0B,0x0B0B,0x0B0B,0x0A09,0x0808,0x0808,0x0707,0x0708,0x0809,
   0x0909,0x0909,0x0A0B,0x0C0C,0x0C0C,0x0C0D,0x0D0D,0x0E0E,0x0D0E,0x0E0D,
   0x0D0C,0x0C0B,0x0A09,0x0807,0x0605,0x0503,0x0201,0x0100,0x00FF,0xFF00,
   0x0000,0x0101,0x0101,0x0103,0x0405,0x0606,0x0707,0x0808,0x0706,0x0503,
   0x0302,0x0201,0x00FF,0xFFFF,0xFFFF,0xFEFE,0xFEFF,0xFF00,0x00FF,0x0000,
   0x0101,0x0202,0x0203,0x0303,0x0405,0x0504,0x0405,0x0505,0x0606,0x0504,
   0x0403,0x0404,0x0404,0x0403,0x0303,0x0404,0x0404,0x0304,0x0404,0x0404,
   0x0404,0x0404,0x0404,0x0403,0x0100,0x0100,0x00FF,0x0000,0x0103,0x0406,
   0x0709,0x0A0C,0x0E0F,0x0F0E,0x0F10,0x1111,0x1112,0x1212,0x1213,0x1313,
   0x1312,0x1111,0x1111,0x100F,0x0F0E,0x0E0E,0x0F0F,0x0F0F,0x0F0F,0x1011,
   0x1110,0x0F0F,0x0F0E,0x0D0C,0x0B0A,0x0908,0x0808,0x0707,0x0605,0x0404,
   0x0404,0x0405,0x0506,0x0607,0x0809,0x0A0C,0x0D0D,0x0C0C,0x0D0E,0x0E0D,
   0x0C0C,0x0B0A,0x0A09,0x0908,0x0604,0x0303,0x0303,0x0101,0x0000,0x0102,
   0x0303,0x0302,0x0203,0x0303,0x0302,0x0100,0xFFFF,0xFFFE,0xFEFE,0xFEFE,
   0xFFFF,0x00FF,0xFFFF,0xFFFF,0xFF00,0x0000,0xFF00,0x0001,0x0101,0x0101,
   0x0100,0x0102,0x0201,0x00FF,0xFFFF,0xFEFE,0xFDFD,0xFCFC,0xFCFD,0xFCFC,
   0xFBFC,0xFDFF,0xFF00,0x0001,0x0102,0x0101,0x0100,0xFFFF,0xFEFD,0xFCFA,
   0xF8F8,0xF8F8,0xF7F6,0xF5F4,0xF3F2,0xF2F2,0xF1F1,0xF1F2,0xF3F4,0xF5F6,
   0xF8F9,0xFAFC,0xFCFC,0xFDFE,0xFCFC,0xFCFC,0xFCFC,0xFBFA,0xFAF9,0xF8F7,
   0xF7F7,0xF7F6,0xF5F5,0xF6F5,0xF5F5,0xF5F5,0xF6F7,0xF8F9,0xFAFA,0xFAFB,
   0xFBFB,0xFBFB,0xFAFA,0xF9FA,0xFAFA,0xF9F8,0xF8F8,0xF9F9,0xF9F9,0xF9F9,
   0xF9FA,0xFBFC,0xFDFE,0xFEFE,0xFF00,0x0101,0x0202,0x0201,0x0102,0x0303,
   0x0202,0x0304,0x0404,0x0504,0x0404,0x0505,0x0607,0x0706,0x0608,0x0808,
   0x0808,0x0809,0x0908,0x0807,0x0605,0x0403,0x0201,0x00FF,0xFFFF,0xFFFE,
   0xFEFE,0xFEFE,0xFEFF,0x00FF,0x0002,0x0304,0x0504,0x0507,0x0809,0x0908,
   0x0808,0x0807,0x0707,0x0503,0x0203,0x0403,0x0201,0x00FF,0x0000,0x0102,
   0x0202,0x0203,0x0506,0x0607,0x0708,0x0809,0x0909,0x0908,0x0707,0x0707,
   0x0706,0x0606,0x0605,0x0607,0x0707,0x0707,0x0708,0x090A,0x0B0C,0x0D0F,
   0x1011,0x1314,0x1414,0x1415,0x1616,0x1514,0x1312,0x1111,0x100F,0x0E0C,
   0x0B0B,0x0C0C,0x0C0B,0x0B0B,0x0A0B,0x0B0C,0x0C0B,0x0909,0x0807,0x0706,
   0x0403,0x0201,0x0101,0x00FF,0xFFFE,0xFEFE,0xFEFD,0xFDFC,0xFCFB,0xFBFC,
   0xFCFB,0xFBFA,0xFBFB,0xFBFB,0xFBFA,0xFAF9,0xF8F8,0xF8F7,0xF6F6,0xF6F7,
   0xF6F5,0xF4F4,0xF4F4,0xF5F4,0xF4F5,0xF5F6,0xF6F8,0xF9FA,0xFBFC,0xFDFD,
   0xFEFF,0x0000,0x0101,0x0102,0x0202,0x0101,0x0102,0x0201,0x0201,0x0100,
   0x0101,0x0202,0x0304,0x0505,0x0606,0x0708,0x0808,0x090A,0x0A0A,0x0A0A,
   0x0A0A,0x0A0A,0x0909,0x0A0A,0x0909,0x0909,0x0908,0x0808,0x0909,0x0809,
   0x0A0C,0x0C0D,0x0D0E,0x0E0E,0x0E0E,0x0E0D,0x0C0B,0x0B0C,0x0B0B,0x0B0B,
   0x0B0A,0x0A0A,0x0A0A,0x0A09,0x090A,0x0B0B,0x0B0B,0x0C0B,0x0B0A,0x0A0A,
   0x0A0A,0x0A0A,0x0908,0x0808,0x0707,0x0706,0x0505,0x0504,0x0303,0x0302,
   0x0101,0x0000,0xFF00,0xFFFF,0xFFFF,0xFFFE,0xFEFE,0xFDFC,0xFCFC,0xFCFD,
   0xFDFC,0xFBFB,0xFAF9,0xF9F9,0xF9F8,0xF8F8,0xFAFB,0xFDFE,0xFFFF,0xFFFF,
   0x0001,0x0100,0x0000,0x0101,0x0201,0x0101,0x0102,0x0203,0x0201,0x00FF,
   0x0000,0x00FF,0xFFFF,0xFFFF,0xFF00,0x0101,0x0101,0x0101,0x0202,0x0101,
   0x00FF,0xFF00,0x0000,0x0000,0x0101,0x0202,0x0303,0x0202,0x0303,0x0404,
   0x0505,0x0607,0x0808,0x090A,0x0A0A,0x0A09,0x0909,0x0909,0x0909,0x0908,
   0x0807,0x0707,0x0605,0x0404,0x0403,0x0202,0x0201,0x0202,0x0304,0x0404,
   0x0404,0x0404,0x0302,0x0201,0x0000,0x0000,0x00FF,0xFFFF,0xFFFF,0xFFFF,
   0xFEFE,0xFEFD,0xFEFE,0xFEFE,0xFEFD,0xFEFE,0xFEFE,0xFEFD,0xFDFC,0xFBFB,
   0xFCFC,0xFBFB,0xFAFA,0xFBFB,0xFAFA,0xFAF9,0xF8F8,0xF9F9,0xF8F8,0xF8F9,
   0xF9FA,0xFAFA,0xFAFA,0xFAFA,0xFAFA,0xFAF9,0xF9F9,0xFAF9,0xF9FA,0xFAFA,
   0xFAFB,0xFCFC,0xFCFC,0xFCFC,0xFDFE,0xFFFF,0x0001,0x0102,0x0304,0x0505,
   0x0606,0x0606,0x0707,0x0807,0x0706,0x0606,0x0706,0x0605,0x0505,0x0505,
   0x0505,0x0606,0x0606,0x0607,0x0808,0x0909,0x0A0A,0x0A0A,0x0A0B,0x0A0B,
   0x0C0C,0x0C0C,0x0C0C,0x0C0C,0x0C0C,0x0C0D,0x0C0C,0x0D0E,0x0F0F,0x0F10,
   0x1111,0x1112,0x1313,0x1212,0x1212,0x1212,0x1212,0x1313,0x1212,0x1213,
   0x1212,0x1212,0x1010,0x100F,0x0F0F,0x0E0D,0x0C0C,0x0B0A,0x0908,0x0706,
   0x0505,0x0403,0x0202,0x0201,0x0201,0x00FF,0xFF00,0xFF00,0x0001,0x0102,
   0x0304,0x0405,0x0504,0x0404,0x0402,0x0101,0x0101,0x0000,0x00FF,0xFF00,
   0x00FF,0xFFFF,0xFEFE,0xFEFE,0xFEFC,0xFBFB,0xFBFB,0xFBFC,0xFDFE,0xFEFE,
   0xFFFF,0xFEFD,0xFCFC,0xFCFD,0xFEFF,0xFFFF,0xFFFF,0x0000,0x0202,0x0304,
   0x0405,0x0607,0x0707,0x0708,0x090A,0x0A0A,0x0A0A,0x0A09,0x0908,0x0909,
   0x0909,0x0A0A,0x0B0B,0x0B0B,0x0B0B,0x0B0A,0x0A0A,0x0A08,0x0807,0x0707,
   0x0808,0x0807,0x0605,0x0404,0x0302,0x00FF,0xFFFE,0xFDFD,0xFDFD,0xFDFC,
   0xFCFC,0xFCFC,0xFBFB,0xFBFB,0xFAFB,0xFCFC,0xFDFC,0xFBFB,0xFBFB,0xFBFA,
   0xF9F9,0xF8F7,0xF6F6,0xF5F4,0xF3F2,0xF3F4,0xF3F2,0xF1F1,0xF1F1,0xF0F0,
   0xF1F1,0xF1F0,0xF1F2,0xF3F2,0xF3F4,0xF5F5,0xF5F5,0xF6F6,0xF7F7,0xF8F8,
   0xF9F9,0xF9FA,0xFCFC,0xFCFC,0xFDFD,0xFDFD,0xFCFC,0xFCFC,0xFCFD,0xFEFF,
   0xFFFF,0xFF00,0x0101,0x0202,0x0303,0x0404,0x0505,0x0505,0x0505,0x0505,
   0x0506,0x0606,0x0606,0x0505,0x0505,0x0506,0x0505,0x0505,0x0505,0x0504,
   0x0403,0x0403,0x0302,0x0202,0x0303,0x0303,0x0303,0x0304,0x0505,0x0506,
   0x0607,0x0707,0x0708,0x0808,0x0809,0x0909,0x0707,0x0707,0x0706,0x0504,
   0x0505,0x0404,0x0505,0x0403,0x0404,0x0303,0x0202,0x0101,0x00FF,0xFFFF,
   0xFFFF,0xFEFE,0xFFFF,0xFFFF,0xFFFF,0xFEFE,0xFF00,0x0100,0xFF00,0x0001,
   0x0102,0x0304,0x0505,0x0506,0x0708,0x0807,0x0706,0x0505,0x0606,0x0504,
   0x0303,0x0405,0x0504,0x0403,0x0302,0x0202,0x0201,0x0000,0x0000,0x0001,
   0x0101,0x0102,0x0202,0x0202,0x0202,0x0203,0x0303,0x0404,0x0505,0x0607,
   0x0707,0x0707,0x0707,0x0808,0x0808,0x0809,0x0909,0x090A,0x0A0A,0x0A0A,
   0x0908,0x0708,0x0707,0x0605,0x0504,0x0404,0x0303,0x0303,0x0201,0x0202,
   0x0202,0x0303,0x0201,0x0100,0x0000,0xFF00,0xFF00,0x00FF,0x00FF,0xFFFF,
   0xFFFF,0xFFFF,0xFEFE,0xFEFE,0xFEFE,0xFDFE,0xFEFF,0xFFFF,0xFFFF,0xFFFF,
   0xFFFF,0x00FF,0xFFFF,0x0000,0x0101,0x0102,0x0203,0x0202,0x0304,0x0404,
   0x0403,0x0302,0x0202,0x0202,0x0101,0x0001,0x0102,0x0203,0x0303,0x0304,
   0x0405,0x0404,0x0506,0x0606,0x0607,0x0707,0x0807,0x0807,0x0707,0x0809,
   0x0908,0x0809,0x0909,0x0A0A,0x0A0A,0x090A,0x0A0B,0x0C0B,0x0B0C,0x0C0C,
   0x0D0D,0x0D0D,0x0D0C,0x0B0C,0x0C0C,0x0C0B,0x0C0C,0x0D0E,0x0E0E,0x0E0D,
   0x0D0D,0x0D0C,0x0B09,0x0808,0x0707,0x0707,0x0707,0x0708,0x0909,0x0909,
   0x0809,0x0908,0x0707,0x0706,0x0505,0x0505,0x0504,0x0404,0x0404,0x0403,
   0x0403,0x0302,0x0203,0x0303,0x0203,0x0302,0x0202,0x0202,0x0201,0x0100,
   0x00FF,0xFFFF,0xFEFD,0xFCFA,0xFAFA,0xFAFA,0xF9F8,0xF7F7,0xF7F7,0xF7F8,
   0xF8F7,0xF7F8,0xF9F8,0xF8F9,0xF9F8,0xF8F9,0xF9F9,0xF9F8,0xF8F8,0xF9F9,
   0xF9F9,0xF8F8,0xF7F8,0xF9FA,0xFAFA,0xFAFA,0xFAFA,0xFAFB,0xFBFB,0xFAFA,
   0xFBFC,0xFCFC,0xFCFC,0xFCFC,0xFCFD,0xFEFE,0xFEFE,0xFEFF,0x0000,0x0101,
   0x0101,0x0203,0x0303,0x0404,0x0405,0x0606,0x0706,0x0607,0x0708,0x0808,
   0x0808,0x0808,0x0809,0x0909,0x0808,0x0809,0x0909,0x0909,0x0A09,0x0A0A,
   0x0B0B,0x0B0A,0x0A0A,0x0A09,0x0908,0x0808,0x0808,0x0807,0x0606,0x0607,
   0x0707,0x0606,0x0505,0x0404,0x0404,0x0303,0x0303,0x0303,0x0303,0x0404,
   0x0303,0x0303,0x0302,0x0303,0x0304,0x0403,0x0302,0x0202,0x0202,0x0302,
   0x0102,0x0201,0x0000,0x0000,0xFFFF,0xFFFF,0xFEFE,0xFEFE,0xFEFE,0xFEFD,
   0xFDFE,0xFEFE,0xFFFF,0xFF00,0x0000,0x0101,0x0101,0x0102,0x0202,0x0203,
   0x0304,0x0303,0x0303,0x0202,0x0100,0x0000,0x0001,0x0203,0x0405,0x0506,
   0x0809,0x0A0B,0x0C0D,0x0D0D,0x0E0F,0x0F0E,0x0E0E,0x0F0F,0x0F10,0x1010,
   0x1010,0x0F0F,0x0E0D,0x0C0B,0x0C0C,0x0B0C,0x0C0C,0x0C0C,0x0C0C,0x0D0E,
   0x0E0E,0x0D0D,0x0D0D,0x0C0C,0x0C0C,0x0C0C,0x0C0C,0x0C0C,0x0C0C,0x0B0B,
   0x0B0B,0x0B0B,0x0A0A,0x0A0A,0x0909,0x0A09,0x0909,0x090A,0x0A0B,0x0A0A,
   0x0A0A,0x0909,0x0909,0x0808,0x0707,0x0606,0x0605,0x0505,0x0504,0x0303,
   0x0202,0x01FF,0xFFFF,0xFFFE,0xFDFD,0xFDFC,0xFBFB,0xFBFB,0xFAF9,0xF8F8,
   0xF9F9,0xF8F8,0xF8F7,0xF7F7,0xF8F8,0xF8F7,0xF8F8,0xF8F8,0xF8F8,0xF9F9,
   0xF8F8,0xF9F9,0xF9F9,0xF9F9,0xF9F9,0xF8F8,0xF8F8,0xF8F8,0xF8F9,0xFAFA,
   0xFBFC,0xFCFD,0xFDFE,0xFFFF,0xFFFF,0xFFFF,0xFFFF,0xFFFF,0xFFFF,0x0000,
   0x0100,0x0000,0xFFFF,0xFFFF,0xFFFE,0xFEFE,0xFDFD,0xFCFC,0xFCFD,0xFDFD,
   0xFEFE,0xFEFE,0xFEFE,0xFEFE,0xFEFE,0xFEFE,0xFEFD,0xFDFE,0xFEFD,0xFDFC,
   0xFCFC,0xFDFD,0xFDFD,0xFCFB,0xFBFC,0xFCFB,0xFBFB,0xFBFB,0xFBFB,0xFBFB,
   0xFAF9,0xF8F8,0xF8F7,0xF7F7,0xF7F7,0xF6F6,0xF5F6,0xF5F4,0xF4F4,0xF4F5,
   0xF5F5,0xF6F6,0xF6F6,0xF6F7,0xF8F7,0xF7F6,0xF6F6,0xF6F6,0xF6F7,0xF6F6,
   0xF6F6,0xF6F6,0xF6F6,0xF6F7,0xF7F7,0xF8F8,0xF9F9,0xFAFA,0xFBFC,0xFCFD,
   0xFDFE,0xFFFF,0xFFFF,0x0000,0x0001,0x0101,0x0000,0x0001,0x0101,0x0101,
   0x0101,0x0001,0x0101,0x0202,0x0303,0x0405,0x0606,0x0707,0x0808,0x0809,
   0x0909,0x0909,0x0A0A,0x0A0A,0x090A,0x0A0B,0x0B0C,0x0C0C,0x0C0C,0x0D0D,
   0x0D0D,0x0D0E,0x0E0E,0x0E0E,0x0E0E,0x0D0D,0x0E0E,0x0D0C,0x0C0C,0x0D0D,
   0x0D0D,0x0E0E,0x0E0E,0x0F0F,0x0F0F,0x0F0F,0x0F0F,0x0F0F,0x0F10,0x1010,
   0x1011,0x1111,0x1111,0x1111,0x100E,0x0E0E,0x0E0E,0x0D0D,0x0D0C,0x0C0C,
   0x0C0C,0x0B0A,0x0A0A,0x0909,0x0909,0x0908,0x0707,0x0707,0x0605,0x0504,
   0x0404,0x0302,0x0201,0x0100,0x0000,0xFFFF,0xFEFE,0xFDFD,0xFCFC,0xFBFB,
   0xFBFA,0xFAF9,0xF9F9,0xF8F8,0xF8F8,0xF7F6,0xF6F6,0xF6F6,0xF6F6,0xF5F5,
   0xF4F4,0xF4F4,0xF4F4,0xF4F4,0xF4F3,0xF3F3,0xF4F5,0xF5F5,0xF5F5,0xF5F5,
   0xF5F6,0xF6F6,0xF6F6,0xF6F7,0xF8F8,0xF8F8,0xF9F9,0xFAFA,0xFBFB,0xFBFC,
   0xFCFD,0xFDFE,0xFEFF,0xFF00,0x0101,0x0303,0x0404,0x0405,0x0605,0x0505,
   0x0505,0x0606,0x0607,0x0707,0x0707,0x0808,0x0808,0x0808,0x0809,0x0909,
   0x0A0A,0x0A0A,0x0A0B,0x0B0A,0x0A0B,0x0B0B,0x0B0B,0x0B0B,0x0B0B,0x0B0B,
   0x0C0B,0x0A0A,0x0A0A,0x0909,0x0909,0x0808,0x0808,0x0808,0x0808,0x0807,
   0x0707,0x0707,0x0605,0x0505,0x0404,0x0404,0x0303,0x0202,0x0203,0x0201,
   0x0100,0x0000,0x0000,0x0000,0xFFFF,0x0000,0x00FF,0xFFFF,0x00FF,0x00FF,
   0x00FF,0xFFFF,0xFEFE,0xFFFF,0xFFFF,0xFF00,0x0000,0x0101,0x0202,0x0303,
   0x0404,0x0404,0x0403,0x0303,0x0303,0x0303,0x0304,0x0405,0x0605,0x0505,
   0x0606,0x0707,0x0707,0x0708,0x0808,0x0909,0x0808,0x0909,0x0909,0x0909,
   0x0908,0x0808,0x0909,0x090A,0x0A0A,0x0A0A,0x0A0B,0x0B0A,0x0A0B,0x0B0C,
   0x0B0B,0x0C0C,0x0C0C,0x0D0E,0x0E0D,0x0D0D,0x0D0C,0x0B0B,0x0B0B,0x0B0A,
   0x0A0A,0x0A09,0x0909,0x0909,0x0808,0x0708,0x0707,0x0606,0x0605,0x0404,
   0x0404,0x0302,0x0201,0x0100,0xFFFF,0xFEFE,0xFEFD,0xFDFE,0xFEFE,0xFEFE,
   0xFEFE,0xFEFE,0xFEFE,0xFEFE,0xFEFE,0xFEFD,0xFDFC,0xFCFC,0xFCFC,0xFBFB,
   0xFAF9,0xF9F9,0xF8F8,0xF8F7,0xF8F8,0xF7F7,0xF8F8,0xF9F9,0xF9FA,0xFBFB,
   0xFBFB,0xFCFC,0xFCFC,0xFCFD,0xFDFD,0xFDFE,0xFEFF,0xFFFF,0xFFFF,0xFFFF,
   0xFFFF,0xFFFF,0xFFFF,0xFFFF,0xFFFF,0xFFFF,0xFFFF,0xFEFF,0xFFFF,0xFFFF,
   0xFFFF,0xFFFF,0xFFFF,0xFFFF,0xFFFF,0xFFFF,0xFF00,0xFF00,0x0000,0x0001,
   0x0102,0x0202,0x0303,0x0303,0x0303,0x0404,0x0403,0x0304,0x0505,0x0607,
   0x0708,0x0809,0x0A0A,0x0B0B,0x0B0B,0x0C0C,0x0C0C,0x0C0D,0x0D0D,0x0E0F,
   0x0F0E,0x0E0F,0x0F0E,0x0D0D,0x0E0E,0x0E0D,0x0E0E,0x0D0D,0x0E0F,0x0F0F,
   0x0F0F,0x0F0F,0x0F0F,0x0F0F,0x0F10,0x0F0F,0x0F0F,0x0F0E,0x0E0E,0x0D0D,
   0x0D0D,0x0C0C,0x0B0A,0x0A0A,0x0A09,0x0909,0x0908,0x0808,0x0808,0x0808,
   0x0809,0x0909,0x0909,0x0A0A,0x0909,0x0909,0x0909,0x090A,0x0A0A,0x0A09,
   0x0908,0x0807,0x0707,0x0606,0x0505,0x0404,0x0303,0x0203,0x0303,0x0202,
   0x0201,0x0101,0x0100,0x0000,0x0102,0x0203,0x0303,0x0505,0x0505,0x0505,
   0x0606,0x0607,0x0807,0x0707,0x0809,0x0909,0x0909,0x0A09,0x090A,0x0A09,
   0x0808,0x0809,0x0908,0x0809,0x0909,0x090A,0x0A09,0x0808,0x0808,0x0808,
   0x0808,0x0807,0x0707,0x0707,0x0605,0x0605,0x0403,0x0202,0x0201,0x0000,
   0xFFFF,0xFFFF,0xFEFE,0xFDFD,0xFCFC,0xFCFC,0xFBFB,0xFBFB,0xFBFB,0xFCFC,
   0xFBFB,0xFBFC,0xFCFC,0xFCFC,0xFCFC,0xFCFD,0xFDFD,0xFDFD,0xFDFD,0xFEFE,
   0xFEFE,0xFEFE,0xFEFE,0xFFFE,0xFEFE,0xFEFE,0xFFFF,0xFFFF,0xFFFF,0xFFFF,
   0xFFFF,0xFFFF,0xFFFF,0xFFFF,0xFFFF,0xFFFF,0xFF00,0x0000,0x0000,0x0101,
   0x0101,0x0202,0x0303,0x0405,0x0505,0x0504,0x0405,0x0504,0x0404,0x0403,
   0x0202,0x0202,0x0202,0x0203,0x0202,0x0100,0x0101,0x0001,0x0101,0x0000,
   0x0000,0x00FF,0xFFFF,0xFFFF,0xFFFF,0xFEFE,0xFEFE,0xFDFD,0xFDFD,0xFDFD,
   0xFDFD,0xFCFC,0xFBFB,0xFBFB,0xFAF9,0xFAFA,0xF9FA,0xFAFA,0xF9F8,0xF9F9,
   0xF9F8,0xF8F8,0xF8F8,0xF8F8,0xF8F8,0xF7F7,0xF7F8,0xF9F8,0xF8F8,0xF9F9,
   0xFAFA,0xFBFB,0xFCFC,0xFCFE,0xFFFF,0xFFFF,0xFF00,0x0001,0x0102,0x0201,
   0x0202,0x0304,0x0403,0x0304,0x0506,0x0707,0x0707,0x0708,0x0809,0x0909,
   0x0809,0x090A,0x0A0B,0x0B0B,0x0B0B,0x0C0C,0x0D0D,0x0D0E,0x0E0E,0x0E0F,
   0x0F0E,0x0D0D,0x0D0D,0x0D0C,0x0B0B,0x0B0A,0x0908,0x0908,0x0807,0x0706,
   0x0605,0x0404,0x0303,0x0302,0x0303,0x0303,0x0304,0x0405,0x0404,0x0405,
   0x0404,0x0404,0x0403,0x0202,0x0202,0x0202,0x0202,0x0201,0x0100,0x00FF,
   0xFFFE,0xFEFD,0xFDFD,0xFCFB,0xFAFA,0xFAFA,0xFAFA,0xFAF9,0xF9F9,0xF9F8,
   0xF7F7,0xF7F6,0xF6F6,0xF6F6,0xF6F6,0xF6F6,0xF7F7,0xF7F8,0xF8F8,0xF9F9,
   0xFAFA,0xFAFA,0xFAFA,0xFBFB,0xFBFB,0xFBFA,0xFAFA,0xFAFA,0xFAFA,0xFAFA,
   0xFBFA,0xFAFA,0xFBFC,0xFCFC,0xFCFC,0xFCFD,0xFDFD,0xFEFF,0xFFFF,0xFF00,
   0xFF00,0x0001,0x0101,0x0102,0x0202,0x0202,0x0203,0x0304,0x0404,0x0404,
   0x0404,0x0404,0x0404,0x0404,0x0405,0x0505,0x0505,0x0505,0x0505,0x0606,
   0x0505,0x0506,0x0505,0x0606,0x0707,0x0808,0x090A,0x0909,0x0A0A,0x0A0A,
   0x090A,0x0A09,0x0A0A,0x0A0A,0x0909,0x0909,0x0909,0x0909,0x0909,0x0808,
   0x0807,0x0706,0x0607,0x0706,0x0606,0x0605,0x0505,0x0505,0x0504,0x0404,
   0x0404,0x0404,0x0404,0x0404,0x0404,0x0403,0x0303,0x0404,0x0303,0x0304,
   0x0404,0x0404,0x0404,0x0303,0x0303,0x0303,0x0404,0x0404,0x0404,0x0404,
   0x0303,0x0303,0x0302,0x0202,0x0201,0x0102,0x0202,0x0303,0x0303,0x0404,
   0x0404,0x0505,0x0505,0x0606,0x0605,0x0504,0x0404,0x0303,0x0304,0x0403,
   0x0303,0x0202,0x0202,0x0100,0x0000,0x0001,0x0101,0x0000,0x0000,0x0101,
   0x0101,0x0000,0x0000,0x0100,0x00FF,0xFFFF,0x0000,0x0101,0x0000,0x0001,
   0x0101,0x0101,0x0100,0x0000,0x0000,0x0000,0x0000,0x0101,0x0000,0x0000,
   0xFFFF,0xFFFF,0xFFFE,0xFEFE,0xFFFF,0xFFFE,0xFEFE,0xFEFE,0xFEFF,0xFFFF,
   0xFEFD,0xFDFD,0xFDFC,0xFBFB,0xFBFB,0xFBFA,0xFAFA,0xF9F9,0xF9F8,0xF7F7,
   0xF7F7,0xF7F7,0xF7F6,0xF7F7,0xF7F7,0xF7F7,0xF8F7,0xF7F7,0xF7F6,0xF5F5,
   0xF5F5,0xF5F4,0xF4F4,0xF4F4,0xF4F4,0xF4F4,0xF3F3,0xF3F4,0xF4F4,0xF5F5,
   0xF6F6,0xF6F7,0xF7F8,0xF8F8,0xF8F8,0xF8F8,0xF8F8,0xF9F9,0xFAFA,0xFBFB,
   0xFCFD,0xFEFE,0xFFFF,0xFFFF,0xFFFF,0xFF00,0x0000,0x0102,0x0203,0x0405,
   0x0505,0x0608,0x0807,0x0707,0x0808,0x090A,0x0A0B,0x0C0C,0x0D0E,0x0F0F,
   0x0F0F,0x0F10,0x1010,0x1111,0x1111,0x1112,0x1313,0x1313,0x1314,0x1414,
   0x1414,0x1414,0x1415,0x1515,0x1515,0x1515,0x1515,0x1415,0x1514,0x1313,
   0x1313,0x1212,0x1211,0x1010,0x0F10,0x0F0F,0x0E0E,0x0E0D,0x0C0B,0x0A0A,
   0x0908,0x0707,0x0707,0x0605,0x0505,0x0404,0x0404,0x0404,0x0404,0x0404,
   0x0404,0x0304,0x0404,0x0303,0x0302,0x0202,0x0202,0x0101,0x0000,0x0000,
   0x00FF,0xFFFF,0xFFFF,0xFFFF,0xFFFF,0xFFFF,0xFFFF,0xFFFE,0xFEFE,0xFEFE,
   0xFEFE,0xFEFE,0xFEFD,0xFEFE,0xFEFD,0xFDFD,0xFEFE,0xFFFE,0xFFFF,0xFFFF,
   0xFFFF,0xFFFF,0xFF00,0x0001,0x0101,0x0102,0x0202,0x0304,0x0404,0x0404,
   0x0505,0x0505,0x0506,0x0606,0x0606,0x0606,0x0606,0x0708,0x0707,0x0808,
   0x0808,0x0707,0x0707,0x0707,0x0707,0x0707,0x0707,0x0707,0x0707,0x0707,
   0x0706,0x0606,0x0504,0x0404,0x0403,0x0303,0x0303,0x0303,0x0303,0x0302,
   0x0201,0x0202,0x0101,0x0000,0x0000,0x0000,0x0000,0x0000,0x0000,0x00FF,
   0xFFFF,0xFFFF,0xFEFE,0xFEFE,0xFDFD,0xFDFE,0xFEFE,0xFDFD,0xFDFD,0xFCFC,
   0xFCFC,0xFBFB,0xFAFA,0xFAF9,0xF9F9,0xF9F9,0xF9F8,0xF8F8,0xF8F7,0xF6F6,
   0xF6F7,0xF7F7,0xF7F8,0xF8F7,0xF8F8,0xF9F9,0xF9FA,0xFAFA,0xFAFA,0xFBFB,
   0xFCFC,0xFCFD,0xFEFE,0xFEFE,0xFFFF,0xFFFF,0xFFFF,0xFFFF,0xFF00,0x0001,
   0x0101,0x0202,0x0303,0x0304,0x0505,0x0505,0x0606,0x0606,0x0707,0x0707,
   0x0707,0x0707,0x0606,0x0607,0x0707,0x0708,0x0808,0x0909,0x0909,0x0909,
   0x090A,0x0A0A,0x0A0A,0x0A09,0x0909,0x0909,0x0908,0x0808,0x0807,0x0707,
   0x0707,0x0606,0x0606,0x0606,0x0606,0x0607,0x0606,0x0707,0x0707,0x0708,
   0x0808,0x0808,0x0808,0x0808,0x0807,0x0707,0x0606,0x0606,0x0505,0x0404,
   0x0504,0x0302,0x0201,0x0101,0x00FF,0xFFFE,0xFDFD,0xFDFC,0xFBFA,0xF9F8,
   0xF7F7,0xF6F6,0xF5F5,0xF4F4,0xF4F3,0xF3F2,0xF2F2,0xF2F2,0xF2F3,0xF3F2,
   0xF3F3,0xF4F4,0xF4F4,0xF4F5,0xF5F5,0xF6F7,0xF7F7,0xF8F8,0xF9F9,0xF9FA,
   0xFAFB,0xFBFB,0xFBFC,0xFCFC,0xFDFD,0xFEFF,0xFFFF,0xFF00,0x0001,0x0102,
   0x0303,0x0404,0x0506,0x0607,0x0707,0x0808,0x0909,0x0A0B,0x0B0C,0x0C0E,
   0x0F0F,0x1011,0x1212,0x1313,0x1313,0x1313,0x1313,0x1413,0x1313,0x1313,
   0x1313,0x1313,0x1312,0x1211,0x1111,0x1111,0x1111,0x1111,0x1112,0x1111,
   0x1111,0x1111,0x1110,0x0F0F,0x0E0E,0x0D0D,0x0C0C,0x0B0B,0x0B0B,0x0A0A,
   0x0909,0x0908,0x0706,0x0505,0x0504,0x0404,0x0505,0x0404,0x0404,0x0404,
   0x0404,0x0303,0x0203,0x0201,0x0000,0xFF00,0xFFFF,0xFFFF,0xFFFE,0xFEFE,
   0xFEFE,0xFEFE,0xFEFE,0xFEFE,0xFEFE,0xFEFE,0xFEFE,0xFEFD,0xFCFB,0xFBFA,
   0xFAF9,0xF9F9,0xFAFA,0xF9FA,0xFBFB,0xFCFC,0xFCFD,0xFDFD,0xFDFD,0xFDFE,
   0xFDFE,0xFEFE,0xFEFE,0xFEFF,0xFFFF,0xFF00,0x0000,0x0000,0x0101,0x0202,
   0x0202,0x0303,0x0404,0x0505,0x0606,0x0606,0x0707,0x0606,0x0707,0x0607,
   0x0707,0x0606,0x0606,0x0606,0x0605,0x0505,0x0606,0x0607,0x0807,0x0706,
   0x090A,0x0A0A,0x0A0A,0x0909,0x090A,0x0A09,0x0808,0x0808,0x0706,0x0605,
   0x0505,0x0505,0x0403,0x0303,0x0303,0x0302,0x0202,0x0201,0x0102,0x0101,
   0x0101,0x0100,0x0000,0x00FF,0xFFFF,0xFFFE,0xFDFD,0xFDFD,0xFCFC,0xFBFA,
   0xFAFB,0xFBFB,0xFBFA,0xF8F8,0xF8F8,0xF8F9,0xF9FA,0xF9FA,0xFAF9,0xF9F9,
   0xF9F9,0xFAFB,0xFBFB,0xFBFB,0xFCFC,0xFCFD,0xFEFF,0xFFFF,0x0000,0x0102,
   0x0102,0x0202,0x0203,0x0304,0x0303,0x0303,0x0304,0x0404,0x0404,0x0504,
   0x0405,0x0505,0x0607,0x0708,0x0809,0x0A0A,0x0B0C,0x0D0D,0x0D0D,0x0D0E,
   0x0D0E,0x0E0E,0x0D0D,0x0C0C,0x0D0D,0x0D0D,0x0D0C,0x0C0B,0x0C0D,0x0D0D,
   0x0D0D,0x0D0E,0x0E0E,0x0E0E,0x0E0F,0x0F0E,0x0E0F,0x0F0E,0x0E0E,0x0F0F,
   0x0F0F,0x0E0F,0x0F0E,0x0E0F,0x0F0F,0x0E0E,0x0E0E,0x0E0E,0x0E0E,0x0D0D,
   0x0D0C,0x0C0B,0x0A09,0x0909,0x0909,0x0808,0x0807,0x0606,0x0606,0x0605,
   0x0606,0x0605,0x0606,0x0606,0x0505,0x0606,0x0606,0x0606,0x0605,0x0506,
   0x0505,0x0402,0x0304,0x0201,0x0101,0x0100,0xFF00,0x0100,0xFF00,0x0001,
   0x0100,0x00FF,0x00FF,0xFFFF,0x0101,0x0000,0xFF00,0x00FF,0xFFFF,0xFFFE,
   0xFFFF,0xFFFD,0xFDFD,0xFEFE,0xFFFF,0xFFFF,0x0001,0x0101,0x0302,0x0101,
   0x0203,0x0202,0x0202,0x0202,0x0101,0x0202,0x0202,0x0202,0x0000,0x0001,
   0xFF00,0x0101,0x0000,0x0101,0x0102,0x0201,0x0203,0x0201,0x0102,0x0200,
   0x0001,0x00FF,0xFFFF,0xFFFE,0xFFFF,0xFEFE,0xFEFE,0xFCFD,0xFEFD,0xFDFE,
   0xFEFD,0xFCFD,0xFDFC,0xFDFD,0xFCFC,0xFCFB,0xFAFA,0xFAF9,0xF7F7,0xF7F7,
   0xF7F7,0xF7F7,0xF8F8,0xF8F8,0xF8F9,0xF9FA,0xFBFB,0xFBFB,0xFCFB,0xFBFC,
   0xFBFB,0xFBFB,0xFBFA,0xFAFA,0xFAFA,0xFAFA,0xF8F9,0xF9FA,0xFAFA,0xFAFC,
   0xFCFD,0xFFFF,0xFDFC,0xFDFF,0xFF00,0x0000,0x00FF,0xFFFF,0x0000,0x0000,
   0x0001,0x0201,0x0100,0x0102,0x0202,0x0304,0x0506,0x0607,0x0808,0x0808,
   0x090A,0x0A0A,0x0A0A,0x0B0B,0x0B0B,0x0B0C,0x0B09,0x0A0C,0x0C0C,0x0B0B,
   0x0B0B,0x0B0B,0x0C0C,0x0C0C,0x0D0E,0x0F0E,0x0D0E,0x0F0E,0x0E0E,0x0D0E,
   0x0E0D,0x0E0D,0x0C0C,0x0B0B,0x0C0C,0x0B0B,0x0A0A,0x0A0A,0x0B0A,0x0A0A,
   0x0A09,0x0A0B,0x0909,0x0909,0x0807,0x0808,0x0708,0x0705,0x0505,0x0404,
   0x0303,0x0303,0x0101,0x0201,0x0000,0x0000,0x0000,0x00FF,0x0001,0x0000,
   0x0001,0x0100,0x0000,0x0000,0x00FF,0xFFFF,0xFFFF,0xFEFE,0xFEFE,0xFEFF,
   0xFFFF,0xFFFF,0x0000,0x0001,0x0100,0x0101,0x0202,0x0303,0x0100,0x0000,
   0x0001,0x0100,0x0000,0x0100,0x0102,0x0201,0x0102,0x0303,0x0303,0x0303,
   0x0304,0x0304,0x0404,0x0404,0x0404,0x0303,0x0302,0x0000,0x0101,0x0000,
   0x00FF,0xFFFF,0x00FF,0x0000,0x0101,0x0102,0x0302,0x0303,0x0303,0x0405,
   0x0402,0x0303,0x0100,0x0101,0xFFFF,0xFFFF,0xFFFF,0xFFFF,0xFEFE,0xFEFD,
   0xFEFF,0xFFFF,0xFFFF,0x00FF,0xFF00,0x0000,0x0000,0x0000,0x0000,0x00FF,
   0xFFFF,0xFEFE,0xFEFD,0xFDFD,0xFDFD,0xFEFE,0xFEFD,0xFDFD,0xFDFD,0xFEFF,
   0xFEFE,0xFEFE,0xFDFD,0xFDFD,0xFDFD,0xFCFB,0xFBFC,0xFCFB,0xFBFC,0xFCFB,
   0xFCFD,0xFDFD,0xFDFD,0xFEFF,0xFFFF,0xFFFF,0x0000,0x0000,0x0000,0x0000,
   0x0000,0xFFFF,0xFFFF,0xFFFF,0xFFFE,0xFEFE,0xFFFF,0xFEFF,0xFFFF,0xFFFF,
   0x0000,0x00FF,0x0000,0x0001,0x0100,0x0101,0x0101,0x0000,0x0000,0x00FF,
   0xFFFF,0xFFFF,0xFFFF,0x0000,0x0000,0x0102,0x0202,0x0203,0x0202,0x0303,
   0x0405,0x0404,0x0404,0x0505,0x0505,0x0404,0x0404,0x0403,0x0302,0x0202,
   0x0201,0x0101,0x0101,0x0001,0x0201,0x0101,0x0102,0x0101,0x0000,0x0000,
   0xFFFF,0x0000,0xFFFF,0xFFFF,0xFF00,0x00FF,0x00FF,0xFF00,0x0000,0x0000,
   0x0001,0x0101,0x0101,0x0101,0x0102,0x0202,0x0202,0x0101,0x0102,0x0101,
   0x0101,0x0101,0x0102,0x0203,0x0304,0x0505,0x0505,0x0505,0x0607,0x0707,
   0x0707,0x0706,0x0606,0x0504,0x0404,0x0505,0x0404,0x0403,0x0304,0x0405,
   0x0506,0x0505,0x0607,0x0707,0x0808,0x0808,0x0909,0x0909,0x0908,0x0808,
   0x0808,0x0707,0x0606,0x0506,0x0708,0x0707,0x0707,0x0808,0x0808,0x0708,
   0x0807,0x0807,0x0706,0x0607,0x0707,0x0606,0x0605,0x0403,0x0403,0x0303,
   0x0303,0x0303,0x0303,0x0304,0x0404,0x0405,0x0504,0x0404,0x0404,0x0303,
   0x0302,0x0201,0x00FF,0xFFFF,0xFFFE,0xFEFE,0xFDFD,0xFDFD,0xFDFD,0xFDFE,
   0xFDFE,0xFEFD,0xFDFD,0xFDFD,0xFDFE,0xFFFF,0xFEFE,0xFEFE,0xFEFE,0xFFFF,
   0xFFFF,0xFFFE,0xFEFE,0xFEFE,0xFEFF,0xFFFF,0xFF00,0x00FF,0x0000,0x0101,
   0x0101,0x0101,0x0101,0x0001,0x0202,0x0102,0x0101,0x0100,0x0000,0x0101,
   0x0101,0x0102,0x0202,0x0304,0x0403,0x0404,0x0505,0x0405,0x0505,0x0605,
   0x0505,0x0504,0x0404,0x0505,0x0404,0x0506,0x0606,0x0606,0x0708,0x0808,
   0x0808,0x0808,0x0809,0x090A,0x0A0A,0x0A0B,0x0B0B,0x0A0A,0x0A09,0x0909,
   0x0909,0x0808,0x0807,0x0707,0x0707,0x0808,0x0708,0x0808,0x0808,0x0808,
   0x0807,0x0707,0x0706,0x0606,0x0606,0x0505,0x0404,0x0404,0x0303,0x0303,
   0x0202,0x0202,0x0101,0x0102,0x0202,0x0202,0x0202,0x0202,0x0203,0x0201,
   0x0102,0x0201,0x0000,0x0000,0xFFFF,0xFFFF,0xFFFF,0xFEFE,0xFEFE,0xFEFD,
   0xFEFE,0xFEFD,0xFDFD,0xFDFD,0xFDFD,0xFDFD,0xFCFC,0xFCFC,0xFCFC,0xFCFC,
   0xFCFC,0xFCFC,0xFCFD,0xFDFE,0xFEFF,0xFFFF,0xFFFF,0xFF00,0xFF00,0x0000,
   0x0101,0x0000,0x0000,0xFFFF,0xFF00,0x0000,0xFFFF,0x00FF,0xFF00,0x0000,
   0x0100,0x0001,0x0000,0x0000,0x0101,0x0100,0x0000,0x0000,0x0000,0x0000,
   0xFF00,0x00FF,0xFFFF,0xFFFF,0xFF00,0x0000,0x0001,0x0101,0x0202,0x0202,
   0x0303,0x0303,0x0303,0x0304,0x0404,0x0404,0x0404,0x0304,0x0404,0x0303,
   0x0304,0x0404,0x0404,0x0404,0x0303,0x0404,0x0303,0x0404,0x0303,0x0303,
   0x0303,0x0303,0x0303,0x0303,0x0203,0x0303,0x0303,0x0303,0x0303,0x0304,
   0x0404,0x0505,0x0505,0x0404,0x0404,0x0405,0x0404,0x0403,0x0302,0x0303,
   0x0302,0x0202,0x0202,0x0303,0x0304,0x0304,0x0404,0x0404,0x0304,0x0404,
   0x0404,0x0404,0x0404,0x0404,0x0404,0x0303,0x0302,0x0202,0x0102,0x0202,
   0x0202,0x0303,0x0303,0x0404,0x0505,0x0505,0x0506,0x0606,0x0607,0x0707,
   0x0708,0x0808,0x0808,0x0808,0x0707,0x0807,0x0706,0x0607,0x0707,0x0707,
   0x0707,0x0606,0x0606,0x0606,0x0505,0x0505,0x0504,0x0404,0x0403,0x0303,
   0x0404,0x0303,0x0304,0x0404,0x0405,0x0505,0x0505,0x0606,0x0606,0x0606,
   0x0606,0x0606,0x0605,0x0505,0x0505,0x0505,0x0404,0x0404,0x0405,0x0404,
   0x0304,0x0403,0x0304,0x0403,0x0304,0x0303,0x0303,0x0201,0x0202,0x0201,
   0x0101,0x0000,0x0000,0x0000,0xFF00,0x0000,0x0000,0x0000,0x0000,0x0000,
   0x0000,0x0000,0x0000,0x0100,0x0000,0x00FF,0xFFFF,0xFFFF,0x00FF,0xFFFF,
   0xFFFF,0xFFFF,0xFFFF,0x00FF,0x0000,0x00FF,0xFFFF,0xFFFF,0xFFFF,0xFFFF,
   0xFFFF,0xFFFF,0xFFFF,0xFFFE,0xFEFE,0xFEFE,0xFEFE,0xFEFF,0xFFFF,0xFF00,
   0x0000,0x0001,0x0100,0x0001,0x0101,0x0001,0x0101,0x0000,0x0000,0xFFFF,
   0xFF00,0x00FF,0xFFFF,0xFFFF,0xFFFF,0xFFFF,0xFFFF,0xFFFF,0x0000,0xFFFF,
   0xFFFF,0xFFFF,0xFFFF,0xFFFF,0xFFFF,0x0000,0xFFFF,0xFFFF,0xFF00,0x0000,
   0x0000,0x0001,0x0102,0x0303,0x0304,0x0505,0x0505,0x0505,0x0505,0x0606,
   0x0505,0x0404,0x0303,0x0303,0x0303,0x0303,0x0202,0x0303,0x0303,0x0404,
   0x0404,0x0404,0x0405,0x0506,0x0606,0x0606,0x0606,0x0605,0x0505,0x0505,
   0x0504,0x0504,0x0404,0x0404,0x0505,0x0505,0x0606,0x0606,0x0606,0x0606,
   0x0607,0x0707,0x0707,0x0808,0x0808,0x0808,0x0808,0x0708,0x0808,0x0707,
   0x0808,0x0808,0x0808,0x0808,0x0807,0x0707,0x0706,0x0607,0x0707,0x0606,
   0x0606,0x0606,0x0606,0x0606,0x0506,0x0707,0x0707,0x0707,0x0707,0x0808,
   0x0908,0x0808,0x0808,0x0807,0x0707,0x0707,0x0707,0x0706,0x0605,0x0505,
   0x0504,0x0404,0x0404,0x0404,0x0404,0x0404,0x0404,0x0404,0x0404,0x0404,
   0x0404,0x0404,0x0404,0x0404,0x0404,0x0404,0x0505,0x0505,0x0606,0x0607,
   0x0707,0x0707,0x0707,0x0707,0x0707,0x0707,0x0707,0x0707,0x0706,0x0606,
   0x0505,0x0504,0x0404,0x0404,0x0404,0x0404,0x0403,0x0304,0x0303,0x0302,
   0x0202,0x0202,0x0202,0x0101,0x0101,0x0101,0x0000,0x0000,0x0000,0x0000,
   0x00FF,0x0000,0x0000,0x0001,0x0102,0x0202,0x0202,0x0202,0x0202,0x0202,
   0x0202,0x0202,0x0101,0x0101,0x0101,0x0000,0x0001,0x0000,0x0000,0xFF00,
   0x0000,0x0000,0x0000,0x0000,0x0000,0x0000,0x0000,0x0000,0x0000,0x00FF,
   0x0000,0x00FF,0xFF00,0xFF00,0x0000,0x0000,0x0000,0x0001,0x0101,0x0101,
   0x0202,0x0303,0x0303,0x0302,0x0202,0x0202,0x0101,0x0101,0x0000,0x0000,
   0x0000,0x0000,0x0000,0x0000,0x0000,0x0000,0x0000,0x0000,0xFFFF,0xFFFF,
   0xFFFF,0xFEFE,0xFEFE,0xFDFD,0xFDFE,0xFEFE,0xFEFE,0xFFFF,0xFFFF,0xFFFF,
   0xFFFF,0xFFFF,0xFFFF,0xFF00,0x0000,0x0001,0x0101,0x0000,0x0000,0xFFFF,
   0xFFFF,0xFFFF,0xFFFF,0xFFFF,0xFF00,0x0000,0x0000,0x0000,0x0100,0x0000,
   0x0101,0x0101,0x0102,0x0202,0x0203,0x0303,0x0303,0x0304,0x0404,0x0404,
   0x0404,0x0404,0x0505,0x0505,0x0505,0x0505,0x0505,0x0505,0x0504,0x0404,
   0x0404,0x0404,0x0404,0x0303,0x0303,0x0202,0x0202,0x0202,0x0201,0x0101,
   0x0101,0x0101,0x0100,0x00FF,0xFFFF,0xFFFF,0xFFFE,0xFEFE,0xFEFE,0xFEFD,
   0xFDFE,0xFEFE,0xFEFE,0xFFFF,0xFFFF,0xFFFF,0x0000,0x0000,0x0001,0x0102,
   0x0202,0x0202,0x0202,0x0202,0x0101,0x0202,0x0202,0x0202,0x0202,0x0202,
   0x0202,0x0101,0x0202,0x0202,0x0102,0x0202,0x0101,0x0101,0x0101,0x0101,
   0x0101,0x0101,0x0102,0x0202,0x0203,0x0404,0x0404,0x0404,0x0405,0x0505,
   0x0505,0x0506,0x0606,0x0505,0x0505,0x0505,0x0404,0x0404,0x0404,0x0404,
   0x0303,0x0303
}
;


